
/home/ric/Scrivania/PicoW-Robotic-Arm/src/src/PICO_FREERTOS_ROBOTIC_ARM.elf:     file format elf32-littlearm

Sections:
Idx Name          Size      VMA       LMA       File off  Algn
  0 .boot2        00000100  10000000  10000000  00001000  2**0
                  CONTENTS, ALLOC, LOAD, READONLY, CODE
  1 .text         00007724  10000100  10000100  00001100  2**4
                  CONTENTS, ALLOC, LOAD, READONLY, CODE
  2 .rodata       00000504  10007824  10007824  00008824  2**2
                  CONTENTS, ALLOC, LOAD, READONLY, DATA
  3 .binary_info  00000020  10007d28  10007d28  00008d28  2**2
                  CONTENTS, ALLOC, LOAD, READONLY, DATA
  4 .ram_vector_table 000000c0  20000000  20000000  0000b000  2**2
                  ALLOC
  5 .uninitialized_data 00000000  200000c0  200000c0  0000a078  2**0
                  CONTENTS
  6 .data         00000fb8  200000c0  10007d48  000090c0  2**4
                  CONTENTS, ALLOC, LOAD, READONLY, CODE
  7 .tdata        00000000  20001078  20001078  0000a078  2**0
                  CONTENTS, ALLOC, LOAD, DATA, THREAD_LOCAL
  8 .tbss         00000000  20001078  20001078  00000000  2**0
                  ALLOC, THREAD_LOCAL
  9 .bss          000214d0  20001078  10008d00  0000a078  2**3
                  ALLOC
 10 .heap         00000800  20022548  10008d00  0000a548  2**2
                  ALLOC, READONLY
 11 .scratch_x    00000000  20040000  20040000  0000a078  2**0
                  CONTENTS
 12 .scratch_y    00000000  20041000  20041000  0000a078  2**0
                  CONTENTS
 13 .stack1_dummy 00000800  20040000  20040000  0000b000  2**2
                  ALLOC
 14 .stack_dummy  00000800  20041000  20041000  0000b000  2**5
                  ALLOC, READONLY
 15 .ARM.attributes 00000028  00000000  00000000  0000a078  2**0
                  CONTENTS, READONLY
 16 .comment      00000026  00000000  00000000  0000a0a0  2**0
                  CONTENTS, READONLY
 17 .debug_info   00043aa0  00000000  00000000  0000a0c6  2**0
                  CONTENTS, READONLY, DEBUGGING, OCTETS
 18 .debug_abbrev 0000bd02  00000000  00000000  0004db66  2**0
                  CONTENTS, READONLY, DEBUGGING, OCTETS
 19 .debug_loclists 0002747d  00000000  00000000  00059868  2**0
                  CONTENTS, READONLY, DEBUGGING, OCTETS
 20 .debug_aranges 00001f58  00000000  00000000  00080ce8  2**3
                  CONTENTS, READONLY, DEBUGGING, OCTETS
 21 .debug_rnglists 00005afa  00000000  00000000  00082c40  2**0
                  CONTENTS, READONLY, DEBUGGING, OCTETS
 22 .debug_line   00033040  00000000  00000000  0008873a  2**0
                  CONTENTS, READONLY, DEBUGGING, OCTETS
 23 .debug_str    0000c5d9  00000000  00000000  000bb77a  2**0
                  CONTENTS, READONLY, DEBUGGING, OCTETS
 24 .debug_frame  00004a50  00000000  00000000  000c7d54  2**2
                  CONTENTS, READONLY, DEBUGGING, OCTETS
 25 .debug_line_str 00000382  00000000  00000000  000cc7a4  2**0
                  CONTENTS, READONLY, DEBUGGING, OCTETS

/home/ric/Scrivania/PicoW-Robotic-Arm/src/src/PICO_FREERTOS_ROBOTIC_ARM.elf:     file format elf32-littlearm


Disassembly of section .boot2:

10000000 <__boot2_start__>:
10000000:	4b32b500 	.word	0x4b32b500
10000004:	60582021 	.word	0x60582021
10000008:	21026898 	.word	0x21026898
1000000c:	60984388 	.word	0x60984388
10000010:	611860d8 	.word	0x611860d8
10000014:	4b2e6158 	.word	0x4b2e6158
10000018:	60992100 	.word	0x60992100
1000001c:	61592102 	.word	0x61592102
10000020:	22f02101 	.word	0x22f02101
10000024:	492b5099 	.word	0x492b5099
10000028:	21016019 	.word	0x21016019
1000002c:	20356099 	.word	0x20356099
10000030:	f844f000 	.word	0xf844f000
10000034:	42902202 	.word	0x42902202
10000038:	2106d014 	.word	0x2106d014
1000003c:	f0006619 	.word	0xf0006619
10000040:	6e19f834 	.word	0x6e19f834
10000044:	66192101 	.word	0x66192101
10000048:	66182000 	.word	0x66182000
1000004c:	f000661a 	.word	0xf000661a
10000050:	6e19f82c 	.word	0x6e19f82c
10000054:	6e196e19 	.word	0x6e196e19
10000058:	f0002005 	.word	0xf0002005
1000005c:	2101f82f 	.word	0x2101f82f
10000060:	d1f94208 	.word	0xd1f94208
10000064:	60992100 	.word	0x60992100
10000068:	6019491b 	.word	0x6019491b
1000006c:	60592100 	.word	0x60592100
10000070:	481b491a 	.word	0x481b491a
10000074:	21016001 	.word	0x21016001
10000078:	21eb6099 	.word	0x21eb6099
1000007c:	21a06619 	.word	0x21a06619
10000080:	f0006619 	.word	0xf0006619
10000084:	2100f812 	.word	0x2100f812
10000088:	49166099 	.word	0x49166099
1000008c:	60014814 	.word	0x60014814
10000090:	60992101 	.word	0x60992101
10000094:	2800bc01 	.word	0x2800bc01
10000098:	4700d000 	.word	0x4700d000
1000009c:	49134812 	.word	0x49134812
100000a0:	c8036008 	.word	0xc8036008
100000a4:	8808f380 	.word	0x8808f380
100000a8:	b5034708 	.word	0xb5034708
100000ac:	20046a99 	.word	0x20046a99
100000b0:	d0fb4201 	.word	0xd0fb4201
100000b4:	42012001 	.word	0x42012001
100000b8:	bd03d1f8 	.word	0xbd03d1f8
100000bc:	6618b502 	.word	0x6618b502
100000c0:	f7ff6618 	.word	0xf7ff6618
100000c4:	6e18fff2 	.word	0x6e18fff2
100000c8:	bd026e18 	.word	0xbd026e18
100000cc:	40020000 	.word	0x40020000
100000d0:	18000000 	.word	0x18000000
100000d4:	00070000 	.word	0x00070000
100000d8:	005f0300 	.word	0x005f0300
100000dc:	00002221 	.word	0x00002221
100000e0:	180000f4 	.word	0x180000f4
100000e4:	a0002022 	.word	0xa0002022
100000e8:	10000100 	.word	0x10000100
100000ec:	e000ed08 	.word	0xe000ed08
	...
100000fc:	7a4eb274 	.word	0x7a4eb274

Disassembly of section .text:

10000100 <__VECTOR_TABLE>:
10000100:	20042000 	.word	0x20042000
10000104:	100001f7 	.word	0x100001f7
10000108:	100001cb 	.word	0x100001cb
1000010c:	100001cd 	.word	0x100001cd
10000110:	100001c9 	.word	0x100001c9
10000114:	100001c9 	.word	0x100001c9
10000118:	100001c9 	.word	0x100001c9
1000011c:	100001c9 	.word	0x100001c9
10000120:	100001c9 	.word	0x100001c9
10000124:	100001c9 	.word	0x100001c9
10000128:	100001c9 	.word	0x100001c9
1000012c:	100001cf 	.word	0x100001cf
10000130:	100001c9 	.word	0x100001c9
10000134:	100001c9 	.word	0x100001c9
10000138:	100001d1 	.word	0x100001d1
1000013c:	100001d3 	.word	0x100001d3
10000140:	100001c1 	.word	0x100001c1
10000144:	100001c1 	.word	0x100001c1
10000148:	100001c1 	.word	0x100001c1
1000014c:	100001c1 	.word	0x100001c1
10000150:	100001c1 	.word	0x100001c1
10000154:	100001c1 	.word	0x100001c1
10000158:	100001c1 	.word	0x100001c1
1000015c:	100001c1 	.word	0x100001c1
10000160:	100001c1 	.word	0x100001c1
10000164:	100001c1 	.word	0x100001c1
10000168:	100001c1 	.word	0x100001c1
1000016c:	100001c1 	.word	0x100001c1
10000170:	100001c1 	.word	0x100001c1
10000174:	100001c1 	.word	0x100001c1
10000178:	100001c1 	.word	0x100001c1
1000017c:	100001c1 	.word	0x100001c1
10000180:	100001c1 	.word	0x100001c1
10000184:	100001c1 	.word	0x100001c1
10000188:	100001c1 	.word	0x100001c1
1000018c:	100001c1 	.word	0x100001c1
10000190:	100001c1 	.word	0x100001c1
10000194:	100001c1 	.word	0x100001c1
10000198:	100001c1 	.word	0x100001c1
1000019c:	100001c1 	.word	0x100001c1
100001a0:	100001c1 	.word	0x100001c1
100001a4:	100001c1 	.word	0x100001c1
100001a8:	100001c1 	.word	0x100001c1
100001ac:	100001c1 	.word	0x100001c1
100001b0:	100001c1 	.word	0x100001c1
100001b4:	100001c1 	.word	0x100001c1
100001b8:	100001c1 	.word	0x100001c1
100001bc:	100001c1 	.word	0x100001c1

100001c0 <__unhandled_user_irq>:
100001c0:	f3ef 8005 	mrs	r0, IPSR
100001c4:	3810      	subs	r0, #16

100001c6 <unhandled_user_irq_num_in_r0>:
100001c6:	be00      	bkpt	0x0000

100001c8 <isr_invalid>:
100001c8:	be00      	bkpt	0x0000

100001ca <isr_nmi>:
100001ca:	be00      	bkpt	0x0000

100001cc <isr_hardfault>:
100001cc:	be00      	bkpt	0x0000

100001ce <isr_svcall>:
100001ce:	be00      	bkpt	0x0000

100001d0 <isr_pendsv>:
100001d0:	be00      	bkpt	0x0000

100001d2 <isr_systick>:
100001d2:	be00      	bkpt	0x0000

100001d4 <__default_isrs_end>:
100001d4:	7188ebf2 	.word	0x7188ebf2
100001d8:	10007d28 	.word	0x10007d28
100001dc:	10007d48 	.word	0x10007d48
100001e0:	10000238 	.word	0x10000238
100001e4:	e71aa390 	.word	0xe71aa390

100001e8 <_entry_point>:
100001e8:	481e      	ldr	r0, [pc, #120]	@ (10000264 <data_cpy_table+0x2c>)

100001ea <_enter_vtable_in_r0>:
100001ea:	491f      	ldr	r1, [pc, #124]	@ (10000268 <data_cpy_table+0x30>)
100001ec:	6008      	str	r0, [r1, #0]
100001ee:	c806      	ldmia	r0!, {r1, r2}
100001f0:	f381 8808 	msr	MSP, r1
100001f4:	4710      	bx	r2

100001f6 <_reset_handler>:
100001f6:	481d      	ldr	r0, [pc, #116]	@ (1000026c <data_cpy_table+0x34>)
100001f8:	6800      	ldr	r0, [r0, #0]
100001fa:	2800      	cmp	r0, #0
100001fc:	d001      	beq.n	10000202 <hold_non_core0_in_bootrom+0x4>

100001fe <hold_non_core0_in_bootrom>:
100001fe:	4819      	ldr	r0, [pc, #100]	@ (10000264 <data_cpy_table+0x2c>)
10000200:	e7f3      	b.n	100001ea <_enter_vtable_in_r0>
10000202:	a40d      	add	r4, pc, #52	@ (adr r4, 10000238 <data_cpy_table>)
10000204:	cc0e      	ldmia	r4!, {r1, r2, r3}
10000206:	2900      	cmp	r1, #0
10000208:	d002      	beq.n	10000210 <hold_non_core0_in_bootrom+0x12>
1000020a:	f000 f812 	bl	10000232 <data_cpy>
1000020e:	e7f9      	b.n	10000204 <hold_non_core0_in_bootrom+0x6>
10000210:	4917      	ldr	r1, [pc, #92]	@ (10000270 <data_cpy_table+0x38>)
10000212:	4a18      	ldr	r2, [pc, #96]	@ (10000274 <data_cpy_table+0x3c>)
10000214:	2000      	movs	r0, #0
10000216:	e000      	b.n	1000021a <bss_fill_test>

10000218 <bss_fill_loop>:
10000218:	c101      	stmia	r1!, {r0}

1000021a <bss_fill_test>:
1000021a:	4291      	cmp	r1, r2
1000021c:	d1fc      	bne.n	10000218 <bss_fill_loop>

1000021e <platform_entry>:
1000021e:	4916      	ldr	r1, [pc, #88]	@ (10000278 <data_cpy_table+0x40>)
10000220:	4788      	blx	r1
10000222:	4916      	ldr	r1, [pc, #88]	@ (1000027c <data_cpy_table+0x44>)
10000224:	4788      	blx	r1
10000226:	4916      	ldr	r1, [pc, #88]	@ (10000280 <data_cpy_table+0x48>)
10000228:	4788      	blx	r1
1000022a:	be00      	bkpt	0x0000
1000022c:	e7fd      	b.n	1000022a <platform_entry+0xc>

1000022e <data_cpy_loop>:
1000022e:	c901      	ldmia	r1!, {r0}
10000230:	c201      	stmia	r2!, {r0}

10000232 <data_cpy>:
10000232:	429a      	cmp	r2, r3
10000234:	d3fb      	bcc.n	1000022e <data_cpy_loop>
10000236:	4770      	bx	lr

10000238 <data_cpy_table>:
10000238:	10007d48 	.word	0x10007d48
1000023c:	200000c0 	.word	0x200000c0
10000240:	20001078 	.word	0x20001078
10000244:	10008d00 	.word	0x10008d00
10000248:	20040000 	.word	0x20040000
1000024c:	20040000 	.word	0x20040000
10000250:	10008d00 	.word	0x10008d00
10000254:	20041000 	.word	0x20041000
10000258:	20041000 	.word	0x20041000
1000025c:	00000000 	.word	0x00000000
10000260:	4770      	bx	lr
10000262:	0000      	.short	0x0000
10000264:	00000000 	.word	0x00000000
10000268:	e000ed08 	.word	0xe000ed08
1000026c:	d0000000 	.word	0xd0000000
10000270:	20001078 	.word	0x20001078
10000274:	20022548 	.word	0x20022548
10000278:	10002589 	.word	0x10002589
1000027c:	1000076d 	.word	0x1000076d
10000280:	10002581 	.word	0x10002581

10000284 <_init>:
10000284:	b5f8      	push	{r3, r4, r5, r6, r7, lr}
10000286:	46c0      	nop			@ (mov r8, r8)

10000288 <deregister_tm_clones>:
10000288:	4804      	ldr	r0, [pc, #16]	@ (1000029c <deregister_tm_clones+0x14>)
1000028a:	4b05      	ldr	r3, [pc, #20]	@ (100002a0 <deregister_tm_clones+0x18>)
1000028c:	b510      	push	{r4, lr}
1000028e:	4283      	cmp	r3, r0
10000290:	d003      	beq.n	1000029a <deregister_tm_clones+0x12>
10000292:	4b04      	ldr	r3, [pc, #16]	@ (100002a4 <deregister_tm_clones+0x1c>)
10000294:	2b00      	cmp	r3, #0
10000296:	d000      	beq.n	1000029a <deregister_tm_clones+0x12>
10000298:	4798      	blx	r3
1000029a:	bd10      	pop	{r4, pc}
1000029c:	20001078 	.word	0x20001078
100002a0:	20001078 	.word	0x20001078
100002a4:	00000000 	.word	0x00000000

100002a8 <register_tm_clones>:
100002a8:	4806      	ldr	r0, [pc, #24]	@ (100002c4 <register_tm_clones+0x1c>)
100002aa:	4907      	ldr	r1, [pc, #28]	@ (100002c8 <register_tm_clones+0x20>)
100002ac:	1a09      	subs	r1, r1, r0
100002ae:	108b      	asrs	r3, r1, #2
100002b0:	0fc9      	lsrs	r1, r1, #31
100002b2:	18c9      	adds	r1, r1, r3
100002b4:	b510      	push	{r4, lr}
100002b6:	1049      	asrs	r1, r1, #1
100002b8:	d003      	beq.n	100002c2 <register_tm_clones+0x1a>
100002ba:	4b04      	ldr	r3, [pc, #16]	@ (100002cc <register_tm_clones+0x24>)
100002bc:	2b00      	cmp	r3, #0
100002be:	d000      	beq.n	100002c2 <register_tm_clones+0x1a>
100002c0:	4798      	blx	r3
100002c2:	bd10      	pop	{r4, pc}
100002c4:	20001078 	.word	0x20001078
100002c8:	20001078 	.word	0x20001078
100002cc:	00000000 	.word	0x00000000

100002d0 <__do_global_dtors_aux>:
100002d0:	b510      	push	{r4, lr}
100002d2:	4c07      	ldr	r4, [pc, #28]	@ (100002f0 <__do_global_dtors_aux+0x20>)
100002d4:	7823      	ldrb	r3, [r4, #0]
100002d6:	2b00      	cmp	r3, #0
100002d8:	d109      	bne.n	100002ee <__do_global_dtors_aux+0x1e>
100002da:	f7ff ffd5 	bl	10000288 <deregister_tm_clones>
100002de:	4b05      	ldr	r3, [pc, #20]	@ (100002f4 <__do_global_dtors_aux+0x24>)
100002e0:	2b00      	cmp	r3, #0
100002e2:	d002      	beq.n	100002ea <__do_global_dtors_aux+0x1a>
100002e4:	4804      	ldr	r0, [pc, #16]	@ (100002f8 <__do_global_dtors_aux+0x28>)
100002e6:	e000      	b.n	100002ea <__do_global_dtors_aux+0x1a>
100002e8:	bf00      	nop
100002ea:	2301      	movs	r3, #1
100002ec:	7023      	strb	r3, [r4, #0]
100002ee:	bd10      	pop	{r4, pc}
100002f0:	20001340 	.word	0x20001340
100002f4:	00000000 	.word	0x00000000
100002f8:	10007824 	.word	0x10007824

100002fc <frame_dummy>:
100002fc:	4b05      	ldr	r3, [pc, #20]	@ (10000314 <frame_dummy+0x18>)
100002fe:	b510      	push	{r4, lr}
10000300:	2b00      	cmp	r3, #0
10000302:	d003      	beq.n	1000030c <frame_dummy+0x10>
10000304:	4904      	ldr	r1, [pc, #16]	@ (10000318 <frame_dummy+0x1c>)
10000306:	4805      	ldr	r0, [pc, #20]	@ (1000031c <frame_dummy+0x20>)
10000308:	e000      	b.n	1000030c <frame_dummy+0x10>
1000030a:	bf00      	nop
1000030c:	f7ff ffcc 	bl	100002a8 <register_tm_clones>
10000310:	bd10      	pop	{r4, pc}
10000312:	46c0      	nop			@ (mov r8, r8)
10000314:	00000000 	.word	0x00000000
10000318:	20001344 	.word	0x20001344
1000031c:	10007824 	.word	0x10007824

10000320 <servo_init>:
10000320:	b570      	push	{r4, r5, r6, lr}
10000322:	000d      	movs	r5, r1
10000324:	0004      	movs	r4, r0
10000326:	6001      	str	r1, [r0, #0]
10000328:	6042      	str	r2, [r0, #4]
1000032a:	2104      	movs	r1, #4
1000032c:	6082      	str	r2, [r0, #8]
1000032e:	60c3      	str	r3, [r0, #12]
10000330:	0028      	movs	r0, r5
10000332:	1c16      	adds	r6, r2, #0
10000334:	f000 fab0 	bl	10000898 <gpio_set_function>
10000338:	6821      	ldr	r1, [r4, #0]
1000033a:	291f      	cmp	r1, #31
1000033c:	d846      	bhi.n	100003cc <servo_init+0xac>
1000033e:	0709      	lsls	r1, r1, #28
10000340:	0f49      	lsrs	r1, r1, #29
10000342:	008b      	lsls	r3, r1, #2
10000344:	185b      	adds	r3, r3, r1
10000346:	21fa      	movs	r1, #250	@ 0xfa
10000348:	4a25      	ldr	r2, [pc, #148]	@ (100003e0 <servo_init+0xc0>)
1000034a:	4826      	ldr	r0, [pc, #152]	@ (100003e4 <servo_init+0xc4>)
1000034c:	009b      	lsls	r3, r3, #2
1000034e:	189a      	adds	r2, r3, r2
10000350:	00c9      	lsls	r1, r1, #3
10000352:	6120      	str	r0, [r4, #16]
10000354:	6051      	str	r1, [r2, #4]
10000356:	6110      	str	r0, [r2, #16]
10000358:	6811      	ldr	r1, [r2, #0]
1000035a:	2201      	movs	r2, #1
1000035c:	438a      	bics	r2, r1
1000035e:	4922      	ldr	r1, [pc, #136]	@ (100003e8 <servo_init+0xc8>)
10000360:	1c30      	adds	r0, r6, #0
10000362:	468c      	mov	ip, r1
10000364:	4463      	add	r3, ip
10000366:	601a      	str	r2, [r3, #0]
10000368:	4920      	ldr	r1, [pc, #128]	@ (100003ec <servo_init+0xcc>)
1000036a:	f002 f800 	bl	1000236e <__wrap___aeabi_fdiv>
1000036e:	4920      	ldr	r1, [pc, #128]	@ (100003f0 <servo_init+0xd0>)
10000370:	f002 f811 	bl	10002396 <__wrap___aeabi_fmul>
10000374:	491f      	ldr	r1, [pc, #124]	@ (100003f4 <servo_init+0xd4>)
10000376:	f001 fff7 	bl	10002368 <__wrap___aeabi_fadd>
1000037a:	491f      	ldr	r1, [pc, #124]	@ (100003f8 <servo_init+0xd8>)
1000037c:	f001 fff7 	bl	1000236e <__wrap___aeabi_fdiv>
10000380:	1c06      	adds	r6, r0, #0
10000382:	6920      	ldr	r0, [r4, #16]
10000384:	f002 f849 	bl	1000241a <__wrap___aeabi_ui2f>
10000388:	1c01      	adds	r1, r0, #0
1000038a:	1c30      	adds	r0, r6, #0
1000038c:	f002 f803 	bl	10002396 <__wrap___aeabi_fmul>
10000390:	f002 f8a4 	bl	100024dc <__wrap_roundf>
10000394:	f002 f868 	bl	10002468 <__wrap___aeabi_f2uiz>
10000398:	086b      	lsrs	r3, r5, #1
1000039a:	2d1f      	cmp	r5, #31
1000039c:	d81c      	bhi.n	100003d8 <servo_init+0xb8>
1000039e:	2207      	movs	r2, #7
100003a0:	401a      	ands	r2, r3
100003a2:	0093      	lsls	r3, r2, #2
100003a4:	189b      	adds	r3, r3, r2
100003a6:	4a15      	ldr	r2, [pc, #84]	@ (100003fc <servo_init+0xdc>)
100003a8:	009b      	lsls	r3, r3, #2
100003aa:	4694      	mov	ip, r2
100003ac:	0402      	lsls	r2, r0, #16
100003ae:	4463      	add	r3, ip
100003b0:	0c12      	lsrs	r2, r2, #16
100003b2:	07ed      	lsls	r5, r5, #31
100003b4:	d50e      	bpl.n	100003d4 <servo_init+0xb4>
100003b6:	4912      	ldr	r1, [pc, #72]	@ (10000400 <servo_init+0xe0>)
100003b8:	0412      	lsls	r2, r2, #16
100003ba:	6818      	ldr	r0, [r3, #0]
100003bc:	4042      	eors	r2, r0
100003be:	400a      	ands	r2, r1
100003c0:	2180      	movs	r1, #128	@ 0x80
100003c2:	0149      	lsls	r1, r1, #5
100003c4:	468c      	mov	ip, r1
100003c6:	4463      	add	r3, ip
100003c8:	601a      	str	r2, [r3, #0]
100003ca:	bd70      	pop	{r4, r5, r6, pc}
100003cc:	0749      	lsls	r1, r1, #29
100003ce:	0f89      	lsrs	r1, r1, #30
100003d0:	3108      	adds	r1, #8
100003d2:	e7b6      	b.n	10000342 <servo_init+0x22>
100003d4:	490b      	ldr	r1, [pc, #44]	@ (10000404 <servo_init+0xe4>)
100003d6:	e7f0      	b.n	100003ba <servo_init+0x9a>
100003d8:	2203      	movs	r2, #3
100003da:	401a      	ands	r2, r3
100003dc:	3208      	adds	r2, #8
100003de:	e7e0      	b.n	100003a2 <servo_init+0x82>
100003e0:	40050000 	.word	0x40050000
100003e4:	00004e20 	.word	0x00004e20
100003e8:	40051000 	.word	0x40051000
100003ec:	43340000 	.word	0x43340000
100003f0:	44ed8000 	.word	0x44ed8000
100003f4:	43fa0000 	.word	0x43fa0000
100003f8:	469c4000 	.word	0x469c4000
100003fc:	4005000c 	.word	0x4005000c
10000400:	ffff0000 	.word	0xffff0000
10000404:	0000ffff 	.word	0x0000ffff

10000408 <set_servo_target>:
10000408:	b570      	push	{r4, r5, r6, lr}
1000040a:	1c0c      	adds	r4, r1, #0
1000040c:	0005      	movs	r5, r0
1000040e:	2100      	movs	r1, #0
10000410:	1c20      	adds	r0, r4, #0
10000412:	f001 ffef 	bl	100023f4 <__wrap___aeabi_fcmplt>
10000416:	2800      	cmp	r0, #0
10000418:	d108      	bne.n	1000042c <set_servo_target+0x24>
1000041a:	4905      	ldr	r1, [pc, #20]	@ (10000430 <set_servo_target+0x28>)
1000041c:	1c20      	adds	r0, r4, #0
1000041e:	f001 fff7 	bl	10002410 <__wrap___aeabi_fcmpgt>
10000422:	2800      	cmp	r0, #0
10000424:	d000      	beq.n	10000428 <set_servo_target+0x20>
10000426:	4c02      	ldr	r4, [pc, #8]	@ (10000430 <set_servo_target+0x28>)
10000428:	60ac      	str	r4, [r5, #8]
1000042a:	bd70      	pop	{r4, r5, r6, pc}
1000042c:	2400      	movs	r4, #0
1000042e:	e7fb      	b.n	10000428 <set_servo_target+0x20>
10000430:	43340000 	.word	0x43340000

10000434 <servo_update_interpolated>:
10000434:	6883      	ldr	r3, [r0, #8]
10000436:	b5f0      	push	{r4, r5, r6, r7, lr}
10000438:	46d6      	mov	lr, sl
1000043a:	464f      	mov	r7, r9
1000043c:	4646      	mov	r6, r8
1000043e:	469a      	mov	sl, r3
10000440:	6843      	ldr	r3, [r0, #4]
10000442:	b5c0      	push	{r6, r7, lr}
10000444:	0004      	movs	r4, r0
10000446:	1c19      	adds	r1, r3, #0
10000448:	4650      	mov	r0, sl
1000044a:	4699      	mov	r9, r3
1000044c:	f001 ff89 	bl	10002362 <__wrap___aeabi_fsub>
10000450:	1c06      	adds	r6, r0, #0
10000452:	6920      	ldr	r0, [r4, #16]
10000454:	f001 ffe1 	bl	1000241a <__wrap___aeabi_ui2f>
10000458:	21fe      	movs	r1, #254	@ 0xfe
1000045a:	4680      	mov	r8, r0
1000045c:	6825      	ldr	r5, [r4, #0]
1000045e:	0070      	lsls	r0, r6, #1
10000460:	0840      	lsrs	r0, r0, #1
10000462:	0589      	lsls	r1, r1, #22
10000464:	086f      	lsrs	r7, r5, #1
10000466:	f001 ffcb 	bl	10002400 <__wrap___aeabi_fcmple>
1000046a:	2800      	cmp	r0, #0
1000046c:	d13d      	bne.n	100004ea <servo_update_interpolated+0xb6>
1000046e:	68e1      	ldr	r1, [r4, #12]
10000470:	1c30      	adds	r0, r6, #0
10000472:	f001 ff90 	bl	10002396 <__wrap___aeabi_fmul>
10000476:	4649      	mov	r1, r9
10000478:	f001 ff76 	bl	10002368 <__wrap___aeabi_fadd>
1000047c:	4932      	ldr	r1, [pc, #200]	@ (10000548 <servo_update_interpolated+0x114>)
1000047e:	6060      	str	r0, [r4, #4]
10000480:	f001 ff75 	bl	1000236e <__wrap___aeabi_fdiv>
10000484:	4931      	ldr	r1, [pc, #196]	@ (1000054c <servo_update_interpolated+0x118>)
10000486:	f001 ff86 	bl	10002396 <__wrap___aeabi_fmul>
1000048a:	4931      	ldr	r1, [pc, #196]	@ (10000550 <servo_update_interpolated+0x11c>)
1000048c:	f001 ff6c 	bl	10002368 <__wrap___aeabi_fadd>
10000490:	4930      	ldr	r1, [pc, #192]	@ (10000554 <servo_update_interpolated+0x120>)
10000492:	f001 ff6c 	bl	1000236e <__wrap___aeabi_fdiv>
10000496:	4641      	mov	r1, r8
10000498:	f001 ff7d 	bl	10002396 <__wrap___aeabi_fmul>
1000049c:	f002 f81e 	bl	100024dc <__wrap_roundf>
100004a0:	f001 ffe2 	bl	10002468 <__wrap___aeabi_f2uiz>
100004a4:	2d1f      	cmp	r5, #31
100004a6:	d91b      	bls.n	100004e0 <servo_update_interpolated+0xac>
100004a8:	2203      	movs	r2, #3
100004aa:	403a      	ands	r2, r7
100004ac:	3208      	adds	r2, #8
100004ae:	0093      	lsls	r3, r2, #2
100004b0:	189b      	adds	r3, r3, r2
100004b2:	4a29      	ldr	r2, [pc, #164]	@ (10000558 <servo_update_interpolated+0x124>)
100004b4:	009b      	lsls	r3, r3, #2
100004b6:	4694      	mov	ip, r2
100004b8:	0400      	lsls	r0, r0, #16
100004ba:	4463      	add	r3, ip
100004bc:	0c00      	lsrs	r0, r0, #16
100004be:	07ed      	lsls	r5, r5, #31
100004c0:	d511      	bpl.n	100004e6 <servo_update_interpolated+0xb2>
100004c2:	4a26      	ldr	r2, [pc, #152]	@ (1000055c <servo_update_interpolated+0x128>)
100004c4:	0400      	lsls	r0, r0, #16
100004c6:	6819      	ldr	r1, [r3, #0]
100004c8:	4041      	eors	r1, r0
100004ca:	400a      	ands	r2, r1
100004cc:	2180      	movs	r1, #128	@ 0x80
100004ce:	0149      	lsls	r1, r1, #5
100004d0:	468c      	mov	ip, r1
100004d2:	4463      	add	r3, ip
100004d4:	601a      	str	r2, [r3, #0]
100004d6:	bce0      	pop	{r5, r6, r7}
100004d8:	46ba      	mov	sl, r7
100004da:	46b1      	mov	r9, r6
100004dc:	46a8      	mov	r8, r5
100004de:	bdf0      	pop	{r4, r5, r6, r7, pc}
100004e0:	2207      	movs	r2, #7
100004e2:	403a      	ands	r2, r7
100004e4:	e7e3      	b.n	100004ae <servo_update_interpolated+0x7a>
100004e6:	4a1e      	ldr	r2, [pc, #120]	@ (10000560 <servo_update_interpolated+0x12c>)
100004e8:	e7ed      	b.n	100004c6 <servo_update_interpolated+0x92>
100004ea:	4653      	mov	r3, sl
100004ec:	4916      	ldr	r1, [pc, #88]	@ (10000548 <servo_update_interpolated+0x114>)
100004ee:	6063      	str	r3, [r4, #4]
100004f0:	4650      	mov	r0, sl
100004f2:	f001 ff3c 	bl	1000236e <__wrap___aeabi_fdiv>
100004f6:	4915      	ldr	r1, [pc, #84]	@ (1000054c <servo_update_interpolated+0x118>)
100004f8:	f001 ff4d 	bl	10002396 <__wrap___aeabi_fmul>
100004fc:	4914      	ldr	r1, [pc, #80]	@ (10000550 <servo_update_interpolated+0x11c>)
100004fe:	f001 ff33 	bl	10002368 <__wrap___aeabi_fadd>
10000502:	4914      	ldr	r1, [pc, #80]	@ (10000554 <servo_update_interpolated+0x120>)
10000504:	f001 ff33 	bl	1000236e <__wrap___aeabi_fdiv>
10000508:	4641      	mov	r1, r8
1000050a:	f001 ff44 	bl	10002396 <__wrap___aeabi_fmul>
1000050e:	f001 ffe5 	bl	100024dc <__wrap_roundf>
10000512:	f001 ffa9 	bl	10002468 <__wrap___aeabi_f2uiz>
10000516:	2d1f      	cmp	r5, #31
10000518:	d911      	bls.n	1000053e <servo_update_interpolated+0x10a>
1000051a:	2203      	movs	r2, #3
1000051c:	403a      	ands	r2, r7
1000051e:	3208      	adds	r2, #8
10000520:	0093      	lsls	r3, r2, #2
10000522:	189b      	adds	r3, r3, r2
10000524:	4a0c      	ldr	r2, [pc, #48]	@ (10000558 <servo_update_interpolated+0x124>)
10000526:	009b      	lsls	r3, r3, #2
10000528:	4694      	mov	ip, r2
1000052a:	0400      	lsls	r0, r0, #16
1000052c:	4463      	add	r3, ip
1000052e:	0c00      	lsrs	r0, r0, #16
10000530:	07ed      	lsls	r5, r5, #31
10000532:	d507      	bpl.n	10000544 <servo_update_interpolated+0x110>
10000534:	4909      	ldr	r1, [pc, #36]	@ (1000055c <servo_update_interpolated+0x128>)
10000536:	0400      	lsls	r0, r0, #16
10000538:	681a      	ldr	r2, [r3, #0]
1000053a:	4042      	eors	r2, r0
1000053c:	e7c5      	b.n	100004ca <servo_update_interpolated+0x96>
1000053e:	2207      	movs	r2, #7
10000540:	403a      	ands	r2, r7
10000542:	e7ed      	b.n	10000520 <servo_update_interpolated+0xec>
10000544:	4906      	ldr	r1, [pc, #24]	@ (10000560 <servo_update_interpolated+0x12c>)
10000546:	e7f7      	b.n	10000538 <servo_update_interpolated+0x104>
10000548:	43340000 	.word	0x43340000
1000054c:	44ed8000 	.word	0x44ed8000
10000550:	43fa0000 	.word	0x43fa0000
10000554:	469c4000 	.word	0x469c4000
10000558:	4005000c 	.word	0x4005000c
1000055c:	ffff0000 	.word	0xffff0000
10000560:	0000ffff 	.word	0x0000ffff

10000564 <servo_finished>:
10000564:	b510      	push	{r4, lr}
10000566:	6841      	ldr	r1, [r0, #4]
10000568:	6880      	ldr	r0, [r0, #8]
1000056a:	f001 fefa 	bl	10002362 <__wrap___aeabi_fsub>
1000056e:	21fe      	movs	r1, #254	@ 0xfe
10000570:	0040      	lsls	r0, r0, #1
10000572:	0840      	lsrs	r0, r0, #1
10000574:	0589      	lsls	r1, r1, #22
10000576:	f001 ff3d 	bl	100023f4 <__wrap___aeabi_fcmplt>
1000057a:	1e43      	subs	r3, r0, #1
1000057c:	4198      	sbcs	r0, r3
1000057e:	bd10      	pop	{r4, pc}

10000580 <robot_init>:
10000580:	2200      	movs	r2, #0
10000582:	b510      	push	{r4, lr}
10000584:	4b04      	ldr	r3, [pc, #16]	@ (10000598 <robot_init+0x18>)
10000586:	701a      	strb	r2, [r3, #0]
10000588:	4a04      	ldr	r2, [pc, #16]	@ (1000059c <robot_init+0x1c>)
1000058a:	3304      	adds	r3, #4
1000058c:	ca13      	ldmia	r2!, {r0, r1, r4}
1000058e:	c313      	stmia	r3!, {r0, r1, r4}
10000590:	6812      	ldr	r2, [r2, #0]
10000592:	601a      	str	r2, [r3, #0]
10000594:	bd10      	pop	{r4, pc}
10000596:	46c0      	nop			@ (mov r8, r8)
10000598:	200022c4 	.word	0x200022c4
1000059c:	10007824 	.word	0x10007824

100005a0 <robot_update_state_machine>:
100005a0:	4808      	ldr	r0, [pc, #32]	@ (100005c4 <robot_update_state_machine+0x24>)
100005a2:	b570      	push	{r4, r5, r6, lr}
100005a4:	7801      	ldrb	r1, [r0, #0]
100005a6:	4b08      	ldr	r3, [pc, #32]	@ (100005c8 <robot_update_state_machine+0x28>)
100005a8:	010c      	lsls	r4, r1, #4
100005aa:	1d02      	adds	r2, r0, #4
100005ac:	191b      	adds	r3, r3, r4
100005ae:	cb70      	ldmia	r3!, {r4, r5, r6}
100005b0:	c270      	stmia	r2!, {r4, r5, r6}
100005b2:	681b      	ldr	r3, [r3, #0]
100005b4:	6013      	str	r3, [r2, #0]
100005b6:	2300      	movs	r3, #0
100005b8:	2904      	cmp	r1, #4
100005ba:	d801      	bhi.n	100005c0 <robot_update_state_machine+0x20>
100005bc:	3101      	adds	r1, #1
100005be:	b2cb      	uxtb	r3, r1
100005c0:	7003      	strb	r3, [r0, #0]
100005c2:	bd70      	pop	{r4, r5, r6, pc}
100005c4:	200022c4 	.word	0x200022c4
100005c8:	10007824 	.word	0x10007824

100005cc <ServoTask>:
100005cc:	b5f8      	push	{r3, r4, r5, r6, r7, lr}
100005ce:	4f0a      	ldr	r7, [pc, #40]	@ (100005f8 <ServoTask+0x2c>)
100005d0:	4e0a      	ldr	r6, [pc, #40]	@ (100005fc <ServoTask+0x30>)
100005d2:	4d0b      	ldr	r5, [pc, #44]	@ (10000600 <ServoTask+0x34>)
100005d4:	4c0b      	ldr	r4, [pc, #44]	@ (10000604 <ServoTask+0x38>)
100005d6:	0038      	movs	r0, r7
100005d8:	f7ff ff2c 	bl	10000434 <servo_update_interpolated>
100005dc:	0030      	movs	r0, r6
100005de:	f7ff ff29 	bl	10000434 <servo_update_interpolated>
100005e2:	0028      	movs	r0, r5
100005e4:	f7ff ff26 	bl	10000434 <servo_update_interpolated>
100005e8:	0020      	movs	r0, r4
100005ea:	f7ff ff23 	bl	10000434 <servo_update_interpolated>
100005ee:	2014      	movs	r0, #20
100005f0:	f006 fa2e 	bl	10006a50 <vTaskDelay>
100005f4:	e7ef      	b.n	100005d6 <ServoTask+0xa>
100005f6:	46c0      	nop			@ (mov r8, r8)
100005f8:	200022ec 	.word	0x200022ec
100005fc:	20002314 	.word	0x20002314
10000600:	20002300 	.word	0x20002300
10000604:	200022d8 	.word	0x200022d8

10000608 <IrTask>:
10000608:	b5f8      	push	{r3, r4, r5, r6, r7, lr}
1000060a:	4e0c      	ldr	r6, [pc, #48]	@ (1000063c <IrTask+0x34>)
1000060c:	4d0c      	ldr	r5, [pc, #48]	@ (10000640 <IrTask+0x38>)
1000060e:	4f0d      	ldr	r7, [pc, #52]	@ (10000644 <IrTask+0x3c>)
10000610:	0030      	movs	r0, r6
10000612:	f000 f92f 	bl	10000874 <ir_sensor_detect>
10000616:	0004      	movs	r4, r0
10000618:	6828      	ldr	r0, [r5, #0]
1000061a:	2800      	cmp	r0, #0
1000061c:	d00a      	beq.n	10000634 <IrTask+0x2c>
1000061e:	2101      	movs	r1, #1
10000620:	4249      	negs	r1, r1
10000622:	f005 fd85 	bl	10006130 <xQueueSemaphoreTake>
10000626:	2300      	movs	r3, #0
10000628:	2200      	movs	r2, #0
1000062a:	2100      	movs	r1, #0
1000062c:	6828      	ldr	r0, [r5, #0]
1000062e:	703c      	strb	r4, [r7, #0]
10000630:	f005 fb34 	bl	10005c9c <xQueueGenericSend>
10000634:	200a      	movs	r0, #10
10000636:	f006 fa0b 	bl	10006a50 <vTaskDelay>
1000063a:	e7e9      	b.n	10000610 <IrTask+0x8>
1000063c:	20001ff4 	.word	0x20001ff4
10000640:	200224c4 	.word	0x200224c4
10000644:	20022543 	.word	0x20022543

10000648 <LogicTask>:
10000648:	b5f8      	push	{r3, r4, r5, r6, r7, lr}
1000064a:	4b20      	ldr	r3, [pc, #128]	@ (100006cc <LogicTask+0x84>)
1000064c:	4657      	mov	r7, sl
1000064e:	469a      	mov	sl, r3
10000650:	4b1f      	ldr	r3, [pc, #124]	@ (100006d0 <LogicTask+0x88>)
10000652:	464e      	mov	r6, r9
10000654:	4699      	mov	r9, r3
10000656:	4b1f      	ldr	r3, [pc, #124]	@ (100006d4 <LogicTask+0x8c>)
10000658:	4645      	mov	r5, r8
1000065a:	46de      	mov	lr, fp
1000065c:	4698      	mov	r8, r3
1000065e:	4b1e      	ldr	r3, [pc, #120]	@ (100006d8 <LogicTask+0x90>)
10000660:	b5e0      	push	{r5, r6, r7, lr}
10000662:	469b      	mov	fp, r3
10000664:	4d1d      	ldr	r5, [pc, #116]	@ (100006dc <LogicTask+0x94>)
10000666:	4c1e      	ldr	r4, [pc, #120]	@ (100006e0 <LogicTask+0x98>)
10000668:	4f1e      	ldr	r7, [pc, #120]	@ (100006e4 <LogicTask+0x9c>)
1000066a:	6828      	ldr	r0, [r5, #0]
1000066c:	2800      	cmp	r0, #0
1000066e:	d026      	beq.n	100006be <LogicTask+0x76>
10000670:	2101      	movs	r1, #1
10000672:	4249      	negs	r1, r1
10000674:	f005 fd5c 	bl	10006130 <xQueueSemaphoreTake>
10000678:	4653      	mov	r3, sl
1000067a:	781e      	ldrb	r6, [r3, #0]
1000067c:	2200      	movs	r2, #0
1000067e:	2300      	movs	r3, #0
10000680:	2100      	movs	r1, #0
10000682:	6828      	ldr	r0, [r5, #0]
10000684:	f005 fb0a 	bl	10005c9c <xQueueGenericSend>
10000688:	2e00      	cmp	r6, #0
1000068a:	d018      	beq.n	100006be <LogicTask+0x76>
1000068c:	f7ff ff88 	bl	100005a0 <robot_update_state_machine>
10000690:	4648      	mov	r0, r9
10000692:	6861      	ldr	r1, [r4, #4]
10000694:	f7ff feb8 	bl	10000408 <set_servo_target>
10000698:	4640      	mov	r0, r8
1000069a:	68a1      	ldr	r1, [r4, #8]
1000069c:	f7ff feb4 	bl	10000408 <set_servo_target>
100006a0:	0038      	movs	r0, r7
100006a2:	68e1      	ldr	r1, [r4, #12]
100006a4:	f7ff feb0 	bl	10000408 <set_servo_target>
100006a8:	4658      	mov	r0, fp
100006aa:	6921      	ldr	r1, [r4, #16]
100006ac:	f7ff feac 	bl	10000408 <set_servo_target>
100006b0:	20fa      	movs	r0, #250	@ 0xfa
100006b2:	0080      	lsls	r0, r0, #2
100006b4:	f006 f9cc 	bl	10006a50 <vTaskDelay>
100006b8:	6828      	ldr	r0, [r5, #0]
100006ba:	2800      	cmp	r0, #0
100006bc:	d1d8      	bne.n	10000670 <LogicTask+0x28>
100006be:	7823      	ldrb	r3, [r4, #0]
100006c0:	2b00      	cmp	r3, #0
100006c2:	d1e3      	bne.n	1000068c <LogicTask+0x44>
100006c4:	2032      	movs	r0, #50	@ 0x32
100006c6:	f006 f9c3 	bl	10006a50 <vTaskDelay>
100006ca:	e7ce      	b.n	1000066a <LogicTask+0x22>
100006cc:	20022543 	.word	0x20022543
100006d0:	200022ec 	.word	0x200022ec
100006d4:	20002314 	.word	0x20002314
100006d8:	200022d8 	.word	0x200022d8
100006dc:	200224c4 	.word	0x200224c4
100006e0:	200022c4 	.word	0x200022c4
100006e4:	20002300 	.word	0x20002300

100006e8 <move_to_start>:
100006e8:	b5f8      	push	{r3, r4, r5, r6, r7, lr}
100006ea:	4f1b      	ldr	r7, [pc, #108]	@ (10000758 <move_to_start+0x70>)
100006ec:	4d1b      	ldr	r5, [pc, #108]	@ (1000075c <move_to_start+0x74>)
100006ee:	6879      	ldr	r1, [r7, #4]
100006f0:	0028      	movs	r0, r5
100006f2:	f7ff fe89 	bl	10000408 <set_servo_target>
100006f6:	4c1a      	ldr	r4, [pc, #104]	@ (10000760 <move_to_start+0x78>)
100006f8:	68b9      	ldr	r1, [r7, #8]
100006fa:	0020      	movs	r0, r4
100006fc:	f7ff fe84 	bl	10000408 <set_servo_target>
10000700:	4e18      	ldr	r6, [pc, #96]	@ (10000764 <move_to_start+0x7c>)
10000702:	68f9      	ldr	r1, [r7, #12]
10000704:	0030      	movs	r0, r6
10000706:	f7ff fe7f 	bl	10000408 <set_servo_target>
1000070a:	6939      	ldr	r1, [r7, #16]
1000070c:	4f16      	ldr	r7, [pc, #88]	@ (10000768 <move_to_start+0x80>)
1000070e:	0038      	movs	r0, r7
10000710:	f7ff fe7a 	bl	10000408 <set_servo_target>
10000714:	e00b      	b.n	1000072e <move_to_start+0x46>
10000716:	0028      	movs	r0, r5
10000718:	f7ff fe8c 	bl	10000434 <servo_update_interpolated>
1000071c:	0020      	movs	r0, r4
1000071e:	f7ff fe89 	bl	10000434 <servo_update_interpolated>
10000722:	0030      	movs	r0, r6
10000724:	f7ff fe86 	bl	10000434 <servo_update_interpolated>
10000728:	0038      	movs	r0, r7
1000072a:	f7ff fe83 	bl	10000434 <servo_update_interpolated>
1000072e:	0020      	movs	r0, r4
10000730:	f7ff ff18 	bl	10000564 <servo_finished>
10000734:	2800      	cmp	r0, #0
10000736:	d0ee      	beq.n	10000716 <move_to_start+0x2e>
10000738:	0028      	movs	r0, r5
1000073a:	f7ff ff13 	bl	10000564 <servo_finished>
1000073e:	2800      	cmp	r0, #0
10000740:	d0e9      	beq.n	10000716 <move_to_start+0x2e>
10000742:	0030      	movs	r0, r6
10000744:	f7ff ff0e 	bl	10000564 <servo_finished>
10000748:	2800      	cmp	r0, #0
1000074a:	d0e4      	beq.n	10000716 <move_to_start+0x2e>
1000074c:	0038      	movs	r0, r7
1000074e:	f7ff ff09 	bl	10000564 <servo_finished>
10000752:	2800      	cmp	r0, #0
10000754:	d0df      	beq.n	10000716 <move_to_start+0x2e>
10000756:	bdf8      	pop	{r3, r4, r5, r6, r7, pc}
10000758:	200022c4 	.word	0x200022c4
1000075c:	200022ec 	.word	0x200022ec
10000760:	20002314 	.word	0x20002314
10000764:	20002300 	.word	0x20002300
10000768:	200022d8 	.word	0x200022d8

1000076c <main>:
1000076c:	b510      	push	{r4, lr}
1000076e:	b082      	sub	sp, #8
10000770:	f002 f80a 	bl	10002788 <stdio_init_all>
10000774:	2001      	movs	r0, #1
10000776:	f005 fb7d 	bl	10005e74 <xQueueCreateMutex>
1000077a:	4b24      	ldr	r3, [pc, #144]	@ (1000080c <main+0xa0>)
1000077c:	2400      	movs	r4, #0
1000077e:	6018      	str	r0, [r3, #0]
10000780:	f7ff fefe 	bl	10000580 <robot_init>
10000784:	2201      	movs	r2, #1
10000786:	210f      	movs	r1, #15
10000788:	4821      	ldr	r0, [pc, #132]	@ (10000810 <main+0xa4>)
1000078a:	f000 f861 	bl	10000850 <ir_sensor_init>
1000078e:	2200      	movs	r2, #0
10000790:	210c      	movs	r1, #12
10000792:	4820      	ldr	r0, [pc, #128]	@ (10000814 <main+0xa8>)
10000794:	4b20      	ldr	r3, [pc, #128]	@ (10000818 <main+0xac>)
10000796:	f7ff fdc3 	bl	10000320 <servo_init>
1000079a:	210d      	movs	r1, #13
1000079c:	481f      	ldr	r0, [pc, #124]	@ (1000081c <main+0xb0>)
1000079e:	4b1e      	ldr	r3, [pc, #120]	@ (10000818 <main+0xac>)
100007a0:	4a1f      	ldr	r2, [pc, #124]	@ (10000820 <main+0xb4>)
100007a2:	f7ff fdbd 	bl	10000320 <servo_init>
100007a6:	210b      	movs	r1, #11
100007a8:	481e      	ldr	r0, [pc, #120]	@ (10000824 <main+0xb8>)
100007aa:	4b1b      	ldr	r3, [pc, #108]	@ (10000818 <main+0xac>)
100007ac:	4a1e      	ldr	r2, [pc, #120]	@ (10000828 <main+0xbc>)
100007ae:	f7ff fdb7 	bl	10000320 <servo_init>
100007b2:	2109      	movs	r1, #9
100007b4:	4b18      	ldr	r3, [pc, #96]	@ (10000818 <main+0xac>)
100007b6:	4a1d      	ldr	r2, [pc, #116]	@ (1000082c <main+0xc0>)
100007b8:	481d      	ldr	r0, [pc, #116]	@ (10000830 <main+0xc4>)
100007ba:	f7ff fdb1 	bl	10000320 <servo_init>
100007be:	f7ff ff93 	bl	100006e8 <move_to_start>
100007c2:	481c      	ldr	r0, [pc, #112]	@ (10000834 <main+0xc8>)
100007c4:	f000 ff26 	bl	10001614 <sleep_ms>
100007c8:	2303      	movs	r3, #3
100007ca:	2280      	movs	r2, #128	@ 0x80
100007cc:	491a      	ldr	r1, [pc, #104]	@ (10000838 <main+0xcc>)
100007ce:	9300      	str	r3, [sp, #0]
100007d0:	0092      	lsls	r2, r2, #2
100007d2:	2300      	movs	r3, #0
100007d4:	4819      	ldr	r0, [pc, #100]	@ (1000083c <main+0xd0>)
100007d6:	9401      	str	r4, [sp, #4]
100007d8:	f006 f822 	bl	10006820 <xTaskCreate>
100007dc:	2302      	movs	r3, #2
100007de:	2280      	movs	r2, #128	@ 0x80
100007e0:	4917      	ldr	r1, [pc, #92]	@ (10000840 <main+0xd4>)
100007e2:	9300      	str	r3, [sp, #0]
100007e4:	00d2      	lsls	r2, r2, #3
100007e6:	2300      	movs	r3, #0
100007e8:	4816      	ldr	r0, [pc, #88]	@ (10000844 <main+0xd8>)
100007ea:	9401      	str	r4, [sp, #4]
100007ec:	f006 f818 	bl	10006820 <xTaskCreate>
100007f0:	2301      	movs	r3, #1
100007f2:	2280      	movs	r2, #128	@ 0x80
100007f4:	4914      	ldr	r1, [pc, #80]	@ (10000848 <main+0xdc>)
100007f6:	9300      	str	r3, [sp, #0]
100007f8:	00d2      	lsls	r2, r2, #3
100007fa:	2300      	movs	r3, #0
100007fc:	4813      	ldr	r0, [pc, #76]	@ (1000084c <main+0xe0>)
100007fe:	9401      	str	r4, [sp, #4]
10000800:	f006 f80e 	bl	10006820 <xTaskCreate>
10000804:	f006 f81e 	bl	10006844 <vTaskStartScheduler>
10000808:	e7fe      	b.n	10000808 <main+0x9c>
1000080a:	46c0      	nop			@ (mov r8, r8)
1000080c:	200224c4 	.word	0x200224c4
10000810:	20001ff4 	.word	0x20001ff4
10000814:	200022ec 	.word	0x200022ec
10000818:	3df5c28f 	.word	0x3df5c28f
1000081c:	20002314 	.word	0x20002314
10000820:	42f00000 	.word	0x42f00000
10000824:	20002300 	.word	0x20002300
10000828:	42a00000 	.word	0x42a00000
1000082c:	41a00000 	.word	0x41a00000
10000830:	200022d8 	.word	0x200022d8
10000834:	000005dc 	.word	0x000005dc
10000838:	10007884 	.word	0x10007884
1000083c:	10000609 	.word	0x10000609
10000840:	1000788c 	.word	0x1000788c
10000844:	100005cd 	.word	0x100005cd
10000848:	10007898 	.word	0x10007898
1000084c:	10000649 	.word	0x10000649

10000850 <ir_sensor_init>:
10000850:	b510      	push	{r4, lr}
10000852:	6001      	str	r1, [r0, #0]
10000854:	7102      	strb	r2, [r0, #4]
10000856:	0008      	movs	r0, r1
10000858:	000c      	movs	r4, r1
1000085a:	f000 f84b 	bl	100008f4 <gpio_init>
1000085e:	2301      	movs	r3, #1
10000860:	22d0      	movs	r2, #208	@ 0xd0
10000862:	40a3      	lsls	r3, r4
10000864:	0612      	lsls	r2, r2, #24
10000866:	6293      	str	r3, [r2, #40]	@ 0x28
10000868:	2101      	movs	r1, #1
1000086a:	2200      	movs	r2, #0
1000086c:	0020      	movs	r0, r4
1000086e:	f000 f82d 	bl	100008cc <gpio_set_pulls>
10000872:	bd10      	pop	{r4, pc}

10000874 <ir_sensor_detect>:
10000874:	2201      	movs	r2, #1
10000876:	23d0      	movs	r3, #208	@ 0xd0
10000878:	6801      	ldr	r1, [r0, #0]
1000087a:	061b      	lsls	r3, r3, #24
1000087c:	408a      	lsls	r2, r1
1000087e:	685b      	ldr	r3, [r3, #4]
10000880:	4013      	ands	r3, r2
10000882:	7902      	ldrb	r2, [r0, #4]
10000884:	2a00      	cmp	r2, #0
10000886:	d103      	bne.n	10000890 <ir_sensor_detect+0x1c>
10000888:	1e5a      	subs	r2, r3, #1
1000088a:	4193      	sbcs	r3, r2
1000088c:	b2d8      	uxtb	r0, r3
1000088e:	4770      	bx	lr
10000890:	425a      	negs	r2, r3
10000892:	4153      	adcs	r3, r2
10000894:	b2d8      	uxtb	r0, r3
10000896:	e7fa      	b.n	1000088e <ir_sensor_detect+0x1a>

10000898 <gpio_set_function>:
10000898:	4a09      	ldr	r2, [pc, #36]	@ (100008c0 <gpio_set_function+0x28>)
1000089a:	0083      	lsls	r3, r0, #2
1000089c:	189a      	adds	r2, r3, r2
1000089e:	b510      	push	{r4, lr}
100008a0:	6814      	ldr	r4, [r2, #0]
100008a2:	2240      	movs	r2, #64	@ 0x40
100008a4:	4054      	eors	r4, r2
100008a6:	3280      	adds	r2, #128	@ 0x80
100008a8:	4022      	ands	r2, r4
100008aa:	4c06      	ldr	r4, [pc, #24]	@ (100008c4 <gpio_set_function+0x2c>)
100008ac:	00c0      	lsls	r0, r0, #3
100008ae:	46a4      	mov	ip, r4
100008b0:	4463      	add	r3, ip
100008b2:	601a      	str	r2, [r3, #0]
100008b4:	4b04      	ldr	r3, [pc, #16]	@ (100008c8 <gpio_set_function+0x30>)
100008b6:	469c      	mov	ip, r3
100008b8:	4460      	add	r0, ip
100008ba:	6041      	str	r1, [r0, #4]
100008bc:	bd10      	pop	{r4, pc}
100008be:	46c0      	nop			@ (mov r8, r8)
100008c0:	4001c004 	.word	0x4001c004
100008c4:	4001d004 	.word	0x4001d004
100008c8:	40014000 	.word	0x40014000

100008cc <gpio_set_pulls>:
100008cc:	4b07      	ldr	r3, [pc, #28]	@ (100008ec <gpio_set_pulls+0x20>)
100008ce:	0080      	lsls	r0, r0, #2
100008d0:	18c3      	adds	r3, r0, r3
100008d2:	681b      	ldr	r3, [r3, #0]
100008d4:	00c9      	lsls	r1, r1, #3
100008d6:	0092      	lsls	r2, r2, #2
100008d8:	430a      	orrs	r2, r1
100008da:	405a      	eors	r2, r3
100008dc:	230c      	movs	r3, #12
100008de:	4013      	ands	r3, r2
100008e0:	4a03      	ldr	r2, [pc, #12]	@ (100008f0 <gpio_set_pulls+0x24>)
100008e2:	4694      	mov	ip, r2
100008e4:	4460      	add	r0, ip
100008e6:	6003      	str	r3, [r0, #0]
100008e8:	4770      	bx	lr
100008ea:	46c0      	nop			@ (mov r8, r8)
100008ec:	4001c004 	.word	0x4001c004
100008f0:	4001d004 	.word	0x4001d004

100008f4 <gpio_init>:
100008f4:	2301      	movs	r3, #1
100008f6:	22d0      	movs	r2, #208	@ 0xd0
100008f8:	4083      	lsls	r3, r0
100008fa:	0612      	lsls	r2, r2, #24
100008fc:	6293      	str	r3, [r2, #40]	@ 0x28
100008fe:	6193      	str	r3, [r2, #24]
10000900:	4a09      	ldr	r2, [pc, #36]	@ (10000928 <gpio_init+0x34>)
10000902:	0083      	lsls	r3, r0, #2
10000904:	189a      	adds	r2, r3, r2
10000906:	6811      	ldr	r1, [r2, #0]
10000908:	2240      	movs	r2, #64	@ 0x40
1000090a:	4051      	eors	r1, r2
1000090c:	3280      	adds	r2, #128	@ 0x80
1000090e:	400a      	ands	r2, r1
10000910:	4906      	ldr	r1, [pc, #24]	@ (1000092c <gpio_init+0x38>)
10000912:	00c0      	lsls	r0, r0, #3
10000914:	468c      	mov	ip, r1
10000916:	4463      	add	r3, ip
10000918:	601a      	str	r2, [r3, #0]
1000091a:	4b05      	ldr	r3, [pc, #20]	@ (10000930 <gpio_init+0x3c>)
1000091c:	469c      	mov	ip, r3
1000091e:	2305      	movs	r3, #5
10000920:	4460      	add	r0, ip
10000922:	6043      	str	r3, [r0, #4]
10000924:	4770      	bx	lr
10000926:	46c0      	nop			@ (mov r8, r8)
10000928:	4001c004 	.word	0x4001c004
1000092c:	4001d004 	.word	0x4001d004
10000930:	40014000 	.word	0x40014000

10000934 <rp2040_chip_version>:
10000934:	2380      	movs	r3, #128	@ 0x80
10000936:	05db      	lsls	r3, r3, #23
10000938:	6818      	ldr	r0, [r3, #0]
1000093a:	0f00      	lsrs	r0, r0, #28
1000093c:	4770      	bx	lr
1000093e:	46c0      	nop			@ (mov r8, r8)

10000940 <panic>:
10000940:	b40f      	push	{r0, r1, r2, r3}
10000942:	b500      	push	{lr}
10000944:	4808      	ldr	r0, [pc, #32]	@ (10000968 <panic+0x28>)
10000946:	b083      	sub	sp, #12
10000948:	f001 ff6e 	bl	10002828 <__wrap_puts>
1000094c:	9b04      	ldr	r3, [sp, #16]
1000094e:	2b00      	cmp	r3, #0
10000950:	d007      	beq.n	10000962 <panic+0x22>
10000952:	a905      	add	r1, sp, #20
10000954:	0018      	movs	r0, r3
10000956:	9101      	str	r1, [sp, #4]
10000958:	f001 fdf8 	bl	1000254c <weak_raw_vprintf>
1000095c:	4803      	ldr	r0, [pc, #12]	@ (1000096c <panic+0x2c>)
1000095e:	f001 ff63 	bl	10002828 <__wrap_puts>
10000962:	2001      	movs	r0, #1
10000964:	f001 fe0a 	bl	1000257c <_exit>
10000968:	100078a4 	.word	0x100078a4
1000096c:	100078b4 	.word	0x100078b4

10000970 <panic_unsupported>:
10000970:	b510      	push	{r4, lr}
10000972:	4801      	ldr	r0, [pc, #4]	@ (10000978 <panic_unsupported+0x8>)
10000974:	f7ff ffe4 	bl	10000940 <panic>
10000978:	100078b8 	.word	0x100078b8

1000097c <hw_claim_or_assert>:
1000097c:	b570      	push	{r4, r5, r6, lr}
1000097e:	f3ef 8c10 	mrs	ip, PRIMASK
10000982:	b672      	cpsid	i
10000984:	4d0d      	ldr	r5, [pc, #52]	@ (100009bc <hw_claim_or_assert+0x40>)
10000986:	682b      	ldr	r3, [r5, #0]
10000988:	2b00      	cmp	r3, #0
1000098a:	d0fc      	beq.n	10000986 <hw_claim_or_assert+0xa>
1000098c:	f3bf 8f5f 	dmb	sy
10000990:	2407      	movs	r4, #7
10000992:	08cb      	lsrs	r3, r1, #3
10000994:	18c6      	adds	r6, r0, r3
10000996:	5cc0      	ldrb	r0, [r0, r3]
10000998:	2301      	movs	r3, #1
1000099a:	400c      	ands	r4, r1
1000099c:	40a3      	lsls	r3, r4
1000099e:	001c      	movs	r4, r3
100009a0:	4004      	ands	r4, r0
100009a2:	4203      	tst	r3, r0
100009a4:	d107      	bne.n	100009b6 <hw_claim_or_assert+0x3a>
100009a6:	4318      	orrs	r0, r3
100009a8:	7030      	strb	r0, [r6, #0]
100009aa:	f3bf 8f5f 	dmb	sy
100009ae:	602c      	str	r4, [r5, #0]
100009b0:	f38c 8810 	msr	PRIMASK, ip
100009b4:	bd70      	pop	{r4, r5, r6, pc}
100009b6:	0010      	movs	r0, r2
100009b8:	f7ff ffc2 	bl	10000940 <panic>
100009bc:	d000012c 	.word	0xd000012c

100009c0 <hw_claim_unused_from_range>:
100009c0:	b5f8      	push	{r3, r4, r5, r6, r7, lr}
100009c2:	4647      	mov	r7, r8
100009c4:	46ce      	mov	lr, r9
100009c6:	4688      	mov	r8, r1
100009c8:	b580      	push	{r7, lr}
100009ca:	f3ef 8c10 	mrs	ip, PRIMASK
100009ce:	b672      	cpsid	i
100009d0:	4d21      	ldr	r5, [pc, #132]	@ (10000a58 <hw_claim_unused_from_range+0x98>)
100009d2:	682c      	ldr	r4, [r5, #0]
100009d4:	2c00      	cmp	r4, #0
100009d6:	d0fc      	beq.n	100009d2 <hw_claim_unused_from_range+0x12>
100009d8:	f3bf 8f5f 	dmb	sy
100009dc:	429a      	cmp	r2, r3
100009de:	d82c      	bhi.n	10000a3a <hw_claim_unused_from_range+0x7a>
100009e0:	08d4      	lsrs	r4, r2, #3
100009e2:	2707      	movs	r7, #7
100009e4:	5d05      	ldrb	r5, [r0, r4]
100009e6:	1906      	adds	r6, r0, r4
100009e8:	2401      	movs	r4, #1
100009ea:	4017      	ands	r7, r2
100009ec:	40bc      	lsls	r4, r7
100009ee:	422c      	tst	r4, r5
100009f0:	d01f      	beq.n	10000a32 <hw_claim_unused_from_range+0x72>
100009f2:	2107      	movs	r1, #7
100009f4:	2701      	movs	r7, #1
100009f6:	4689      	mov	r9, r1
100009f8:	e009      	b.n	10000a0e <hw_claim_unused_from_range+0x4e>
100009fa:	08d4      	lsrs	r4, r2, #3
100009fc:	5d05      	ldrb	r5, [r0, r4]
100009fe:	1906      	adds	r6, r0, r4
10000a00:	464c      	mov	r4, r9
10000a02:	0039      	movs	r1, r7
10000a04:	4014      	ands	r4, r2
10000a06:	40a1      	lsls	r1, r4
10000a08:	000c      	movs	r4, r1
10000a0a:	4229      	tst	r1, r5
10000a0c:	d011      	beq.n	10000a32 <hw_claim_unused_from_range+0x72>
10000a0e:	3201      	adds	r2, #1
10000a10:	4293      	cmp	r3, r2
10000a12:	d2f2      	bcs.n	100009fa <hw_claim_unused_from_range+0x3a>
10000a14:	2001      	movs	r0, #1
10000a16:	4240      	negs	r0, r0
10000a18:	f3bf 8f5f 	dmb	sy
10000a1c:	2200      	movs	r2, #0
10000a1e:	4b0e      	ldr	r3, [pc, #56]	@ (10000a58 <hw_claim_unused_from_range+0x98>)
10000a20:	601a      	str	r2, [r3, #0]
10000a22:	f38c 8810 	msr	PRIMASK, ip
10000a26:	2800      	cmp	r0, #0
10000a28:	db0f      	blt.n	10000a4a <hw_claim_unused_from_range+0x8a>
10000a2a:	bcc0      	pop	{r6, r7}
10000a2c:	46b9      	mov	r9, r7
10000a2e:	46b0      	mov	r8, r6
10000a30:	bdf8      	pop	{r3, r4, r5, r6, r7, pc}
10000a32:	4325      	orrs	r5, r4
10000a34:	0010      	movs	r0, r2
10000a36:	7035      	strb	r5, [r6, #0]
10000a38:	e7ee      	b.n	10000a18 <hw_claim_unused_from_range+0x58>
10000a3a:	f3bf 8f5f 	dmb	sy
10000a3e:	2300      	movs	r3, #0
10000a40:	602b      	str	r3, [r5, #0]
10000a42:	f38c 8810 	msr	PRIMASK, ip
10000a46:	2001      	movs	r0, #1
10000a48:	4240      	negs	r0, r0
10000a4a:	4643      	mov	r3, r8
10000a4c:	2b00      	cmp	r3, #0
10000a4e:	d0ec      	beq.n	10000a2a <hw_claim_unused_from_range+0x6a>
10000a50:	9808      	ldr	r0, [sp, #32]
10000a52:	f7ff ff75 	bl	10000940 <panic>
10000a56:	46c0      	nop			@ (mov r8, r8)
10000a58:	d000012c 	.word	0xd000012c

10000a5c <next_striped_spin_lock_num>:
10000a5c:	4a04      	ldr	r2, [pc, #16]	@ (10000a70 <next_striped_spin_lock_num+0x14>)
10000a5e:	7810      	ldrb	r0, [r2, #0]
10000a60:	1c43      	adds	r3, r0, #1
10000a62:	b2db      	uxtb	r3, r3
10000a64:	2b17      	cmp	r3, #23
10000a66:	d900      	bls.n	10000a6a <next_striped_spin_lock_num+0xe>
10000a68:	2310      	movs	r3, #16
10000a6a:	7013      	strb	r3, [r2, #0]
10000a6c:	4770      	bx	lr
10000a6e:	46c0      	nop			@ (mov r8, r8)
10000a70:	20000fa8 	.word	0x20000fa8

10000a74 <spin_lock_claim_unused>:
10000a74:	b510      	push	{r4, lr}
10000a76:	4b06      	ldr	r3, [pc, #24]	@ (10000a90 <spin_lock_claim_unused+0x1c>)
10000a78:	4c06      	ldr	r4, [pc, #24]	@ (10000a94 <spin_lock_claim_unused+0x20>)
10000a7a:	b082      	sub	sp, #8
10000a7c:	0001      	movs	r1, r0
10000a7e:	9300      	str	r3, [sp, #0]
10000a80:	2218      	movs	r2, #24
10000a82:	231f      	movs	r3, #31
10000a84:	0020      	movs	r0, r4
10000a86:	f7ff ff9b 	bl	100009c0 <hw_claim_unused_from_range>
10000a8a:	b002      	add	sp, #8
10000a8c:	bd10      	pop	{r4, pc}
10000a8e:	46c0      	nop			@ (mov r8, r8)
10000a90:	100078c8 	.word	0x100078c8
10000a94:	20001b90 	.word	0x20001b90

10000a98 <spin_locks_reset>:
10000a98:	2100      	movs	r1, #0
10000a9a:	4b04      	ldr	r3, [pc, #16]	@ (10000aac <spin_locks_reset+0x14>)
10000a9c:	4a04      	ldr	r2, [pc, #16]	@ (10000ab0 <spin_locks_reset+0x18>)
10000a9e:	f3bf 8f5f 	dmb	sy
10000aa2:	c302      	stmia	r3!, {r1}
10000aa4:	4293      	cmp	r3, r2
10000aa6:	d1fa      	bne.n	10000a9e <spin_locks_reset+0x6>
10000aa8:	4770      	bx	lr
10000aaa:	46c0      	nop			@ (mov r8, r8)
10000aac:	d0000100 	.word	0xd0000100
10000ab0:	d0000180 	.word	0xd0000180

10000ab4 <runtime_init_per_core_irq_priorities>:
10000ab4:	4b05      	ldr	r3, [pc, #20]	@ (10000acc <runtime_init_per_core_irq_priorities+0x18>)
10000ab6:	4a06      	ldr	r2, [pc, #24]	@ (10000ad0 <runtime_init_per_core_irq_priorities+0x1c>)
10000ab8:	6013      	str	r3, [r2, #0]
10000aba:	4a06      	ldr	r2, [pc, #24]	@ (10000ad4 <runtime_init_per_core_irq_priorities+0x20>)
10000abc:	6013      	str	r3, [r2, #0]
10000abe:	6053      	str	r3, [r2, #4]
10000ac0:	6093      	str	r3, [r2, #8]
10000ac2:	60d3      	str	r3, [r2, #12]
10000ac4:	6113      	str	r3, [r2, #16]
10000ac6:	6153      	str	r3, [r2, #20]
10000ac8:	6193      	str	r3, [r2, #24]
10000aca:	4770      	bx	lr
10000acc:	80808080 	.word	0x80808080
10000ad0:	e000e400 	.word	0xe000e400
10000ad4:	e000e404 	.word	0xe000e404

10000ad8 <irq_set_enabled>:
10000ad8:	231f      	movs	r3, #31
10000ada:	4018      	ands	r0, r3
10000adc:	3b1e      	subs	r3, #30
10000ade:	4083      	lsls	r3, r0
10000ae0:	2900      	cmp	r1, #0
10000ae2:	d005      	beq.n	10000af0 <irq_set_enabled+0x18>
10000ae4:	21c0      	movs	r1, #192	@ 0xc0
10000ae6:	4a04      	ldr	r2, [pc, #16]	@ (10000af8 <irq_set_enabled+0x20>)
10000ae8:	0049      	lsls	r1, r1, #1
10000aea:	5053      	str	r3, [r2, r1]
10000aec:	6013      	str	r3, [r2, #0]
10000aee:	4770      	bx	lr
10000af0:	2280      	movs	r2, #128	@ 0x80
10000af2:	4901      	ldr	r1, [pc, #4]	@ (10000af8 <irq_set_enabled+0x20>)
10000af4:	508b      	str	r3, [r1, r2]
10000af6:	e7fa      	b.n	10000aee <irq_set_enabled+0x16>
10000af8:	e000e100 	.word	0xe000e100

10000afc <irq_is_enabled>:
10000afc:	2201      	movs	r2, #1
10000afe:	4082      	lsls	r2, r0
10000b00:	4b03      	ldr	r3, [pc, #12]	@ (10000b10 <irq_is_enabled+0x14>)
10000b02:	681b      	ldr	r3, [r3, #0]
10000b04:	4013      	ands	r3, r2
10000b06:	1e5a      	subs	r2, r3, #1
10000b08:	4193      	sbcs	r3, r2
10000b0a:	b2d8      	uxtb	r0, r3
10000b0c:	4770      	bx	lr
10000b0e:	46c0      	nop			@ (mov r8, r8)
10000b10:	e000e100 	.word	0xe000e100

10000b14 <irq_set_pending>:
10000b14:	2301      	movs	r3, #1
10000b16:	4083      	lsls	r3, r0
10000b18:	4a01      	ldr	r2, [pc, #4]	@ (10000b20 <irq_set_pending+0xc>)
10000b1a:	6013      	str	r3, [r2, #0]
10000b1c:	4770      	bx	lr
10000b1e:	46c0      	nop			@ (mov r8, r8)
10000b20:	e000e200 	.word	0xe000e200

10000b24 <irq_has_shared_handler>:
10000b24:	4b06      	ldr	r3, [pc, #24]	@ (10000b40 <irq_has_shared_handler+0x1c>)
10000b26:	3010      	adds	r0, #16
10000b28:	689b      	ldr	r3, [r3, #8]
10000b2a:	0080      	lsls	r0, r0, #2
10000b2c:	58c3      	ldr	r3, [r0, r3]
10000b2e:	4a05      	ldr	r2, [pc, #20]	@ (10000b44 <irq_has_shared_handler+0x20>)
10000b30:	2000      	movs	r0, #0
10000b32:	1a9b      	subs	r3, r3, r2
10000b34:	222f      	movs	r2, #47	@ 0x2f
10000b36:	429a      	cmp	r2, r3
10000b38:	4140      	adcs	r0, r0
10000b3a:	b2c0      	uxtb	r0, r0
10000b3c:	4770      	bx	lr
10000b3e:	46c0      	nop			@ (mov r8, r8)
10000b40:	e000ed00 	.word	0xe000ed00
10000b44:	20000fac 	.word	0x20000fac

10000b48 <irq_set_exclusive_handler>:
10000b48:	b570      	push	{r4, r5, r6, lr}
10000b4a:	000d      	movs	r5, r1
10000b4c:	f3ef 8610 	mrs	r6, PRIMASK
10000b50:	b672      	cpsid	i
10000b52:	4a0f      	ldr	r2, [pc, #60]	@ (10000b90 <irq_set_exclusive_handler+0x48>)
10000b54:	6813      	ldr	r3, [r2, #0]
10000b56:	2b00      	cmp	r3, #0
10000b58:	d0fc      	beq.n	10000b54 <irq_set_exclusive_handler+0xc>
10000b5a:	f3bf 8f5f 	dmb	sy
10000b5e:	4b0d      	ldr	r3, [pc, #52]	@ (10000b94 <irq_set_exclusive_handler+0x4c>)
10000b60:	3010      	adds	r0, #16
10000b62:	689b      	ldr	r3, [r3, #8]
10000b64:	0084      	lsls	r4, r0, #2
10000b66:	591b      	ldr	r3, [r3, r4]
10000b68:	4a0b      	ldr	r2, [pc, #44]	@ (10000b98 <irq_set_exclusive_handler+0x50>)
10000b6a:	4293      	cmp	r3, r2
10000b6c:	d003      	beq.n	10000b76 <irq_set_exclusive_handler+0x2e>
10000b6e:	429d      	cmp	r5, r3
10000b70:	d001      	beq.n	10000b76 <irq_set_exclusive_handler+0x2e>
10000b72:	f001 f80b 	bl	10001b8c <hard_assertion_failure>
10000b76:	4b07      	ldr	r3, [pc, #28]	@ (10000b94 <irq_set_exclusive_handler+0x4c>)
10000b78:	689b      	ldr	r3, [r3, #8]
10000b7a:	511d      	str	r5, [r3, r4]
10000b7c:	f3bf 8f5f 	dmb	sy
10000b80:	f3bf 8f5f 	dmb	sy
10000b84:	2200      	movs	r2, #0
10000b86:	4b02      	ldr	r3, [pc, #8]	@ (10000b90 <irq_set_exclusive_handler+0x48>)
10000b88:	601a      	str	r2, [r3, #0]
10000b8a:	f386 8810 	msr	PRIMASK, r6
10000b8e:	bd70      	pop	{r4, r5, r6, pc}
10000b90:	d0000124 	.word	0xd0000124
10000b94:	e000ed00 	.word	0xe000ed00
10000b98:	100001c1 	.word	0x100001c1

10000b9c <irq_add_shared_handler>:
10000b9c:	b5f0      	push	{r4, r5, r6, r7, lr}
10000b9e:	4657      	mov	r7, sl
10000ba0:	464e      	mov	r6, r9
10000ba2:	46de      	mov	lr, fp
10000ba4:	4645      	mov	r5, r8
10000ba6:	b5e0      	push	{r5, r6, r7, lr}
10000ba8:	b085      	sub	sp, #20
10000baa:	0006      	movs	r6, r0
10000bac:	9100      	str	r1, [sp, #0]
10000bae:	0017      	movs	r7, r2
10000bb0:	f3ef 8b10 	mrs	fp, PRIMASK
10000bb4:	b672      	cpsid	i
10000bb6:	4a6a      	ldr	r2, [pc, #424]	@ (10000d60 <irq_add_shared_handler+0x1c4>)
10000bb8:	6813      	ldr	r3, [r2, #0]
10000bba:	2b00      	cmp	r3, #0
10000bbc:	d0fc      	beq.n	10000bb8 <irq_add_shared_handler+0x1c>
10000bbe:	f3bf 8f5f 	dmb	sy
10000bc2:	2500      	movs	r5, #0
10000bc4:	4b67      	ldr	r3, [pc, #412]	@ (10000d64 <irq_add_shared_handler+0x1c8>)
10000bc6:	575d      	ldrsb	r5, [r3, r5]
10000bc8:	469a      	mov	sl, r3
10000bca:	2d00      	cmp	r5, #0
10000bcc:	da00      	bge.n	10000bd0 <irq_add_shared_handler+0x34>
10000bce:	e0a9      	b.n	10000d24 <irq_add_shared_handler+0x188>
10000bd0:	006b      	lsls	r3, r5, #1
10000bd2:	4c65      	ldr	r4, [pc, #404]	@ (10000d68 <irq_add_shared_handler+0x1cc>)
10000bd4:	9301      	str	r3, [sp, #4]
10000bd6:	195b      	adds	r3, r3, r5
10000bd8:	009b      	lsls	r3, r3, #2
10000bda:	4698      	mov	r8, r3
10000bdc:	46a1      	mov	r9, r4
10000bde:	44c1      	add	r9, r8
10000be0:	464b      	mov	r3, r9
10000be2:	4652      	mov	r2, sl
10000be4:	799b      	ldrb	r3, [r3, #6]
10000be6:	3610      	adds	r6, #16
10000be8:	7013      	strb	r3, [r2, #0]
10000bea:	4b60      	ldr	r3, [pc, #384]	@ (10000d6c <irq_add_shared_handler+0x1d0>)
10000bec:	00b6      	lsls	r6, r6, #2
10000bee:	689b      	ldr	r3, [r3, #8]
10000bf0:	5999      	ldr	r1, [r3, r6]
10000bf2:	1b0b      	subs	r3, r1, r4
10000bf4:	2b2f      	cmp	r3, #47	@ 0x2f
10000bf6:	d933      	bls.n	10000c60 <irq_add_shared_handler+0xc4>
10000bf8:	4b5d      	ldr	r3, [pc, #372]	@ (10000d70 <irq_add_shared_handler+0x1d4>)
10000bfa:	4299      	cmp	r1, r3
10000bfc:	d000      	beq.n	10000c00 <irq_add_shared_handler+0x64>
10000bfe:	e0ac      	b.n	10000d5a <irq_add_shared_handler+0x1be>
10000c00:	9b01      	ldr	r3, [sp, #4]
10000c02:	4642      	mov	r2, r8
10000c04:	469c      	mov	ip, r3
10000c06:	4b5b      	ldr	r3, [pc, #364]	@ (10000d74 <irq_add_shared_handler+0x1d8>)
10000c08:	4465      	add	r5, ip
10000c0a:	00ad      	lsls	r5, r5, #2
10000c0c:	5363      	strh	r3, [r4, r5]
10000c0e:	4b5a      	ldr	r3, [pc, #360]	@ (10000d78 <irq_add_shared_handler+0x1dc>)
10000c10:	3202      	adds	r2, #2
10000c12:	18a2      	adds	r2, r4, r2
10000c14:	3b04      	subs	r3, #4
10000c16:	1a9b      	subs	r3, r3, r2
10000c18:	051b      	lsls	r3, r3, #20
10000c1a:	4a58      	ldr	r2, [pc, #352]	@ (10000d7c <irq_add_shared_handler+0x1e0>)
10000c1c:	0d5b      	lsrs	r3, r3, #21
10000c1e:	1965      	adds	r5, r4, r5
10000c20:	4313      	orrs	r3, r2
10000c22:	806b      	strh	r3, [r5, #2]
10000c24:	4b56      	ldr	r3, [pc, #344]	@ (10000d80 <irq_add_shared_handler+0x1e4>)
10000c26:	2101      	movs	r1, #1
10000c28:	80ab      	strh	r3, [r5, #4]
10000c2a:	23ff      	movs	r3, #255	@ 0xff
10000c2c:	71ab      	strb	r3, [r5, #6]
10000c2e:	9b00      	ldr	r3, [sp, #0]
10000c30:	71ef      	strb	r7, [r5, #7]
10000c32:	60ab      	str	r3, [r5, #8]
10000c34:	464b      	mov	r3, r9
10000c36:	430b      	orrs	r3, r1
10000c38:	0019      	movs	r1, r3
10000c3a:	4b4c      	ldr	r3, [pc, #304]	@ (10000d6c <irq_add_shared_handler+0x1d0>)
10000c3c:	689b      	ldr	r3, [r3, #8]
10000c3e:	5199      	str	r1, [r3, r6]
10000c40:	f3bf 8f5f 	dmb	sy
10000c44:	f3bf 8f5f 	dmb	sy
10000c48:	2200      	movs	r2, #0
10000c4a:	4b45      	ldr	r3, [pc, #276]	@ (10000d60 <irq_add_shared_handler+0x1c4>)
10000c4c:	601a      	str	r2, [r3, #0]
10000c4e:	f38b 8810 	msr	PRIMASK, fp
10000c52:	b005      	add	sp, #20
10000c54:	bcf0      	pop	{r4, r5, r6, r7}
10000c56:	46bb      	mov	fp, r7
10000c58:	46b2      	mov	sl, r6
10000c5a:	46a9      	mov	r9, r5
10000c5c:	46a0      	mov	r8, r4
10000c5e:	bdf0      	pop	{r4, r5, r6, r7, pc}
10000c60:	2001      	movs	r0, #1
10000c62:	000a      	movs	r2, r1
10000c64:	4382      	bics	r2, r0
10000c66:	79d3      	ldrb	r3, [r2, #7]
10000c68:	468c      	mov	ip, r1
10000c6a:	42bb      	cmp	r3, r7
10000c6c:	d831      	bhi.n	10000cd2 <irq_add_shared_handler+0x136>
10000c6e:	4645      	mov	r5, r8
10000c70:	0013      	movs	r3, r2
10000c72:	4944      	ldr	r1, [pc, #272]	@ (10000d84 <irq_add_shared_handler+0x1e8>)
10000c74:	1b1b      	subs	r3, r3, r4
10000c76:	415b      	adcs	r3, r3
10000c78:	4359      	muls	r1, r3
10000c7a:	0d09      	lsrs	r1, r1, #20
10000c7c:	4b3d      	ldr	r3, [pc, #244]	@ (10000d74 <irq_add_shared_handler+0x1d8>)
10000c7e:	5363      	strh	r3, [r4, r5]
10000c80:	4b3d      	ldr	r3, [pc, #244]	@ (10000d78 <irq_add_shared_handler+0x1dc>)
10000c82:	3502      	adds	r5, #2
10000c84:	1965      	adds	r5, r4, r5
10000c86:	3b04      	subs	r3, #4
10000c88:	1b5b      	subs	r3, r3, r5
10000c8a:	051b      	lsls	r3, r3, #20
10000c8c:	4d3b      	ldr	r5, [pc, #236]	@ (10000d7c <irq_add_shared_handler+0x1e0>)
10000c8e:	0d5b      	lsrs	r3, r3, #21
10000c90:	432b      	orrs	r3, r5
10000c92:	46aa      	mov	sl, r5
10000c94:	464d      	mov	r5, r9
10000c96:	806b      	strh	r3, [r5, #2]
10000c98:	2504      	movs	r5, #4
10000c9a:	46ac      	mov	ip, r5
10000c9c:	4655      	mov	r5, sl
10000c9e:	44e0      	add	r8, ip
10000ca0:	1f13      	subs	r3, r2, #4
10000ca2:	4444      	add	r4, r8
10000ca4:	1b1b      	subs	r3, r3, r4
10000ca6:	051b      	lsls	r3, r3, #20
10000ca8:	0d5b      	lsrs	r3, r3, #21
10000caa:	431d      	orrs	r5, r3
10000cac:	464b      	mov	r3, r9
10000cae:	7199      	strb	r1, [r3, #6]
10000cb0:	9900      	ldr	r1, [sp, #0]
10000cb2:	809d      	strh	r5, [r3, #4]
10000cb4:	6099      	str	r1, [r3, #8]
10000cb6:	4649      	mov	r1, r9
10000cb8:	71df      	strb	r7, [r3, #7]
10000cba:	4b33      	ldr	r3, [pc, #204]	@ (10000d88 <irq_add_shared_handler+0x1ec>)
10000cbc:	4301      	orrs	r1, r0
10000cbe:	6013      	str	r3, [r2, #0]
10000cc0:	e7bb      	b.n	10000c3a <irq_add_shared_handler+0x9e>
10000cc2:	0058      	lsls	r0, r3, #1
10000cc4:	18c0      	adds	r0, r0, r3
10000cc6:	0080      	lsls	r0, r0, #2
10000cc8:	1820      	adds	r0, r4, r0
10000cca:	79c1      	ldrb	r1, [r0, #7]
10000ccc:	42b9      	cmp	r1, r7
10000cce:	d92f      	bls.n	10000d30 <irq_add_shared_handler+0x194>
10000cd0:	0002      	movs	r2, r0
10000cd2:	2306      	movs	r3, #6
10000cd4:	56d3      	ldrsb	r3, [r2, r3]
10000cd6:	2b00      	cmp	r3, #0
10000cd8:	daf3      	bge.n	10000cc2 <irq_add_shared_handler+0x126>
10000cda:	9302      	str	r3, [sp, #8]
10000cdc:	4b2b      	ldr	r3, [pc, #172]	@ (10000d8c <irq_add_shared_handler+0x1f0>)
10000cde:	4661      	mov	r1, ip
10000ce0:	9303      	str	r3, [sp, #12]
10000ce2:	1d13      	adds	r3, r2, #4
10000ce4:	469a      	mov	sl, r3
10000ce6:	2304      	movs	r3, #4
10000ce8:	425b      	negs	r3, r3
10000cea:	469c      	mov	ip, r3
10000cec:	44e1      	add	r9, ip
10000cee:	4650      	mov	r0, sl
10000cf0:	464b      	mov	r3, r9
10000cf2:	1a1b      	subs	r3, r3, r0
10000cf4:	051b      	lsls	r3, r3, #20
10000cf6:	0d5b      	lsrs	r3, r3, #21
10000cf8:	469c      	mov	ip, r3
10000cfa:	4b20      	ldr	r3, [pc, #128]	@ (10000d7c <irq_add_shared_handler+0x1e0>)
10000cfc:	7195      	strb	r5, [r2, #6]
10000cfe:	4698      	mov	r8, r3
10000d00:	4663      	mov	r3, ip
10000d02:	4640      	mov	r0, r8
10000d04:	4303      	orrs	r3, r0
10000d06:	8093      	strh	r3, [r2, #4]
10000d08:	9b01      	ldr	r3, [sp, #4]
10000d0a:	195a      	adds	r2, r3, r5
10000d0c:	0092      	lsls	r2, r2, #2
10000d0e:	9b03      	ldr	r3, [sp, #12]
10000d10:	18a4      	adds	r4, r4, r2
10000d12:	80a3      	strh	r3, [r4, #4]
10000d14:	9b02      	ldr	r3, [sp, #8]
10000d16:	4a1c      	ldr	r2, [pc, #112]	@ (10000d88 <irq_add_shared_handler+0x1ec>)
10000d18:	71a3      	strb	r3, [r4, #6]
10000d1a:	9b00      	ldr	r3, [sp, #0]
10000d1c:	6022      	str	r2, [r4, #0]
10000d1e:	71e7      	strb	r7, [r4, #7]
10000d20:	60a3      	str	r3, [r4, #8]
10000d22:	e78a      	b.n	10000c3a <irq_add_shared_handler+0x9e>
10000d24:	f000 ff32 	bl	10001b8c <hard_assertion_failure>
10000d28:	2500      	movs	r5, #0
10000d2a:	4653      	mov	r3, sl
10000d2c:	575d      	ldrsb	r5, [r3, r5]
10000d2e:	e74f      	b.n	10000bd0 <irq_add_shared_handler+0x34>
10000d30:	8890      	ldrh	r0, [r2, #4]
10000d32:	9302      	str	r3, [sp, #8]
10000d34:	0540      	lsls	r0, r0, #21
10000d36:	1d13      	adds	r3, r2, #4
10000d38:	469a      	mov	sl, r3
10000d3a:	1503      	asrs	r3, r0, #20
10000d3c:	4661      	mov	r1, ip
10000d3e:	469c      	mov	ip, r3
10000d40:	4640      	mov	r0, r8
10000d42:	44d4      	add	ip, sl
10000d44:	4663      	mov	r3, ip
10000d46:	3004      	adds	r0, #4
10000d48:	1820      	adds	r0, r4, r0
10000d4a:	1a18      	subs	r0, r3, r0
10000d4c:	23e0      	movs	r3, #224	@ 0xe0
10000d4e:	0500      	lsls	r0, r0, #20
10000d50:	0d40      	lsrs	r0, r0, #21
10000d52:	021b      	lsls	r3, r3, #8
10000d54:	4318      	orrs	r0, r3
10000d56:	9003      	str	r0, [sp, #12]
10000d58:	e7c5      	b.n	10000ce6 <irq_add_shared_handler+0x14a>
10000d5a:	f000 ff17 	bl	10001b8c <hard_assertion_failure>
10000d5e:	e74f      	b.n	10000c00 <irq_add_shared_handler+0x64>
10000d60:	d0000124 	.word	0xd0000124
10000d64:	20022540 	.word	0x20022540
10000d68:	20000fac 	.word	0x20000fac
10000d6c:	e000ed00 	.word	0xe000ed00
10000d70:	100001c1 	.word	0x100001c1
10000d74:	ffffa100 	.word	0xffffa100
10000d78:	20000fdc 	.word	0x20000fdc
10000d7c:	ffffe000 	.word	0xffffe000
10000d80:	ffffbd01 	.word	0xffffbd01
10000d84:	0000aaaa 	.word	0x0000aaaa
10000d88:	47804801 	.word	0x47804801
10000d8c:	0000bd01 	.word	0x0000bd01

10000d90 <irq_set_priority>:
10000d90:	b510      	push	{r4, lr}
10000d92:	0883      	lsrs	r3, r0, #2
10000d94:	0004      	movs	r4, r0
10000d96:	2003      	movs	r0, #3
10000d98:	4020      	ands	r0, r4
10000d9a:	24ff      	movs	r4, #255	@ 0xff
10000d9c:	4a05      	ldr	r2, [pc, #20]	@ (10000db4 <irq_set_priority+0x24>)
10000d9e:	00c0      	lsls	r0, r0, #3
10000da0:	4694      	mov	ip, r2
10000da2:	4084      	lsls	r4, r0
10000da4:	4081      	lsls	r1, r0
10000da6:	009b      	lsls	r3, r3, #2
10000da8:	4463      	add	r3, ip
10000daa:	681a      	ldr	r2, [r3, #0]
10000dac:	43a2      	bics	r2, r4
10000dae:	430a      	orrs	r2, r1
10000db0:	601a      	str	r2, [r3, #0]
10000db2:	bd10      	pop	{r4, pc}
10000db4:	e000e400 	.word	0xe000e400

10000db8 <irq_add_tail_to_free_list>:
10000db8:	b570      	push	{r4, r5, r6, lr}
10000dba:	2401      	movs	r4, #1
10000dbc:	4304      	orrs	r4, r0
10000dbe:	f3ef 8105 	mrs	r1, IPSR
10000dc2:	f3ef 8c10 	mrs	ip, PRIMASK
10000dc6:	b672      	cpsid	i
10000dc8:	4a21      	ldr	r2, [pc, #132]	@ (10000e50 <irq_add_tail_to_free_list+0x98>)
10000dca:	6813      	ldr	r3, [r2, #0]
10000dcc:	2b00      	cmp	r3, #0
10000dce:	d0fc      	beq.n	10000dca <irq_add_tail_to_free_list+0x12>
10000dd0:	f3bf 8f5f 	dmb	sy
10000dd4:	4b1f      	ldr	r3, [pc, #124]	@ (10000e54 <irq_add_tail_to_free_list+0x9c>)
10000dd6:	0005      	movs	r5, r0
10000dd8:	4a1f      	ldr	r2, [pc, #124]	@ (10000e58 <irq_add_tail_to_free_list+0xa0>)
10000dda:	1aed      	subs	r5, r5, r3
10000ddc:	416d      	adcs	r5, r5
10000dde:	436a      	muls	r2, r5
10000de0:	0d12      	lsrs	r2, r2, #20
10000de2:	4d1e      	ldr	r5, [pc, #120]	@ (10000e5c <irq_add_tail_to_free_list+0xa4>)
10000de4:	0089      	lsls	r1, r1, #2
10000de6:	68ae      	ldr	r6, [r5, #8]
10000de8:	b252      	sxtb	r2, r2
10000dea:	5876      	ldr	r6, [r6, r1]
10000dec:	42a6      	cmp	r6, r4
10000dee:	d01c      	beq.n	10000e2a <irq_add_tail_to_free_list+0x72>
10000df0:	2106      	movs	r1, #6
10000df2:	5659      	ldrsb	r1, [r3, r1]
10000df4:	4291      	cmp	r1, r2
10000df6:	d01c      	beq.n	10000e32 <irq_add_tail_to_free_list+0x7a>
10000df8:	2112      	movs	r1, #18
10000dfa:	5659      	ldrsb	r1, [r3, r1]
10000dfc:	4291      	cmp	r1, r2
10000dfe:	d022      	beq.n	10000e46 <irq_add_tail_to_free_list+0x8e>
10000e00:	211e      	movs	r1, #30
10000e02:	5659      	ldrsb	r1, [r3, r1]
10000e04:	4291      	cmp	r1, r2
10000e06:	d020      	beq.n	10000e4a <irq_add_tail_to_free_list+0x92>
10000e08:	212a      	movs	r1, #42	@ 0x2a
10000e0a:	5659      	ldrsb	r1, [r3, r1]
10000e0c:	2403      	movs	r4, #3
10000e0e:	4291      	cmp	r1, r2
10000e10:	d010      	beq.n	10000e34 <irq_add_tail_to_free_list+0x7c>
10000e12:	4b13      	ldr	r3, [pc, #76]	@ (10000e60 <irq_add_tail_to_free_list+0xa8>)
10000e14:	7819      	ldrb	r1, [r3, #0]
10000e16:	701a      	strb	r2, [r3, #0]
10000e18:	7181      	strb	r1, [r0, #6]
10000e1a:	f3bf 8f5f 	dmb	sy
10000e1e:	2200      	movs	r2, #0
10000e20:	4b0b      	ldr	r3, [pc, #44]	@ (10000e50 <irq_add_tail_to_free_list+0x98>)
10000e22:	601a      	str	r2, [r3, #0]
10000e24:	f38c 8810 	msr	PRIMASK, ip
10000e28:	bd70      	pop	{r4, r5, r6, pc}
10000e2a:	68ab      	ldr	r3, [r5, #8]
10000e2c:	4c0d      	ldr	r4, [pc, #52]	@ (10000e64 <irq_add_tail_to_free_list+0xac>)
10000e2e:	505c      	str	r4, [r3, r1]
10000e30:	e7ef      	b.n	10000e12 <irq_add_tail_to_free_list+0x5a>
10000e32:	2400      	movs	r4, #0
10000e34:	0061      	lsls	r1, r4, #1
10000e36:	1909      	adds	r1, r1, r4
10000e38:	0089      	lsls	r1, r1, #2
10000e3a:	185b      	adds	r3, r3, r1
10000e3c:	21ff      	movs	r1, #255	@ 0xff
10000e3e:	7199      	strb	r1, [r3, #6]
10000e40:	4909      	ldr	r1, [pc, #36]	@ (10000e68 <irq_add_tail_to_free_list+0xb0>)
10000e42:	8099      	strh	r1, [r3, #4]
10000e44:	e7e5      	b.n	10000e12 <irq_add_tail_to_free_list+0x5a>
10000e46:	2401      	movs	r4, #1
10000e48:	e7f4      	b.n	10000e34 <irq_add_tail_to_free_list+0x7c>
10000e4a:	2402      	movs	r4, #2
10000e4c:	e7f2      	b.n	10000e34 <irq_add_tail_to_free_list+0x7c>
10000e4e:	46c0      	nop			@ (mov r8, r8)
10000e50:	d0000124 	.word	0xd0000124
10000e54:	20000fac 	.word	0x20000fac
10000e58:	0000aaaa 	.word	0x0000aaaa
10000e5c:	e000ed00 	.word	0xe000ed00
10000e60:	20022540 	.word	0x20022540
10000e64:	100001c1 	.word	0x100001c1
10000e68:	ffffbd01 	.word	0xffffbd01

10000e6c <user_irq_claim_unused>:
10000e6c:	b510      	push	{r4, lr}
10000e6e:	4b08      	ldr	r3, [pc, #32]	@ (10000e90 <user_irq_claim_unused+0x24>)
10000e70:	4c08      	ldr	r4, [pc, #32]	@ (10000e94 <user_irq_claim_unused+0x28>)
10000e72:	b082      	sub	sp, #8
10000e74:	0001      	movs	r1, r0
10000e76:	9300      	str	r3, [sp, #0]
10000e78:	2200      	movs	r2, #0
10000e7a:	2305      	movs	r3, #5
10000e7c:	0020      	movs	r0, r4
10000e7e:	f7ff fd9f 	bl	100009c0 <hw_claim_unused_from_range>
10000e82:	2800      	cmp	r0, #0
10000e84:	db01      	blt.n	10000e8a <user_irq_claim_unused+0x1e>
10000e86:	231f      	movs	r3, #31
10000e88:	1a18      	subs	r0, r3, r0
10000e8a:	b002      	add	sp, #8
10000e8c:	bd10      	pop	{r4, pc}
10000e8e:	46c0      	nop			@ (mov r8, r8)
10000e90:	100078e4 	.word	0x100078e4
10000e94:	20022545 	.word	0x20022545

10000e98 <lock_init>:
10000e98:	4b02      	ldr	r3, [pc, #8]	@ (10000ea4 <lock_init+0xc>)
10000e9a:	469c      	mov	ip, r3
10000e9c:	4461      	add	r1, ip
10000e9e:	0089      	lsls	r1, r1, #2
10000ea0:	6001      	str	r1, [r0, #0]
10000ea2:	4770      	bx	lr
10000ea4:	34000040 	.word	0x34000040

10000ea8 <runtime_init_mutex>:
10000ea8:	b5f8      	push	{r3, r4, r5, r6, r7, lr}
10000eaa:	4c12      	ldr	r4, [pc, #72]	@ (10000ef4 <runtime_init_mutex+0x4c>)
10000eac:	4d12      	ldr	r5, [pc, #72]	@ (10000ef8 <runtime_init_mutex+0x50>)
10000eae:	42ac      	cmp	r4, r5
10000eb0:	d212      	bcs.n	10000ed8 <runtime_init_mutex+0x30>
10000eb2:	2601      	movs	r6, #1
10000eb4:	2700      	movs	r7, #0
10000eb6:	4276      	negs	r6, r6
10000eb8:	6823      	ldr	r3, [r4, #0]
10000eba:	2b00      	cmp	r3, #0
10000ebc:	d00d      	beq.n	10000eda <runtime_init_mutex+0x32>
10000ebe:	f7ff fdcd 	bl	10000a5c <next_striped_spin_lock_num>
10000ec2:	0001      	movs	r1, r0
10000ec4:	0020      	movs	r0, r4
10000ec6:	f7ff ffe7 	bl	10000e98 <lock_init>
10000eca:	6066      	str	r6, [r4, #4]
10000ecc:	7227      	strb	r7, [r4, #8]
10000ece:	f3bf 8f5f 	dmb	sy
10000ed2:	340c      	adds	r4, #12
10000ed4:	42ac      	cmp	r4, r5
10000ed6:	d3ef      	bcc.n	10000eb8 <runtime_init_mutex+0x10>
10000ed8:	bdf8      	pop	{r3, r4, r5, r6, r7, pc}
10000eda:	f7ff fdbf 	bl	10000a5c <next_striped_spin_lock_num>
10000ede:	0001      	movs	r1, r0
10000ee0:	0020      	movs	r0, r4
10000ee2:	f7ff ffd9 	bl	10000e98 <lock_init>
10000ee6:	6066      	str	r6, [r4, #4]
10000ee8:	f3bf 8f5f 	dmb	sy
10000eec:	3408      	adds	r4, #8
10000eee:	42ac      	cmp	r4, r5
10000ef0:	d3e2      	bcc.n	10000eb8 <runtime_init_mutex+0x10>
10000ef2:	e7f1      	b.n	10000ed8 <runtime_init_mutex+0x30>
10000ef4:	20001068 	.word	0x20001068
10000ef8:	20001078 	.word	0x20001078

10000efc <mutex_init>:
10000efc:	b510      	push	{r4, lr}
10000efe:	0004      	movs	r4, r0
10000f00:	f7ff fdac 	bl	10000a5c <next_striped_spin_lock_num>
10000f04:	0001      	movs	r1, r0
10000f06:	0020      	movs	r0, r4
10000f08:	f7ff ffc6 	bl	10000e98 <lock_init>
10000f0c:	2301      	movs	r3, #1
10000f0e:	425b      	negs	r3, r3
10000f10:	6063      	str	r3, [r4, #4]
10000f12:	f3bf 8f5f 	dmb	sy
10000f16:	bd10      	pop	{r4, pc}

10000f18 <critical_section_init>:
10000f18:	b510      	push	{r4, lr}
10000f1a:	0004      	movs	r4, r0
10000f1c:	2001      	movs	r0, #1
10000f1e:	f7ff fda9 	bl	10000a74 <spin_lock_claim_unused>
10000f22:	4b03      	ldr	r3, [pc, #12]	@ (10000f30 <critical_section_init+0x18>)
10000f24:	18c3      	adds	r3, r0, r3
10000f26:	009b      	lsls	r3, r3, #2
10000f28:	6023      	str	r3, [r4, #0]
10000f2a:	f3bf 8f5f 	dmb	sy
10000f2e:	bd10      	pop	{r4, pc}
10000f30:	34000040 	.word	0x34000040

10000f34 <critical_section_init_with_lock_num>:
10000f34:	4b03      	ldr	r3, [pc, #12]	@ (10000f44 <critical_section_init_with_lock_num+0x10>)
10000f36:	469c      	mov	ip, r3
10000f38:	4461      	add	r1, ip
10000f3a:	0089      	lsls	r1, r1, #2
10000f3c:	6001      	str	r1, [r0, #0]
10000f3e:	f3bf 8f5f 	dmb	sy
10000f42:	4770      	bx	lr
10000f44:	34000040 	.word	0x34000040

10000f48 <alarm_pool_irq_handler>:
10000f48:	b5f0      	push	{r4, r5, r6, r7, lr}
10000f4a:	46de      	mov	lr, fp
10000f4c:	4657      	mov	r7, sl
10000f4e:	464e      	mov	r6, r9
10000f50:	4645      	mov	r5, r8
10000f52:	b5e0      	push	{r5, r6, r7, lr}
10000f54:	b083      	sub	sp, #12
10000f56:	f3ef 8205 	mrs	r2, IPSR
10000f5a:	2303      	movs	r3, #3
10000f5c:	4013      	ands	r3, r2
10000f5e:	4ab5      	ldr	r2, [pc, #724]	@ (10001234 <alarm_pool_irq_handler+0x2ec>)
10000f60:	0099      	lsls	r1, r3, #2
10000f62:	5852      	ldr	r2, [r2, r1]
10000f64:	9100      	str	r1, [sp, #0]
10000f66:	4690      	mov	r8, r2
10000f68:	2201      	movs	r2, #1
10000f6a:	409a      	lsls	r2, r3
10000f6c:	4693      	mov	fp, r2
10000f6e:	4bb2      	ldr	r3, [pc, #712]	@ (10001238 <alarm_pool_irq_handler+0x2f0>)
10000f70:	601a      	str	r2, [r3, #0]
10000f72:	4bb2      	ldr	r3, [pc, #712]	@ (1000123c <alarm_pool_irq_handler+0x2f4>)
10000f74:	9301      	str	r3, [sp, #4]
10000f76:	465b      	mov	r3, fp
10000f78:	48b1      	ldr	r0, [pc, #708]	@ (10001240 <alarm_pool_irq_handler+0x2f8>)
10000f7a:	6343      	str	r3, [r0, #52]	@ 0x34
10000f7c:	4643      	mov	r3, r8
10000f7e:	2208      	movs	r2, #8
10000f80:	5e9b      	ldrsh	r3, [r3, r2]
10000f82:	4699      	mov	r9, r3
10000f84:	2b00      	cmp	r3, #0
10000f86:	da3a      	bge.n	10000ffe <alarm_pool_irq_handler+0xb6>
10000f88:	4643      	mov	r3, r8
10000f8a:	889b      	ldrh	r3, [r3, #4]
10000f8c:	b21b      	sxth	r3, r3
10000f8e:	2b00      	cmp	r3, #0
10000f90:	db00      	blt.n	10000f94 <alarm_pool_irq_handler+0x4c>
10000f92:	e09d      	b.n	100010d0 <alarm_pool_irq_handler+0x188>
10000f94:	4643      	mov	r3, r8
10000f96:	799b      	ldrb	r3, [r3, #6]
10000f98:	2b00      	cmp	r3, #0
10000f9a:	d000      	beq.n	10000f9e <alarm_pool_irq_handler+0x56>
10000f9c:	e0e1      	b.n	10001162 <alarm_pool_irq_handler+0x21a>
10000f9e:	4643      	mov	r3, r8
10000fa0:	2408      	movs	r4, #8
10000fa2:	5f1c      	ldrsh	r4, [r3, r4]
10000fa4:	2c00      	cmp	r4, #0
10000fa6:	db20      	blt.n	10000fea <alarm_pool_irq_handler+0xa2>
10000fa8:	4643      	mov	r3, r8
10000faa:	695a      	ldr	r2, [r3, #20]
10000fac:	0063      	lsls	r3, r4, #1
10000fae:	191b      	adds	r3, r3, r4
10000fb0:	00db      	lsls	r3, r3, #3
10000fb2:	18d3      	adds	r3, r2, r3
10000fb4:	689d      	ldr	r5, [r3, #8]
10000fb6:	68dc      	ldr	r4, [r3, #12]
10000fb8:	1c6b      	adds	r3, r5, #1
10000fba:	d100      	bne.n	10000fbe <alarm_pool_irq_handler+0x76>
10000fbc:	e103      	b.n	100011c6 <alarm_pool_irq_handler+0x27e>
10000fbe:	48a0      	ldr	r0, [pc, #640]	@ (10001240 <alarm_pool_irq_handler+0x2f8>)
10000fc0:	9900      	ldr	r1, [sp, #0]
10000fc2:	4684      	mov	ip, r0
10000fc4:	4461      	add	r1, ip
10000fc6:	6a82      	ldr	r2, [r0, #40]	@ 0x28
10000fc8:	690b      	ldr	r3, [r1, #16]
10000fca:	1aae      	subs	r6, r5, r2
10000fcc:	1a9b      	subs	r3, r3, r2
10000fce:	429e      	cmp	r6, r3
10000fd0:	d313      	bcc.n	10000ffa <alarm_pool_irq_handler+0xb2>
10000fd2:	465a      	mov	r2, fp
10000fd4:	6a03      	ldr	r3, [r0, #32]
10000fd6:	421a      	tst	r2, r3
10000fd8:	d00f      	beq.n	10000ffa <alarm_pool_irq_handler+0xb2>
10000fda:	4899      	ldr	r0, [pc, #612]	@ (10001240 <alarm_pool_irq_handler+0x2f8>)
10000fdc:	f000 fbbc 	bl	10001758 <timer_time_us_64>
10000fe0:	428c      	cmp	r4, r1
10000fe2:	dc02      	bgt.n	10000fea <alarm_pool_irq_handler+0xa2>
10000fe4:	d1c7      	bne.n	10000f76 <alarm_pool_irq_handler+0x2e>
10000fe6:	4285      	cmp	r5, r0
10000fe8:	d9c5      	bls.n	10000f76 <alarm_pool_irq_handler+0x2e>
10000fea:	bf40      	sev
10000fec:	b003      	add	sp, #12
10000fee:	bcf0      	pop	{r4, r5, r6, r7}
10000ff0:	46bb      	mov	fp, r7
10000ff2:	46b2      	mov	sl, r6
10000ff4:	46a9      	mov	r9, r5
10000ff6:	46a0      	mov	r8, r4
10000ff8:	bdf0      	pop	{r4, r5, r6, r7, pc}
10000ffa:	610d      	str	r5, [r1, #16]
10000ffc:	e7ed      	b.n	10000fda <alarm_pool_irq_handler+0x92>
10000ffe:	4642      	mov	r2, r8
10001000:	6952      	ldr	r2, [r2, #20]
10001002:	005b      	lsls	r3, r3, #1
10001004:	4692      	mov	sl, r2
10001006:	444b      	add	r3, r9
10001008:	00db      	lsls	r3, r3, #3
1000100a:	449a      	add	sl, r3
1000100c:	4653      	mov	r3, sl
1000100e:	689e      	ldr	r6, [r3, #8]
10001010:	68df      	ldr	r7, [r3, #12]
10001012:	f000 fba1 	bl	10001758 <timer_time_us_64>
10001016:	428f      	cmp	r7, r1
10001018:	dcb6      	bgt.n	10000f88 <alarm_pool_irq_handler+0x40>
1000101a:	d100      	bne.n	1000101e <alarm_pool_irq_handler+0xd6>
1000101c:	e0f8      	b.n	10001210 <alarm_pool_irq_handler+0x2c8>
1000101e:	2f00      	cmp	r7, #0
10001020:	da00      	bge.n	10001024 <alarm_pool_irq_handler+0xdc>
10001022:	e0d9      	b.n	100011d8 <alarm_pool_irq_handler+0x290>
10001024:	4652      	mov	r2, sl
10001026:	4653      	mov	r3, sl
10001028:	6954      	ldr	r4, [r2, #20]
1000102a:	691b      	ldr	r3, [r3, #16]
1000102c:	9a01      	ldr	r2, [sp, #4]
1000102e:	4293      	cmp	r3, r2
10001030:	d100      	bne.n	10001034 <alarm_pool_irq_handler+0xec>
10001032:	e0cc      	b.n	100011ce <alarm_pool_irq_handler+0x286>
10001034:	4641      	mov	r1, r8
10001036:	4652      	mov	r2, sl
10001038:	2008      	movs	r0, #8
1000103a:	5e08      	ldrsh	r0, [r1, r0]
1000103c:	8852      	ldrh	r2, [r2, #2]
1000103e:	0400      	lsls	r0, r0, #16
10001040:	0021      	movs	r1, r4
10001042:	4310      	orrs	r0, r2
10001044:	4798      	blx	r3
10001046:	0004      	movs	r4, r0
10001048:	000d      	movs	r5, r1
1000104a:	0023      	movs	r3, r4
1000104c:	432b      	orrs	r3, r5
1000104e:	d100      	bne.n	10001052 <alarm_pool_irq_handler+0x10a>
10001050:	e0c2      	b.n	100011d8 <alarm_pool_irq_handler+0x290>
10001052:	2d00      	cmp	r5, #0
10001054:	db00      	blt.n	10001058 <alarm_pool_irq_handler+0x110>
10001056:	e0df      	b.n	10001218 <alarm_pool_irq_handler+0x2d0>
10001058:	0030      	movs	r0, r6
1000105a:	0039      	movs	r1, r7
1000105c:	1b00      	subs	r0, r0, r4
1000105e:	41a9      	sbcs	r1, r5
10001060:	4653      	mov	r3, sl
10001062:	6098      	str	r0, [r3, #8]
10001064:	60d9      	str	r1, [r3, #12]
10001066:	2200      	movs	r2, #0
10001068:	5e9a      	ldrsh	r2, [r3, r2]
1000106a:	2a00      	cmp	r2, #0
1000106c:	da00      	bge.n	10001070 <alarm_pool_irq_handler+0x128>
1000106e:	e78b      	b.n	10000f88 <alarm_pool_irq_handler+0x40>
10001070:	4643      	mov	r3, r8
10001072:	695d      	ldr	r5, [r3, #20]
10001074:	0053      	lsls	r3, r2, #1
10001076:	189c      	adds	r4, r3, r2
10001078:	00e4      	lsls	r4, r4, #3
1000107a:	192c      	adds	r4, r5, r4
1000107c:	68a7      	ldr	r7, [r4, #8]
1000107e:	68e4      	ldr	r4, [r4, #12]
10001080:	428c      	cmp	r4, r1
10001082:	dd00      	ble.n	10001086 <alarm_pool_irq_handler+0x13e>
10001084:	e780      	b.n	10000f88 <alarm_pool_irq_handler+0x40>
10001086:	d102      	bne.n	1000108e <alarm_pool_irq_handler+0x146>
10001088:	4287      	cmp	r7, r0
1000108a:	d900      	bls.n	1000108e <alarm_pool_irq_handler+0x146>
1000108c:	e77c      	b.n	10000f88 <alarm_pool_irq_handler+0x40>
1000108e:	4646      	mov	r6, r8
10001090:	8132      	strh	r2, [r6, #8]
10001092:	3608      	adds	r6, #8
10001094:	e00d      	b.n	100010b2 <alarm_pool_irq_handler+0x16a>
10001096:	428c      	cmp	r4, r1
10001098:	d100      	bne.n	1000109c <alarm_pool_irq_handler+0x154>
1000109a:	e0c6      	b.n	1000122a <alarm_pool_irq_handler+0x2e2>
1000109c:	001e      	movs	r6, r3
1000109e:	2300      	movs	r3, #0
100010a0:	5ef2      	ldrsh	r2, [r6, r3]
100010a2:	2a00      	cmp	r2, #0
100010a4:	db0a      	blt.n	100010bc <alarm_pool_irq_handler+0x174>
100010a6:	0053      	lsls	r3, r2, #1
100010a8:	189c      	adds	r4, r3, r2
100010aa:	00e4      	lsls	r4, r4, #3
100010ac:	192c      	adds	r4, r5, r4
100010ae:	68a7      	ldr	r7, [r4, #8]
100010b0:	68e4      	ldr	r4, [r4, #12]
100010b2:	189b      	adds	r3, r3, r2
100010b4:	00db      	lsls	r3, r3, #3
100010b6:	18eb      	adds	r3, r5, r3
100010b8:	428c      	cmp	r4, r1
100010ba:	ddec      	ble.n	10001096 <alarm_pool_irq_handler+0x14e>
100010bc:	4653      	mov	r3, sl
100010be:	801a      	strh	r2, [r3, #0]
100010c0:	464b      	mov	r3, r9
100010c2:	8033      	strh	r3, [r6, #0]
100010c4:	4643      	mov	r3, r8
100010c6:	889b      	ldrh	r3, [r3, #4]
100010c8:	b21b      	sxth	r3, r3
100010ca:	2b00      	cmp	r3, #0
100010cc:	da00      	bge.n	100010d0 <alarm_pool_irq_handler+0x188>
100010ce:	e761      	b.n	10000f94 <alarm_pool_irq_handler+0x4c>
100010d0:	4643      	mov	r3, r8
100010d2:	691a      	ldr	r2, [r3, #16]
100010d4:	f3ef 8110 	mrs	r1, PRIMASK
100010d8:	b672      	cpsid	i
100010da:	6813      	ldr	r3, [r2, #0]
100010dc:	2b00      	cmp	r3, #0
100010de:	d0fc      	beq.n	100010da <alarm_pool_irq_handler+0x192>
100010e0:	f3bf 8f5f 	dmb	sy
100010e4:	4643      	mov	r3, r8
100010e6:	889e      	ldrh	r6, [r3, #4]
100010e8:	2301      	movs	r3, #1
100010ea:	4642      	mov	r2, r8
100010ec:	425b      	negs	r3, r3
100010ee:	8093      	strh	r3, [r2, #4]
100010f0:	b236      	sxth	r6, r6
100010f2:	6913      	ldr	r3, [r2, #16]
100010f4:	f3bf 8f5f 	dmb	sy
100010f8:	2200      	movs	r2, #0
100010fa:	601a      	str	r2, [r3, #0]
100010fc:	f381 8810 	msr	PRIMASK, r1
10001100:	2e00      	cmp	r6, #0
10001102:	da00      	bge.n	10001106 <alarm_pool_irq_handler+0x1be>
10001104:	e746      	b.n	10000f94 <alarm_pool_irq_handler+0x4c>
10001106:	4643      	mov	r3, r8
10001108:	695d      	ldr	r5, [r3, #20]
1000110a:	3308      	adds	r3, #8
1000110c:	4642      	mov	r2, r8
1000110e:	469c      	mov	ip, r3
10001110:	0077      	lsls	r7, r6, #1
10001112:	19bf      	adds	r7, r7, r6
10001114:	00ff      	lsls	r7, r7, #3
10001116:	19ef      	adds	r7, r5, r7
10001118:	68bb      	ldr	r3, [r7, #8]
1000111a:	4660      	mov	r0, ip
1000111c:	4698      	mov	r8, r3
1000111e:	2308      	movs	r3, #8
10001120:	5ed1      	ldrsh	r1, [r2, r3]
10001122:	4692      	mov	sl, r2
10001124:	68fc      	ldr	r4, [r7, #12]
10001126:	2900      	cmp	r1, #0
10001128:	da07      	bge.n	1000113a <alarm_pool_irq_handler+0x1f2>
1000112a:	e00e      	b.n	1000114a <alarm_pool_irq_handler+0x202>
1000112c:	42a2      	cmp	r2, r4
1000112e:	d046      	beq.n	100011be <alarm_pool_irq_handler+0x276>
10001130:	0018      	movs	r0, r3
10001132:	2300      	movs	r3, #0
10001134:	5ec1      	ldrsh	r1, [r0, r3]
10001136:	2900      	cmp	r1, #0
10001138:	db06      	blt.n	10001148 <alarm_pool_irq_handler+0x200>
1000113a:	004b      	lsls	r3, r1, #1
1000113c:	185b      	adds	r3, r3, r1
1000113e:	00db      	lsls	r3, r3, #3
10001140:	18eb      	adds	r3, r5, r3
10001142:	68da      	ldr	r2, [r3, #12]
10001144:	42a2      	cmp	r2, r4
10001146:	ddf1      	ble.n	1000112c <alarm_pool_irq_handler+0x1e4>
10001148:	4652      	mov	r2, sl
1000114a:	8006      	strh	r6, [r0, #0]
1000114c:	2300      	movs	r3, #0
1000114e:	5efe      	ldrsh	r6, [r7, r3]
10001150:	8039      	strh	r1, [r7, #0]
10001152:	2e00      	cmp	r6, #0
10001154:	dadc      	bge.n	10001110 <alarm_pool_irq_handler+0x1c8>
10001156:	4690      	mov	r8, r2
10001158:	4643      	mov	r3, r8
1000115a:	799b      	ldrb	r3, [r3, #6]
1000115c:	2b00      	cmp	r3, #0
1000115e:	d100      	bne.n	10001162 <alarm_pool_irq_handler+0x21a>
10001160:	e71d      	b.n	10000f9e <alarm_pool_irq_handler+0x56>
10001162:	2300      	movs	r3, #0
10001164:	4642      	mov	r2, r8
10001166:	7193      	strb	r3, [r2, #6]
10001168:	4643      	mov	r3, r8
1000116a:	4646      	mov	r6, r8
1000116c:	2108      	movs	r1, #8
1000116e:	5e59      	ldrsh	r1, [r3, r1]
10001170:	3608      	adds	r6, #8
10001172:	1c4b      	adds	r3, r1, #1
10001174:	d100      	bne.n	10001178 <alarm_pool_irq_handler+0x230>
10001176:	e738      	b.n	10000fea <alarm_pool_irq_handler+0xa2>
10001178:	4647      	mov	r7, r8
1000117a:	4689      	mov	r9, r1
1000117c:	6955      	ldr	r5, [r2, #20]
1000117e:	e002      	b.n	10001186 <alarm_pool_irq_handler+0x23e>
10001180:	0006      	movs	r6, r0
10001182:	1c4b      	adds	r3, r1, #1
10001184:	d018      	beq.n	100011b8 <alarm_pool_irq_handler+0x270>
10001186:	004b      	lsls	r3, r1, #1
10001188:	185b      	adds	r3, r3, r1
1000118a:	00db      	lsls	r3, r3, #3
1000118c:	18e8      	adds	r0, r5, r3
1000118e:	000a      	movs	r2, r1
10001190:	468c      	mov	ip, r1
10001192:	5ee9      	ldrsh	r1, [r5, r3]
10001194:	8843      	ldrh	r3, [r0, #2]
10001196:	b21b      	sxth	r3, r3
10001198:	2b00      	cmp	r3, #0
1000119a:	daf1      	bge.n	10001180 <alarm_pool_irq_handler+0x238>
1000119c:	2301      	movs	r3, #1
1000119e:	425b      	negs	r3, r3
100011a0:	17dc      	asrs	r4, r3, #31
100011a2:	6083      	str	r3, [r0, #8]
100011a4:	60c4      	str	r4, [r0, #12]
100011a6:	454a      	cmp	r2, r9
100011a8:	d003      	beq.n	100011b2 <alarm_pool_irq_handler+0x26a>
100011aa:	8031      	strh	r1, [r6, #0]
100011ac:	893b      	ldrh	r3, [r7, #8]
100011ae:	8003      	strh	r3, [r0, #0]
100011b0:	813a      	strh	r2, [r7, #8]
100011b2:	46e1      	mov	r9, ip
100011b4:	1c4b      	adds	r3, r1, #1
100011b6:	d1e6      	bne.n	10001186 <alarm_pool_irq_handler+0x23e>
100011b8:	46b8      	mov	r8, r7
100011ba:	464c      	mov	r4, r9
100011bc:	e6f2      	b.n	10000fa4 <alarm_pool_irq_handler+0x5c>
100011be:	689a      	ldr	r2, [r3, #8]
100011c0:	4542      	cmp	r2, r8
100011c2:	d9b5      	bls.n	10001130 <alarm_pool_irq_handler+0x1e8>
100011c4:	e7c0      	b.n	10001148 <alarm_pool_irq_handler+0x200>
100011c6:	1c63      	adds	r3, r4, #1
100011c8:	d000      	beq.n	100011cc <alarm_pool_irq_handler+0x284>
100011ca:	e6f8      	b.n	10000fbe <alarm_pool_irq_handler+0x76>
100011cc:	e705      	b.n	10000fda <alarm_pool_irq_handler+0x92>
100011ce:	0020      	movs	r0, r4
100011d0:	6923      	ldr	r3, [r4, #16]
100011d2:	4798      	blx	r3
100011d4:	2800      	cmp	r0, #0
100011d6:	d125      	bne.n	10001224 <alarm_pool_irq_handler+0x2dc>
100011d8:	4653      	mov	r3, sl
100011da:	4642      	mov	r2, r8
100011dc:	881b      	ldrh	r3, [r3, #0]
100011de:	8113      	strh	r3, [r2, #8]
100011e0:	6912      	ldr	r2, [r2, #16]
100011e2:	f3ef 8310 	mrs	r3, PRIMASK
100011e6:	b672      	cpsid	i
100011e8:	6811      	ldr	r1, [r2, #0]
100011ea:	2900      	cmp	r1, #0
100011ec:	d0fc      	beq.n	100011e8 <alarm_pool_irq_handler+0x2a0>
100011ee:	f3bf 8f5f 	dmb	sy
100011f2:	4642      	mov	r2, r8
100011f4:	4651      	mov	r1, sl
100011f6:	8852      	ldrh	r2, [r2, #2]
100011f8:	800a      	strh	r2, [r1, #0]
100011fa:	4642      	mov	r2, r8
100011fc:	4649      	mov	r1, r9
100011fe:	8051      	strh	r1, [r2, #2]
10001200:	6912      	ldr	r2, [r2, #16]
10001202:	f3bf 8f5f 	dmb	sy
10001206:	2100      	movs	r1, #0
10001208:	6011      	str	r1, [r2, #0]
1000120a:	f383 8810 	msr	PRIMASK, r3
1000120e:	e6bb      	b.n	10000f88 <alarm_pool_irq_handler+0x40>
10001210:	4286      	cmp	r6, r0
10001212:	d800      	bhi.n	10001216 <alarm_pool_irq_handler+0x2ce>
10001214:	e703      	b.n	1000101e <alarm_pool_irq_handler+0xd6>
10001216:	e6b7      	b.n	10000f88 <alarm_pool_irq_handler+0x40>
10001218:	4809      	ldr	r0, [pc, #36]	@ (10001240 <alarm_pool_irq_handler+0x2f8>)
1000121a:	f000 fa9d 	bl	10001758 <timer_time_us_64>
1000121e:	1900      	adds	r0, r0, r4
10001220:	4169      	adcs	r1, r5
10001222:	e71d      	b.n	10001060 <alarm_pool_irq_handler+0x118>
10001224:	6865      	ldr	r5, [r4, #4]
10001226:	6824      	ldr	r4, [r4, #0]
10001228:	e70f      	b.n	1000104a <alarm_pool_irq_handler+0x102>
1000122a:	4287      	cmp	r7, r0
1000122c:	d800      	bhi.n	10001230 <alarm_pool_irq_handler+0x2e8>
1000122e:	e735      	b.n	1000109c <alarm_pool_irq_handler+0x154>
10001230:	e744      	b.n	100010bc <alarm_pool_irq_handler+0x174>
10001232:	46c0      	nop			@ (mov r8, r8)
10001234:	20002010 	.word	0x20002010
10001238:	4005703c 	.word	0x4005703c
1000123c:	10000f49 	.word	0x10000f49
10001240:	40054000 	.word	0x40054000

10001244 <sleep_until_callback>:
10001244:	4807      	ldr	r0, [pc, #28]	@ (10001264 <sleep_until_callback+0x20>)
10001246:	b510      	push	{r4, lr}
10001248:	6802      	ldr	r2, [r0, #0]
1000124a:	f3ef 8110 	mrs	r1, PRIMASK
1000124e:	b672      	cpsid	i
10001250:	6813      	ldr	r3, [r2, #0]
10001252:	2b00      	cmp	r3, #0
10001254:	d0fc      	beq.n	10001250 <sleep_until_callback+0xc>
10001256:	f3bf 8f5f 	dmb	sy
1000125a:	f004 f98b 	bl	10005574 <vPortLockInternalSpinUnlockWithNotify>
1000125e:	2000      	movs	r0, #0
10001260:	2100      	movs	r1, #0
10001262:	bd10      	pop	{r4, pc}
10001264:	2000242c 	.word	0x2000242c

10001268 <runtime_init_default_alarm_pool>:
10001268:	b570      	push	{r4, r5, r6, lr}
1000126a:	4c2e      	ldr	r4, [pc, #184]	@ (10001324 <runtime_init_default_alarm_pool+0xbc>)
1000126c:	6925      	ldr	r5, [r4, #16]
1000126e:	2d00      	cmp	r5, #0
10001270:	d004      	beq.n	1000127c <runtime_init_default_alarm_pool+0x14>
10001272:	210a      	movs	r1, #10
10001274:	482c      	ldr	r0, [pc, #176]	@ (10001328 <runtime_init_default_alarm_pool+0xc0>)
10001276:	f7ff fe0f 	bl	10000e98 <lock_init>
1000127a:	bd70      	pop	{r4, r5, r6, pc}
1000127c:	4e2b      	ldr	r6, [pc, #172]	@ (1000132c <runtime_init_default_alarm_pool+0xc4>)
1000127e:	2103      	movs	r1, #3
10001280:	0030      	movs	r0, r6
10001282:	f000 fa5f 	bl	10001744 <timer_hardware_alarm_claim>
10001286:	60e6      	str	r6, [r4, #12]
10001288:	f7ff fbe8 	bl	10000a5c <next_striped_spin_lock_num>
1000128c:	4b28      	ldr	r3, [pc, #160]	@ (10001330 <runtime_init_default_alarm_pool+0xc8>)
1000128e:	2203      	movs	r2, #3
10001290:	469c      	mov	ip, r3
10001292:	23d0      	movs	r3, #208	@ 0xd0
10001294:	7022      	strb	r2, [r4, #0]
10001296:	061b      	lsls	r3, r3, #24
10001298:	681b      	ldr	r3, [r3, #0]
1000129a:	2101      	movs	r1, #1
1000129c:	7063      	strb	r3, [r4, #1]
1000129e:	4b25      	ldr	r3, [pc, #148]	@ (10001334 <runtime_init_default_alarm_pool+0xcc>)
100012a0:	4460      	add	r0, ip
100012a2:	60a3      	str	r3, [r4, #8]
100012a4:	230f      	movs	r3, #15
100012a6:	0080      	lsls	r0, r0, #2
100012a8:	6120      	str	r0, [r4, #16]
100012aa:	2002      	movs	r0, #2
100012ac:	8063      	strh	r3, [r4, #2]
100012ae:	6963      	ldr	r3, [r4, #20]
100012b0:	4249      	negs	r1, r1
100012b2:	80a1      	strh	r1, [r4, #4]
100012b4:	8019      	strh	r1, [r3, #0]
100012b6:	3102      	adds	r1, #2
100012b8:	8619      	strh	r1, [r3, #48]	@ 0x30
100012ba:	3147      	adds	r1, #71	@ 0x47
100012bc:	831d      	strh	r5, [r3, #24]
100012be:	5258      	strh	r0, [r3, r1]
100012c0:	3118      	adds	r1, #24
100012c2:	525a      	strh	r2, [r3, r1]
100012c4:	3275      	adds	r2, #117	@ 0x75
100012c6:	395c      	subs	r1, #92	@ 0x5c
100012c8:	5299      	strh	r1, [r3, r2]
100012ca:	3218      	adds	r2, #24
100012cc:	3101      	adds	r1, #1
100012ce:	5299      	strh	r1, [r3, r2]
100012d0:	3218      	adds	r2, #24
100012d2:	3101      	adds	r1, #1
100012d4:	5299      	strh	r1, [r3, r2]
100012d6:	3218      	adds	r2, #24
100012d8:	3101      	adds	r1, #1
100012da:	5299      	strh	r1, [r3, r2]
100012dc:	3508      	adds	r5, #8
100012de:	3218      	adds	r2, #24
100012e0:	529d      	strh	r5, [r3, r2]
100012e2:	3102      	adds	r1, #2
100012e4:	3218      	adds	r2, #24
100012e6:	5299      	strh	r1, [r3, r2]
100012e8:	3218      	adds	r2, #24
100012ea:	3101      	adds	r1, #1
100012ec:	5299      	strh	r1, [r3, r2]
100012ee:	3218      	adds	r2, #24
100012f0:	3101      	adds	r1, #1
100012f2:	5299      	strh	r1, [r3, r2]
100012f4:	3218      	adds	r2, #24
100012f6:	3101      	adds	r1, #1
100012f8:	5299      	strh	r1, [r3, r2]
100012fa:	3218      	adds	r2, #24
100012fc:	3101      	adds	r1, #1
100012fe:	5299      	strh	r1, [r3, r2]
10001300:	3218      	adds	r2, #24
10001302:	3101      	adds	r1, #1
10001304:	5299      	strh	r1, [r3, r2]
10001306:	4b0c      	ldr	r3, [pc, #48]	@ (10001338 <runtime_init_default_alarm_pool+0xd0>)
10001308:	490c      	ldr	r1, [pc, #48]	@ (1000133c <runtime_init_default_alarm_pool+0xd4>)
1000130a:	60dc      	str	r4, [r3, #12]
1000130c:	3001      	adds	r0, #1
1000130e:	6235      	str	r5, [r6, #32]
10001310:	f7ff fc1a 	bl	10000b48 <irq_set_exclusive_handler>
10001314:	2101      	movs	r1, #1
10001316:	2003      	movs	r0, #3
10001318:	f7ff fbde 	bl	10000ad8 <irq_set_enabled>
1000131c:	4b08      	ldr	r3, [pc, #32]	@ (10001340 <runtime_init_default_alarm_pool+0xd8>)
1000131e:	601d      	str	r5, [r3, #0]
10001320:	e7a7      	b.n	10001272 <runtime_init_default_alarm_pool+0xa>
10001322:	46c0      	nop			@ (mov r8, r8)
10001324:	20000ff4 	.word	0x20000ff4
10001328:	2000242c 	.word	0x2000242c
1000132c:	40054000 	.word	0x40054000
10001330:	34000040 	.word	0x34000040
10001334:	0010ffff 	.word	0x0010ffff
10001338:	20002010 	.word	0x20002010
1000133c:	10000f49 	.word	0x10000f49
10001340:	40056038 	.word	0x40056038

10001344 <alarm_pool_get_default>:
10001344:	4800      	ldr	r0, [pc, #0]	@ (10001348 <alarm_pool_get_default+0x4>)
10001346:	4770      	bx	lr
10001348:	20000ff4 	.word	0x20000ff4

1000134c <alarm_pool_add_alarm_at>:
1000134c:	b5f8      	push	{r3, r4, r5, r6, r7, lr}
1000134e:	001f      	movs	r7, r3
10001350:	ab08      	add	r3, sp, #32
10001352:	781b      	ldrb	r3, [r3, #0]
10001354:	0004      	movs	r4, r0
10001356:	0016      	movs	r6, r2
10001358:	2b00      	cmp	r3, #0
1000135a:	d108      	bne.n	1000136e <alarm_pool_add_alarm_at+0x22>
1000135c:	f000 fa04 	bl	10001768 <time_us_64>
10001360:	0032      	movs	r2, r6
10001362:	003b      	movs	r3, r7
10001364:	1a12      	subs	r2, r2, r0
10001366:	418b      	sbcs	r3, r1
10001368:	2b00      	cmp	r3, #0
1000136a:	da00      	bge.n	1000136e <alarm_pool_add_alarm_at+0x22>
1000136c:	e053      	b.n	10001416 <alarm_pool_add_alarm_at+0xca>
1000136e:	6922      	ldr	r2, [r4, #16]
10001370:	f3ef 8010 	mrs	r0, PRIMASK
10001374:	b672      	cpsid	i
10001376:	6813      	ldr	r3, [r2, #0]
10001378:	2b00      	cmp	r3, #0
1000137a:	d0fc      	beq.n	10001376 <alarm_pool_add_alarm_at+0x2a>
1000137c:	f3bf 8f5f 	dmb	sy
10001380:	2302      	movs	r3, #2
10001382:	5ee1      	ldrsh	r1, [r4, r3]
10001384:	6963      	ldr	r3, [r4, #20]
10001386:	004a      	lsls	r2, r1, #1
10001388:	1852      	adds	r2, r2, r1
1000138a:	00d2      	lsls	r2, r2, #3
1000138c:	189b      	adds	r3, r3, r2
1000138e:	2900      	cmp	r1, #0
10001390:	db37      	blt.n	10001402 <alarm_pool_add_alarm_at+0xb6>
10001392:	881a      	ldrh	r2, [r3, #0]
10001394:	8062      	strh	r2, [r4, #2]
10001396:	6922      	ldr	r2, [r4, #16]
10001398:	f3bf 8f5f 	dmb	sy
1000139c:	2500      	movs	r5, #0
1000139e:	6015      	str	r5, [r2, #0]
100013a0:	f380 8810 	msr	PRIMASK, r0
100013a4:	9a06      	ldr	r2, [sp, #24]
100013a6:	609e      	str	r6, [r3, #8]
100013a8:	60df      	str	r7, [r3, #12]
100013aa:	611a      	str	r2, [r3, #16]
100013ac:	9a07      	ldr	r2, [sp, #28]
100013ae:	615a      	str	r2, [r3, #20]
100013b0:	885a      	ldrh	r2, [r3, #2]
100013b2:	3201      	adds	r2, #1
100013b4:	0452      	lsls	r2, r2, #17
100013b6:	0c52      	lsrs	r2, r2, #17
100013b8:	1c10      	adds	r0, r2, #0
100013ba:	2a00      	cmp	r2, #0
100013bc:	d01f      	beq.n	100013fe <alarm_pool_add_alarm_at+0xb2>
100013be:	b282      	uxth	r2, r0
100013c0:	8058      	strh	r0, [r3, #2]
100013c2:	0408      	lsls	r0, r1, #16
100013c4:	4310      	orrs	r0, r2
100013c6:	6926      	ldr	r6, [r4, #16]
100013c8:	f3ef 8710 	mrs	r7, PRIMASK
100013cc:	b672      	cpsid	i
100013ce:	6832      	ldr	r2, [r6, #0]
100013d0:	2a00      	cmp	r2, #0
100013d2:	d0fc      	beq.n	100013ce <alarm_pool_add_alarm_at+0x82>
100013d4:	f3bf 8f5f 	dmb	sy
100013d8:	88a2      	ldrh	r2, [r4, #4]
100013da:	801a      	strh	r2, [r3, #0]
100013dc:	80a1      	strh	r1, [r4, #4]
100013de:	6923      	ldr	r3, [r4, #16]
100013e0:	f3bf 8f5f 	dmb	sy
100013e4:	2200      	movs	r2, #0
100013e6:	601a      	str	r2, [r3, #0]
100013e8:	f387 8810 	msr	PRIMASK, r7
100013ec:	490b      	ldr	r1, [pc, #44]	@ (1000141c <alarm_pool_add_alarm_at+0xd0>)
100013ee:	7823      	ldrb	r3, [r4, #0]
100013f0:	468c      	mov	ip, r1
100013f2:	3201      	adds	r2, #1
100013f4:	409a      	lsls	r2, r3
100013f6:	68e3      	ldr	r3, [r4, #12]
100013f8:	4463      	add	r3, ip
100013fa:	601a      	str	r2, [r3, #0]
100013fc:	bdf8      	pop	{r3, r4, r5, r6, r7, pc}
100013fe:	2001      	movs	r0, #1
10001400:	e7dd      	b.n	100013be <alarm_pool_add_alarm_at+0x72>
10001402:	6923      	ldr	r3, [r4, #16]
10001404:	f3bf 8f5f 	dmb	sy
10001408:	2200      	movs	r2, #0
1000140a:	601a      	str	r2, [r3, #0]
1000140c:	f380 8810 	msr	PRIMASK, r0
10001410:	2001      	movs	r0, #1
10001412:	4240      	negs	r0, r0
10001414:	e7f2      	b.n	100013fc <alarm_pool_add_alarm_at+0xb0>
10001416:	2000      	movs	r0, #0
10001418:	e7f0      	b.n	100013fc <alarm_pool_add_alarm_at+0xb0>
1000141a:	46c0      	nop			@ (mov r8, r8)
1000141c:	0000203c 	.word	0x0000203c

10001420 <alarm_pool_add_alarm_at_force_in_context>:
10001420:	b570      	push	{r4, r5, r6, lr}
10001422:	0001      	movs	r1, r0
10001424:	6904      	ldr	r4, [r0, #16]
10001426:	f3ef 8c10 	mrs	ip, PRIMASK
1000142a:	b672      	cpsid	i
1000142c:	6820      	ldr	r0, [r4, #0]
1000142e:	2800      	cmp	r0, #0
10001430:	d0fc      	beq.n	1000142c <alarm_pool_add_alarm_at_force_in_context+0xc>
10001432:	f3bf 8f5f 	dmb	sy
10001436:	2002      	movs	r0, #2
10001438:	5e0d      	ldrsh	r5, [r1, r0]
1000143a:	694c      	ldr	r4, [r1, #20]
1000143c:	0068      	lsls	r0, r5, #1
1000143e:	1940      	adds	r0, r0, r5
10001440:	00c0      	lsls	r0, r0, #3
10001442:	1824      	adds	r4, r4, r0
10001444:	2d00      	cmp	r5, #0
10001446:	db37      	blt.n	100014b8 <alarm_pool_add_alarm_at_force_in_context+0x98>
10001448:	8820      	ldrh	r0, [r4, #0]
1000144a:	8048      	strh	r0, [r1, #2]
1000144c:	6908      	ldr	r0, [r1, #16]
1000144e:	f3bf 8f5f 	dmb	sy
10001452:	2600      	movs	r6, #0
10001454:	6006      	str	r6, [r0, #0]
10001456:	f38c 8810 	msr	PRIMASK, ip
1000145a:	60e3      	str	r3, [r4, #12]
1000145c:	8863      	ldrh	r3, [r4, #2]
1000145e:	9804      	ldr	r0, [sp, #16]
10001460:	3301      	adds	r3, #1
10001462:	6120      	str	r0, [r4, #16]
10001464:	045b      	lsls	r3, r3, #17
10001466:	9805      	ldr	r0, [sp, #20]
10001468:	0c5b      	lsrs	r3, r3, #17
1000146a:	60a2      	str	r2, [r4, #8]
1000146c:	6160      	str	r0, [r4, #20]
1000146e:	1c1a      	adds	r2, r3, #0
10001470:	2b00      	cmp	r3, #0
10001472:	d01f      	beq.n	100014b4 <alarm_pool_add_alarm_at_force_in_context+0x94>
10001474:	b293      	uxth	r3, r2
10001476:	0428      	lsls	r0, r5, #16
10001478:	8062      	strh	r2, [r4, #2]
1000147a:	4318      	orrs	r0, r3
1000147c:	690a      	ldr	r2, [r1, #16]
1000147e:	f3ef 8c10 	mrs	ip, PRIMASK
10001482:	b672      	cpsid	i
10001484:	6813      	ldr	r3, [r2, #0]
10001486:	2b00      	cmp	r3, #0
10001488:	d0fc      	beq.n	10001484 <alarm_pool_add_alarm_at_force_in_context+0x64>
1000148a:	f3bf 8f5f 	dmb	sy
1000148e:	888b      	ldrh	r3, [r1, #4]
10001490:	8023      	strh	r3, [r4, #0]
10001492:	808d      	strh	r5, [r1, #4]
10001494:	690b      	ldr	r3, [r1, #16]
10001496:	f3bf 8f5f 	dmb	sy
1000149a:	2200      	movs	r2, #0
1000149c:	601a      	str	r2, [r3, #0]
1000149e:	f38c 8810 	msr	PRIMASK, ip
100014a2:	780b      	ldrb	r3, [r1, #0]
100014a4:	3201      	adds	r2, #1
100014a6:	409a      	lsls	r2, r3
100014a8:	68cb      	ldr	r3, [r1, #12]
100014aa:	4908      	ldr	r1, [pc, #32]	@ (100014cc <alarm_pool_add_alarm_at_force_in_context+0xac>)
100014ac:	468c      	mov	ip, r1
100014ae:	4463      	add	r3, ip
100014b0:	601a      	str	r2, [r3, #0]
100014b2:	bd70      	pop	{r4, r5, r6, pc}
100014b4:	2201      	movs	r2, #1
100014b6:	e7dd      	b.n	10001474 <alarm_pool_add_alarm_at_force_in_context+0x54>
100014b8:	690b      	ldr	r3, [r1, #16]
100014ba:	f3bf 8f5f 	dmb	sy
100014be:	2200      	movs	r2, #0
100014c0:	601a      	str	r2, [r3, #0]
100014c2:	f38c 8810 	msr	PRIMASK, ip
100014c6:	2001      	movs	r0, #1
100014c8:	4240      	negs	r0, r0
100014ca:	e7f2      	b.n	100014b2 <alarm_pool_add_alarm_at_force_in_context+0x92>
100014cc:	0000203c 	.word	0x0000203c

100014d0 <alarm_pool_cancel_alarm>:
100014d0:	b510      	push	{r4, lr}
100014d2:	8943      	ldrh	r3, [r0, #10]
100014d4:	140a      	asrs	r2, r1, #16
100014d6:	4293      	cmp	r3, r2
100014d8:	dd1a      	ble.n	10001510 <alarm_pool_cancel_alarm+0x40>
100014da:	0053      	lsls	r3, r2, #1
100014dc:	189b      	adds	r3, r3, r2
100014de:	6942      	ldr	r2, [r0, #20]
100014e0:	00db      	lsls	r3, r3, #3
100014e2:	18d3      	adds	r3, r2, r3
100014e4:	6904      	ldr	r4, [r0, #16]
100014e6:	f3ef 8c10 	mrs	ip, PRIMASK
100014ea:	b672      	cpsid	i
100014ec:	6822      	ldr	r2, [r4, #0]
100014ee:	2a00      	cmp	r2, #0
100014f0:	d0fc      	beq.n	100014ec <alarm_pool_cancel_alarm+0x1c>
100014f2:	f3bf 8f5f 	dmb	sy
100014f6:	885a      	ldrh	r2, [r3, #2]
100014f8:	0409      	lsls	r1, r1, #16
100014fa:	b294      	uxth	r4, r2
100014fc:	0c09      	lsrs	r1, r1, #16
100014fe:	428a      	cmp	r2, r1
10001500:	d008      	beq.n	10001514 <alarm_pool_cancel_alarm+0x44>
10001502:	6903      	ldr	r3, [r0, #16]
10001504:	f3bf 8f5f 	dmb	sy
10001508:	2200      	movs	r2, #0
1000150a:	601a      	str	r2, [r3, #0]
1000150c:	f38c 8810 	msr	PRIMASK, ip
10001510:	2000      	movs	r0, #0
10001512:	bd10      	pop	{r4, pc}
10001514:	2280      	movs	r2, #128	@ 0x80
10001516:	0212      	lsls	r2, r2, #8
10001518:	4314      	orrs	r4, r2
1000151a:	805c      	strh	r4, [r3, #2]
1000151c:	2301      	movs	r3, #1
1000151e:	6902      	ldr	r2, [r0, #16]
10001520:	7183      	strb	r3, [r0, #6]
10001522:	f3bf 8f5f 	dmb	sy
10001526:	2100      	movs	r1, #0
10001528:	6011      	str	r1, [r2, #0]
1000152a:	f38c 8810 	msr	PRIMASK, ip
1000152e:	4904      	ldr	r1, [pc, #16]	@ (10001540 <alarm_pool_cancel_alarm+0x70>)
10001530:	7802      	ldrb	r2, [r0, #0]
10001532:	468c      	mov	ip, r1
10001534:	4093      	lsls	r3, r2
10001536:	68c2      	ldr	r2, [r0, #12]
10001538:	2001      	movs	r0, #1
1000153a:	4462      	add	r2, ip
1000153c:	6013      	str	r3, [r2, #0]
1000153e:	e7e8      	b.n	10001512 <alarm_pool_cancel_alarm+0x42>
10001540:	0000203c 	.word	0x0000203c

10001544 <alarm_pool_core_num>:
10001544:	7840      	ldrb	r0, [r0, #1]
10001546:	4770      	bx	lr

10001548 <sleep_until>:
10001548:	b5f0      	push	{r4, r5, r6, r7, lr}
1000154a:	4647      	mov	r7, r8
1000154c:	46ce      	mov	lr, r9
1000154e:	0004      	movs	r4, r0
10001550:	b580      	push	{r7, lr}
10001552:	000d      	movs	r5, r1
10001554:	2696      	movs	r6, #150	@ 0x96
10001556:	4276      	negs	r6, r6
10001558:	17f7      	asrs	r7, r6, #31
1000155a:	1936      	adds	r6, r6, r4
1000155c:	416f      	adcs	r7, r5
1000155e:	b083      	sub	sp, #12
10001560:	428f      	cmp	r7, r1
10001562:	d815      	bhi.n	10001590 <sleep_until+0x48>
10001564:	d012      	beq.n	1000158c <sleep_until+0x44>
10001566:	f000 f8ff 	bl	10001768 <time_us_64>
1000156a:	0032      	movs	r2, r6
1000156c:	003b      	movs	r3, r7
1000156e:	1a12      	subs	r2, r2, r0
10001570:	418b      	sbcs	r3, r1
10001572:	2b00      	cmp	r3, #0
10001574:	dc16      	bgt.n	100015a4 <sleep_until+0x5c>
10001576:	2b00      	cmp	r3, #0
10001578:	d040      	beq.n	100015fc <sleep_until+0xb4>
1000157a:	0020      	movs	r0, r4
1000157c:	0029      	movs	r1, r5
1000157e:	f000 f8fd 	bl	1000177c <busy_wait_until>
10001582:	b003      	add	sp, #12
10001584:	bcc0      	pop	{r6, r7}
10001586:	46b9      	mov	r9, r7
10001588:	46b0      	mov	r8, r6
1000158a:	bdf0      	pop	{r4, r5, r6, r7, pc}
1000158c:	4286      	cmp	r6, r0
1000158e:	d9ea      	bls.n	10001566 <sleep_until+0x1e>
10001590:	2600      	movs	r6, #0
10001592:	2700      	movs	r7, #0
10001594:	f000 f8e8 	bl	10001768 <time_us_64>
10001598:	0032      	movs	r2, r6
1000159a:	003b      	movs	r3, r7
1000159c:	1a12      	subs	r2, r2, r0
1000159e:	418b      	sbcs	r3, r1
100015a0:	2b00      	cmp	r3, #0
100015a2:	dde8      	ble.n	10001576 <sleep_until+0x2e>
100015a4:	f000 f8e0 	bl	10001768 <time_us_64>
100015a8:	0032      	movs	r2, r6
100015aa:	003b      	movs	r3, r7
100015ac:	1a12      	subs	r2, r2, r0
100015ae:	418b      	sbcs	r3, r1
100015b0:	2b00      	cmp	r3, #0
100015b2:	db0a      	blt.n	100015ca <sleep_until+0x82>
100015b4:	2300      	movs	r3, #0
100015b6:	9301      	str	r3, [sp, #4]
100015b8:	4b12      	ldr	r3, [pc, #72]	@ (10001604 <sleep_until+0xbc>)
100015ba:	0032      	movs	r2, r6
100015bc:	9300      	str	r3, [sp, #0]
100015be:	4812      	ldr	r0, [pc, #72]	@ (10001608 <sleep_until+0xc0>)
100015c0:	003b      	movs	r3, r7
100015c2:	f7ff ff2d 	bl	10001420 <alarm_pool_add_alarm_at_force_in_context>
100015c6:	2800      	cmp	r0, #0
100015c8:	dbd7      	blt.n	1000157a <sleep_until+0x32>
100015ca:	46b8      	mov	r8, r7
100015cc:	46b1      	mov	r9, r6
100015ce:	4f0f      	ldr	r7, [pc, #60]	@ (1000160c <sleep_until+0xc4>)
100015d0:	4e0f      	ldr	r6, [pc, #60]	@ (10001610 <sleep_until+0xc8>)
100015d2:	6a7b      	ldr	r3, [r7, #36]	@ 0x24
100015d4:	4598      	cmp	r8, r3
100015d6:	d804      	bhi.n	100015e2 <sleep_until+0x9a>
100015d8:	6aba      	ldr	r2, [r7, #40]	@ 0x28
100015da:	4591      	cmp	r9, r2
100015dc:	d9cd      	bls.n	1000157a <sleep_until+0x32>
100015de:	4598      	cmp	r8, r3
100015e0:	d1cb      	bne.n	1000157a <sleep_until+0x32>
100015e2:	6832      	ldr	r2, [r6, #0]
100015e4:	f3ef 8110 	mrs	r1, PRIMASK
100015e8:	b672      	cpsid	i
100015ea:	6813      	ldr	r3, [r2, #0]
100015ec:	2b00      	cmp	r3, #0
100015ee:	d0fc      	beq.n	100015ea <sleep_until+0xa2>
100015f0:	f3bf 8f5f 	dmb	sy
100015f4:	0030      	movs	r0, r6
100015f6:	f003 ff89 	bl	1000550c <vPortLockInternalSpinUnlockWithWait>
100015fa:	e7ea      	b.n	100015d2 <sleep_until+0x8a>
100015fc:	2a00      	cmp	r2, #0
100015fe:	d0bc      	beq.n	1000157a <sleep_until+0x32>
10001600:	e7d0      	b.n	100015a4 <sleep_until+0x5c>
10001602:	46c0      	nop			@ (mov r8, r8)
10001604:	10001245 	.word	0x10001245
10001608:	20000ff4 	.word	0x20000ff4
1000160c:	40054000 	.word	0x40054000
10001610:	2000242c 	.word	0x2000242c

10001614 <sleep_ms>:
10001614:	b570      	push	{r4, r5, r6, lr}
10001616:	0006      	movs	r6, r0
10001618:	f000 f8a6 	bl	10001768 <time_us_64>
1000161c:	22fa      	movs	r2, #250	@ 0xfa
1000161e:	0004      	movs	r4, r0
10001620:	000d      	movs	r5, r1
10001622:	2300      	movs	r3, #0
10001624:	0030      	movs	r0, r6
10001626:	2100      	movs	r1, #0
10001628:	0092      	lsls	r2, r2, #2
1000162a:	f000 fe7d 	bl	10002328 <__wrap___aeabi_lmul>
1000162e:	2380      	movs	r3, #128	@ 0x80
10001630:	1900      	adds	r0, r0, r4
10001632:	4169      	adcs	r1, r5
10001634:	061b      	lsls	r3, r3, #24
10001636:	4299      	cmp	r1, r3
10001638:	d302      	bcc.n	10001640 <sleep_ms+0x2c>
1000163a:	2001      	movs	r0, #1
1000163c:	4902      	ldr	r1, [pc, #8]	@ (10001648 <sleep_ms+0x34>)
1000163e:	4240      	negs	r0, r0
10001640:	f7ff ff82 	bl	10001548 <sleep_until>
10001644:	bd70      	pop	{r4, r5, r6, pc}
10001646:	46c0      	nop			@ (mov r8, r8)
10001648:	7fffffff 	.word	0x7fffffff

1000164c <best_effort_wfe_or_timeout>:
1000164c:	b5f0      	push	{r4, r5, r6, r7, lr}
1000164e:	46d6      	mov	lr, sl
10001650:	464f      	mov	r7, r9
10001652:	4646      	mov	r6, r8
10001654:	b5c0      	push	{r6, r7, lr}
10001656:	0004      	movs	r4, r0
10001658:	000d      	movs	r5, r1
1000165a:	b082      	sub	sp, #8
1000165c:	f3ef 8705 	mrs	r7, IPSR
10001660:	4689      	mov	r9, r1
10001662:	2f00      	cmp	r7, #0
10001664:	d00e      	beq.n	10001684 <best_effort_wfe_or_timeout+0x38>
10001666:	4934      	ldr	r1, [pc, #208]	@ (10001738 <best_effort_wfe_or_timeout+0xec>)
10001668:	2000      	movs	r0, #0
1000166a:	6a4b      	ldr	r3, [r1, #36]	@ 0x24
1000166c:	42ab      	cmp	r3, r5
1000166e:	d303      	bcc.n	10001678 <best_effort_wfe_or_timeout+0x2c>
10001670:	6a8a      	ldr	r2, [r1, #40]	@ 0x28
10001672:	3001      	adds	r0, #1
10001674:	42a2      	cmp	r2, r4
10001676:	d326      	bcc.n	100016c6 <best_effort_wfe_or_timeout+0x7a>
10001678:	b002      	add	sp, #8
1000167a:	bce0      	pop	{r5, r6, r7}
1000167c:	46ba      	mov	sl, r7
1000167e:	46b1      	mov	r9, r6
10001680:	46a8      	mov	r8, r5
10001682:	bdf0      	pop	{r4, r5, r6, r7, pc}
10001684:	4b2d      	ldr	r3, [pc, #180]	@ (1000173c <best_effort_wfe_or_timeout+0xf0>)
10001686:	4698      	mov	r8, r3
10001688:	68db      	ldr	r3, [r3, #12]
1000168a:	469a      	mov	sl, r3
1000168c:	4643      	mov	r3, r8
1000168e:	4650      	mov	r0, sl
10001690:	781e      	ldrb	r6, [r3, #0]
10001692:	f000 f861 	bl	10001758 <timer_time_us_64>
10001696:	000b      	movs	r3, r1
10001698:	4651      	mov	r1, sl
1000169a:	0002      	movs	r2, r0
1000169c:	3604      	adds	r6, #4
1000169e:	00b6      	lsls	r6, r6, #2
100016a0:	5871      	ldr	r1, [r6, r1]
100016a2:	0020      	movs	r0, r4
100016a4:	1a8e      	subs	r6, r1, r2
100016a6:	0029      	movs	r1, r5
100016a8:	1a80      	subs	r0, r0, r2
100016aa:	4199      	sbcs	r1, r3
100016ac:	428f      	cmp	r7, r1
100016ae:	dc11      	bgt.n	100016d4 <best_effort_wfe_or_timeout+0x88>
100016b0:	d00e      	beq.n	100016d0 <best_effort_wfe_or_timeout+0x84>
100016b2:	bf20      	wfe
100016b4:	4a20      	ldr	r2, [pc, #128]	@ (10001738 <best_effort_wfe_or_timeout+0xec>)
100016b6:	2000      	movs	r0, #0
100016b8:	6a53      	ldr	r3, [r2, #36]	@ 0x24
100016ba:	454b      	cmp	r3, r9
100016bc:	d3dc      	bcc.n	10001678 <best_effort_wfe_or_timeout+0x2c>
100016be:	6a92      	ldr	r2, [r2, #40]	@ 0x28
100016c0:	3001      	adds	r0, #1
100016c2:	42a2      	cmp	r2, r4
100016c4:	d2d8      	bcs.n	10001678 <best_effort_wfe_or_timeout+0x2c>
100016c6:	1b5b      	subs	r3, r3, r5
100016c8:	1e5a      	subs	r2, r3, #1
100016ca:	4193      	sbcs	r3, r2
100016cc:	b2d8      	uxtb	r0, r3
100016ce:	e7d3      	b.n	10001678 <best_effort_wfe_or_timeout+0x2c>
100016d0:	4286      	cmp	r6, r0
100016d2:	d9ee      	bls.n	100016b2 <best_effort_wfe_or_timeout+0x66>
100016d4:	f000 f848 	bl	10001768 <time_us_64>
100016d8:	0022      	movs	r2, r4
100016da:	002b      	movs	r3, r5
100016dc:	1a12      	subs	r2, r2, r0
100016de:	418b      	sbcs	r3, r1
100016e0:	2b00      	cmp	r3, #0
100016e2:	db1a      	blt.n	1000171a <best_effort_wfe_or_timeout+0xce>
100016e4:	2300      	movs	r3, #0
100016e6:	9301      	str	r3, [sp, #4]
100016e8:	4b15      	ldr	r3, [pc, #84]	@ (10001740 <best_effort_wfe_or_timeout+0xf4>)
100016ea:	0022      	movs	r2, r4
100016ec:	9300      	str	r3, [sp, #0]
100016ee:	4640      	mov	r0, r8
100016f0:	002b      	movs	r3, r5
100016f2:	f7ff fe95 	bl	10001420 <alarm_pool_add_alarm_at_force_in_context>
100016f6:	1e01      	subs	r1, r0, #0
100016f8:	dd0f      	ble.n	1000171a <best_effort_wfe_or_timeout+0xce>
100016fa:	4b0f      	ldr	r3, [pc, #60]	@ (10001738 <best_effort_wfe_or_timeout+0xec>)
100016fc:	6a5a      	ldr	r2, [r3, #36]	@ 0x24
100016fe:	454a      	cmp	r2, r9
10001700:	d317      	bcc.n	10001732 <best_effort_wfe_or_timeout+0xe6>
10001702:	6a9b      	ldr	r3, [r3, #40]	@ 0x28
10001704:	42a3      	cmp	r3, r4
10001706:	d312      	bcc.n	1000172e <best_effort_wfe_or_timeout+0xe2>
10001708:	4640      	mov	r0, r8
1000170a:	f7ff fee1 	bl	100014d0 <alarm_pool_cancel_alarm>
1000170e:	4a0a      	ldr	r2, [pc, #40]	@ (10001738 <best_effort_wfe_or_timeout+0xec>)
10001710:	2000      	movs	r0, #0
10001712:	6a53      	ldr	r3, [r2, #36]	@ 0x24
10001714:	454b      	cmp	r3, r9
10001716:	d3af      	bcc.n	10001678 <best_effort_wfe_or_timeout+0x2c>
10001718:	e7d1      	b.n	100016be <best_effort_wfe_or_timeout+0x72>
1000171a:	4a07      	ldr	r2, [pc, #28]	@ (10001738 <best_effort_wfe_or_timeout+0xec>)
1000171c:	2000      	movs	r0, #0
1000171e:	6a53      	ldr	r3, [r2, #36]	@ 0x24
10001720:	454b      	cmp	r3, r9
10001722:	d3a9      	bcc.n	10001678 <best_effort_wfe_or_timeout+0x2c>
10001724:	6a92      	ldr	r2, [r2, #40]	@ 0x28
10001726:	2001      	movs	r0, #1
10001728:	42a2      	cmp	r2, r4
1000172a:	d2a5      	bcs.n	10001678 <best_effort_wfe_or_timeout+0x2c>
1000172c:	e7cb      	b.n	100016c6 <best_effort_wfe_or_timeout+0x7a>
1000172e:	454a      	cmp	r2, r9
10001730:	d1ea      	bne.n	10001708 <best_effort_wfe_or_timeout+0xbc>
10001732:	bf20      	wfe
10001734:	e7e8      	b.n	10001708 <best_effort_wfe_or_timeout+0xbc>
10001736:	46c0      	nop			@ (mov r8, r8)
10001738:	40054000 	.word	0x40054000
1000173c:	20000ff4 	.word	0x20000ff4
10001740:	10001245 	.word	0x10001245

10001744 <timer_hardware_alarm_claim>:
10001744:	b510      	push	{r4, lr}
10001746:	4a02      	ldr	r2, [pc, #8]	@ (10001750 <timer_hardware_alarm_claim+0xc>)
10001748:	4802      	ldr	r0, [pc, #8]	@ (10001754 <timer_hardware_alarm_claim+0x10>)
1000174a:	f7ff f917 	bl	1000097c <hw_claim_or_assert>
1000174e:	bd10      	pop	{r4, pc}
10001750:	10007900 	.word	0x10007900
10001754:	20001b94 	.word	0x20001b94

10001758 <timer_time_us_64>:
10001758:	0003      	movs	r3, r0
1000175a:	6a41      	ldr	r1, [r0, #36]	@ 0x24
1000175c:	000a      	movs	r2, r1
1000175e:	6a98      	ldr	r0, [r3, #40]	@ 0x28
10001760:	6a59      	ldr	r1, [r3, #36]	@ 0x24
10001762:	428a      	cmp	r2, r1
10001764:	d1fa      	bne.n	1000175c <timer_time_us_64+0x4>
10001766:	4770      	bx	lr

10001768 <time_us_64>:
10001768:	4b03      	ldr	r3, [pc, #12]	@ (10001778 <time_us_64+0x10>)
1000176a:	6a59      	ldr	r1, [r3, #36]	@ 0x24
1000176c:	000a      	movs	r2, r1
1000176e:	6a98      	ldr	r0, [r3, #40]	@ 0x28
10001770:	6a59      	ldr	r1, [r3, #36]	@ 0x24
10001772:	4291      	cmp	r1, r2
10001774:	d1fa      	bne.n	1000176c <time_us_64+0x4>
10001776:	4770      	bx	lr
10001778:	40054000 	.word	0x40054000

1000177c <busy_wait_until>:
1000177c:	4a06      	ldr	r2, [pc, #24]	@ (10001798 <busy_wait_until+0x1c>)
1000177e:	6a53      	ldr	r3, [r2, #36]	@ 0x24
10001780:	4299      	cmp	r1, r3
10001782:	d8fc      	bhi.n	1000177e <busy_wait_until+0x2>
10001784:	d107      	bne.n	10001796 <busy_wait_until+0x1a>
10001786:	4b04      	ldr	r3, [pc, #16]	@ (10001798 <busy_wait_until+0x1c>)
10001788:	e002      	b.n	10001790 <busy_wait_until+0x14>
1000178a:	6a5a      	ldr	r2, [r3, #36]	@ 0x24
1000178c:	4291      	cmp	r1, r2
1000178e:	d102      	bne.n	10001796 <busy_wait_until+0x1a>
10001790:	6a9a      	ldr	r2, [r3, #40]	@ 0x28
10001792:	4282      	cmp	r2, r0
10001794:	d3f9      	bcc.n	1000178a <busy_wait_until+0xe>
10001796:	4770      	bx	lr
10001798:	40054000 	.word	0x40054000

1000179c <clock_configure_int_divider>:
1000179c:	b5f8      	push	{r3, r4, r5, r6, r7, lr}
1000179e:	46de      	mov	lr, fp
100017a0:	464e      	mov	r6, r9
100017a2:	4657      	mov	r7, sl
100017a4:	4645      	mov	r5, r8
100017a6:	b5e0      	push	{r5, r6, r7, lr}
100017a8:	468b      	mov	fp, r1
100017aa:	0005      	movs	r5, r0
100017ac:	990a      	ldr	r1, [sp, #40]	@ 0x28
100017ae:	0018      	movs	r0, r3
100017b0:	0016      	movs	r6, r2
100017b2:	f000 fb15 	bl	10001de0 <__wrap___aeabi_uidiv>
100017b6:	9b0a      	ldr	r3, [sp, #40]	@ 0x28
100017b8:	006c      	lsls	r4, r5, #1
100017ba:	021f      	lsls	r7, r3, #8
100017bc:	4b32      	ldr	r3, [pc, #200]	@ (10001888 <clock_configure_int_divider+0xec>)
100017be:	1964      	adds	r4, r4, r5
100017c0:	469c      	mov	ip, r3
100017c2:	00a4      	lsls	r4, r4, #2
100017c4:	4464      	add	r4, ip
100017c6:	6863      	ldr	r3, [r4, #4]
100017c8:	4681      	mov	r9, r0
100017ca:	429f      	cmp	r7, r3
100017cc:	d900      	bls.n	100017d0 <clock_configure_int_divider+0x34>
100017ce:	6067      	str	r7, [r4, #4]
100017d0:	1f2b      	subs	r3, r5, #4
100017d2:	b2db      	uxtb	r3, r3
100017d4:	4698      	mov	r8, r3
100017d6:	2b01      	cmp	r3, #1
100017d8:	d930      	bls.n	1000183c <clock_configure_int_divider+0xa0>
100017da:	23c0      	movs	r3, #192	@ 0xc0
100017dc:	2280      	movs	r2, #128	@ 0x80
100017de:	019b      	lsls	r3, r3, #6
100017e0:	18e3      	adds	r3, r4, r3
100017e2:	0112      	lsls	r2, r2, #4
100017e4:	601a      	str	r2, [r3, #0]
100017e6:	4b29      	ldr	r3, [pc, #164]	@ (1000188c <clock_configure_int_divider+0xf0>)
100017e8:	00ad      	lsls	r5, r5, #2
100017ea:	5959      	ldr	r1, [r3, r5]
100017ec:	469a      	mov	sl, r3
100017ee:	2900      	cmp	r1, #0
100017f0:	d11b      	bne.n	1000182a <clock_configure_int_divider+0x8e>
100017f2:	0173      	lsls	r3, r6, #5
100017f4:	26e0      	movs	r6, #224	@ 0xe0
100017f6:	6822      	ldr	r2, [r4, #0]
100017f8:	4053      	eors	r3, r2
100017fa:	401e      	ands	r6, r3
100017fc:	2380      	movs	r3, #128	@ 0x80
100017fe:	4642      	mov	r2, r8
10001800:	015b      	lsls	r3, r3, #5
10001802:	18e3      	adds	r3, r4, r3
10001804:	601e      	str	r6, [r3, #0]
10001806:	2a01      	cmp	r2, #1
10001808:	d930      	bls.n	1000186c <clock_configure_int_divider+0xd0>
1000180a:	2380      	movs	r3, #128	@ 0x80
1000180c:	2280      	movs	r2, #128	@ 0x80
1000180e:	019b      	lsls	r3, r3, #6
10001810:	18e3      	adds	r3, r4, r3
10001812:	0112      	lsls	r2, r2, #4
10001814:	601a      	str	r2, [r3, #0]
10001816:	4653      	mov	r3, sl
10001818:	464a      	mov	r2, r9
1000181a:	6067      	str	r7, [r4, #4]
1000181c:	515a      	str	r2, [r3, r5]
1000181e:	bcf0      	pop	{r4, r5, r6, r7}
10001820:	46bb      	mov	fp, r7
10001822:	46b2      	mov	sl, r6
10001824:	46a9      	mov	r9, r5
10001826:	46a0      	mov	r8, r4
10001828:	bdf8      	pop	{r3, r4, r5, r6, r7, pc}
1000182a:	6958      	ldr	r0, [r3, #20]
1000182c:	f000 fad8 	bl	10001de0 <__wrap___aeabi_uidiv>
10001830:	3001      	adds	r0, #1
10001832:	0043      	lsls	r3, r0, #1
10001834:	181b      	adds	r3, r3, r0
10001836:	3b03      	subs	r3, #3
10001838:	d2fd      	bcs.n	10001836 <clock_configure_int_divider+0x9a>
1000183a:	e7da      	b.n	100017f2 <clock_configure_int_divider+0x56>
1000183c:	465b      	mov	r3, fp
1000183e:	2b01      	cmp	r3, #1
10001840:	d1cb      	bne.n	100017da <clock_configure_int_divider+0x3e>
10001842:	23c0      	movs	r3, #192	@ 0xc0
10001844:	2203      	movs	r2, #3
10001846:	019b      	lsls	r3, r3, #6
10001848:	18e3      	adds	r3, r4, r3
1000184a:	601a      	str	r2, [r3, #0]
1000184c:	3a02      	subs	r2, #2
1000184e:	68a3      	ldr	r3, [r4, #8]
10001850:	421a      	tst	r2, r3
10001852:	d0fc      	beq.n	1000184e <clock_configure_int_divider+0xb2>
10001854:	0173      	lsls	r3, r6, #5
10001856:	26e0      	movs	r6, #224	@ 0xe0
10001858:	6822      	ldr	r2, [r4, #0]
1000185a:	00ad      	lsls	r5, r5, #2
1000185c:	4053      	eors	r3, r2
1000185e:	401e      	ands	r6, r3
10001860:	2380      	movs	r3, #128	@ 0x80
10001862:	4a0a      	ldr	r2, [pc, #40]	@ (1000188c <clock_configure_int_divider+0xf0>)
10001864:	015b      	lsls	r3, r3, #5
10001866:	4692      	mov	sl, r2
10001868:	18e3      	adds	r3, r4, r3
1000186a:	601e      	str	r6, [r3, #0]
1000186c:	465a      	mov	r2, fp
1000186e:	6821      	ldr	r1, [r4, #0]
10001870:	4051      	eors	r1, r2
10001872:	2203      	movs	r2, #3
10001874:	400a      	ands	r2, r1
10001876:	601a      	str	r2, [r3, #0]
10001878:	2201      	movs	r2, #1
1000187a:	465b      	mov	r3, fp
1000187c:	409a      	lsls	r2, r3
1000187e:	68a3      	ldr	r3, [r4, #8]
10001880:	421a      	tst	r2, r3
10001882:	d0fc      	beq.n	1000187e <clock_configure_int_divider+0xe2>
10001884:	e7c1      	b.n	1000180a <clock_configure_int_divider+0x6e>
10001886:	46c0      	nop			@ (mov r8, r8)
10001888:	40008000 	.word	0x40008000
1000188c:	20001b98 	.word	0x20001b98

10001890 <clock_configure_undivided>:
10001890:	b5f0      	push	{r4, r5, r6, r7, lr}
10001892:	4646      	mov	r6, r8
10001894:	464f      	mov	r7, r9
10001896:	46d6      	mov	lr, sl
10001898:	b5c0      	push	{r6, r7, lr}
1000189a:	001f      	movs	r7, r3
1000189c:	4b34      	ldr	r3, [pc, #208]	@ (10001970 <clock_configure_undivided+0xe0>)
1000189e:	0044      	lsls	r4, r0, #1
100018a0:	469c      	mov	ip, r3
100018a2:	1824      	adds	r4, r4, r0
100018a4:	00a4      	lsls	r4, r4, #2
100018a6:	4464      	add	r4, ip
100018a8:	6863      	ldr	r3, [r4, #4]
100018aa:	4688      	mov	r8, r1
100018ac:	0016      	movs	r6, r2
100018ae:	2bff      	cmp	r3, #255	@ 0xff
100018b0:	d802      	bhi.n	100018b8 <clock_configure_undivided+0x28>
100018b2:	2380      	movs	r3, #128	@ 0x80
100018b4:	005b      	lsls	r3, r3, #1
100018b6:	6063      	str	r3, [r4, #4]
100018b8:	1f03      	subs	r3, r0, #4
100018ba:	b2db      	uxtb	r3, r3
100018bc:	469a      	mov	sl, r3
100018be:	2b01      	cmp	r3, #1
100018c0:	d930      	bls.n	10001924 <clock_configure_undivided+0x94>
100018c2:	23c0      	movs	r3, #192	@ 0xc0
100018c4:	2280      	movs	r2, #128	@ 0x80
100018c6:	019b      	lsls	r3, r3, #6
100018c8:	18e3      	adds	r3, r4, r3
100018ca:	0112      	lsls	r2, r2, #4
100018cc:	601a      	str	r2, [r3, #0]
100018ce:	4b29      	ldr	r3, [pc, #164]	@ (10001974 <clock_configure_undivided+0xe4>)
100018d0:	0085      	lsls	r5, r0, #2
100018d2:	5959      	ldr	r1, [r3, r5]
100018d4:	4699      	mov	r9, r3
100018d6:	2900      	cmp	r1, #0
100018d8:	d11b      	bne.n	10001912 <clock_configure_undivided+0x82>
100018da:	0173      	lsls	r3, r6, #5
100018dc:	26e0      	movs	r6, #224	@ 0xe0
100018de:	6822      	ldr	r2, [r4, #0]
100018e0:	4053      	eors	r3, r2
100018e2:	401e      	ands	r6, r3
100018e4:	2380      	movs	r3, #128	@ 0x80
100018e6:	4652      	mov	r2, sl
100018e8:	015b      	lsls	r3, r3, #5
100018ea:	18e3      	adds	r3, r4, r3
100018ec:	601e      	str	r6, [r3, #0]
100018ee:	2a01      	cmp	r2, #1
100018f0:	d930      	bls.n	10001954 <clock_configure_undivided+0xc4>
100018f2:	2380      	movs	r3, #128	@ 0x80
100018f4:	2280      	movs	r2, #128	@ 0x80
100018f6:	019b      	lsls	r3, r3, #6
100018f8:	18e3      	adds	r3, r4, r3
100018fa:	0112      	lsls	r2, r2, #4
100018fc:	601a      	str	r2, [r3, #0]
100018fe:	2380      	movs	r3, #128	@ 0x80
10001900:	005b      	lsls	r3, r3, #1
10001902:	6063      	str	r3, [r4, #4]
10001904:	464b      	mov	r3, r9
10001906:	515f      	str	r7, [r3, r5]
10001908:	bce0      	pop	{r5, r6, r7}
1000190a:	46ba      	mov	sl, r7
1000190c:	46b1      	mov	r9, r6
1000190e:	46a8      	mov	r8, r5
10001910:	bdf0      	pop	{r4, r5, r6, r7, pc}
10001912:	6958      	ldr	r0, [r3, #20]
10001914:	f000 fa64 	bl	10001de0 <__wrap___aeabi_uidiv>
10001918:	3001      	adds	r0, #1
1000191a:	0043      	lsls	r3, r0, #1
1000191c:	181b      	adds	r3, r3, r0
1000191e:	3b03      	subs	r3, #3
10001920:	d2fd      	bcs.n	1000191e <clock_configure_undivided+0x8e>
10001922:	e7da      	b.n	100018da <clock_configure_undivided+0x4a>
10001924:	4643      	mov	r3, r8
10001926:	2b01      	cmp	r3, #1
10001928:	d1cb      	bne.n	100018c2 <clock_configure_undivided+0x32>
1000192a:	23c0      	movs	r3, #192	@ 0xc0
1000192c:	2203      	movs	r2, #3
1000192e:	019b      	lsls	r3, r3, #6
10001930:	18e3      	adds	r3, r4, r3
10001932:	601a      	str	r2, [r3, #0]
10001934:	3a02      	subs	r2, #2
10001936:	68a3      	ldr	r3, [r4, #8]
10001938:	421a      	tst	r2, r3
1000193a:	d0fc      	beq.n	10001936 <clock_configure_undivided+0xa6>
1000193c:	0173      	lsls	r3, r6, #5
1000193e:	26e0      	movs	r6, #224	@ 0xe0
10001940:	6822      	ldr	r2, [r4, #0]
10001942:	0085      	lsls	r5, r0, #2
10001944:	4053      	eors	r3, r2
10001946:	401e      	ands	r6, r3
10001948:	2380      	movs	r3, #128	@ 0x80
1000194a:	4a0a      	ldr	r2, [pc, #40]	@ (10001974 <clock_configure_undivided+0xe4>)
1000194c:	015b      	lsls	r3, r3, #5
1000194e:	4691      	mov	r9, r2
10001950:	18e3      	adds	r3, r4, r3
10001952:	601e      	str	r6, [r3, #0]
10001954:	4642      	mov	r2, r8
10001956:	6821      	ldr	r1, [r4, #0]
10001958:	4051      	eors	r1, r2
1000195a:	2203      	movs	r2, #3
1000195c:	400a      	ands	r2, r1
1000195e:	601a      	str	r2, [r3, #0]
10001960:	2301      	movs	r3, #1
10001962:	4642      	mov	r2, r8
10001964:	4093      	lsls	r3, r2
10001966:	68a2      	ldr	r2, [r4, #8]
10001968:	4213      	tst	r3, r2
1000196a:	d0fc      	beq.n	10001966 <clock_configure_undivided+0xd6>
1000196c:	e7c1      	b.n	100018f2 <clock_configure_undivided+0x62>
1000196e:	46c0      	nop			@ (mov r8, r8)
10001970:	40008000 	.word	0x40008000
10001974:	20001b98 	.word	0x20001b98

10001978 <clock_get_hz>:
10001978:	4b01      	ldr	r3, [pc, #4]	@ (10001980 <clock_get_hz+0x8>)
1000197a:	0080      	lsls	r0, r0, #2
1000197c:	58c0      	ldr	r0, [r0, r3]
1000197e:	4770      	bx	lr
10001980:	20001b98 	.word	0x20001b98

10001984 <pll_init>:
10001984:	b5f8      	push	{r3, r4, r5, r6, r7, lr}
10001986:	0004      	movs	r4, r0
10001988:	4821      	ldr	r0, [pc, #132]	@ (10001a10 <pll_init+0x8c>)
1000198a:	001e      	movs	r6, r3
1000198c:	0017      	movs	r7, r2
1000198e:	000d      	movs	r5, r1
10001990:	f000 fa26 	bl	10001de0 <__wrap___aeabi_uidiv>
10001994:	0001      	movs	r1, r0
10001996:	0038      	movs	r0, r7
10001998:	f000 fa22 	bl	10001de0 <__wrap___aeabi_uidiv>
1000199c:	9b06      	ldr	r3, [sp, #24]
1000199e:	0436      	lsls	r6, r6, #16
100019a0:	031b      	lsls	r3, r3, #12
100019a2:	431e      	orrs	r6, r3
100019a4:	6823      	ldr	r3, [r4, #0]
100019a6:	2b00      	cmp	r3, #0
100019a8:	db20      	blt.n	100019ec <pll_init+0x68>
100019aa:	4b1a      	ldr	r3, [pc, #104]	@ (10001a14 <pll_init+0x90>)
100019ac:	491a      	ldr	r1, [pc, #104]	@ (10001a18 <pll_init+0x94>)
100019ae:	18e3      	adds	r3, r4, r3
100019b0:	1e5a      	subs	r2, r3, #1
100019b2:	4193      	sbcs	r3, r2
100019b4:	2280      	movs	r2, #128	@ 0x80
100019b6:	0192      	lsls	r2, r2, #6
100019b8:	4694      	mov	ip, r2
100019ba:	425b      	negs	r3, r3
100019bc:	0b1b      	lsrs	r3, r3, #12
100019be:	4a17      	ldr	r2, [pc, #92]	@ (10001a1c <pll_init+0x98>)
100019c0:	031b      	lsls	r3, r3, #12
100019c2:	4463      	add	r3, ip
100019c4:	6013      	str	r3, [r2, #0]
100019c6:	4a16      	ldr	r2, [pc, #88]	@ (10001a20 <pll_init+0x9c>)
100019c8:	6013      	str	r3, [r2, #0]
100019ca:	001f      	movs	r7, r3
100019cc:	680a      	ldr	r2, [r1, #0]
100019ce:	4397      	bics	r7, r2
100019d0:	d1fb      	bne.n	100019ca <pll_init+0x46>
100019d2:	4b14      	ldr	r3, [pc, #80]	@ (10001a24 <pll_init+0xa0>)
100019d4:	6025      	str	r5, [r4, #0]
100019d6:	18e2      	adds	r2, r4, r3
100019d8:	2321      	movs	r3, #33	@ 0x21
100019da:	60a0      	str	r0, [r4, #8]
100019dc:	6013      	str	r3, [r2, #0]
100019de:	6823      	ldr	r3, [r4, #0]
100019e0:	2b00      	cmp	r3, #0
100019e2:	dafc      	bge.n	100019de <pll_init+0x5a>
100019e4:	2308      	movs	r3, #8
100019e6:	60e6      	str	r6, [r4, #12]
100019e8:	6013      	str	r3, [r2, #0]
100019ea:	bdf8      	pop	{r3, r4, r5, r6, r7, pc}
100019ec:	233f      	movs	r3, #63	@ 0x3f
100019ee:	6822      	ldr	r2, [r4, #0]
100019f0:	4013      	ands	r3, r2
100019f2:	42ab      	cmp	r3, r5
100019f4:	d1d9      	bne.n	100019aa <pll_init+0x26>
100019f6:	68a3      	ldr	r3, [r4, #8]
100019f8:	051b      	lsls	r3, r3, #20
100019fa:	0d1b      	lsrs	r3, r3, #20
100019fc:	4283      	cmp	r3, r0
100019fe:	d1d4      	bne.n	100019aa <pll_init+0x26>
10001a00:	22ee      	movs	r2, #238	@ 0xee
10001a02:	68e3      	ldr	r3, [r4, #12]
10001a04:	02d2      	lsls	r2, r2, #11
10001a06:	4013      	ands	r3, r2
10001a08:	42b3      	cmp	r3, r6
10001a0a:	d1ce      	bne.n	100019aa <pll_init+0x26>
10001a0c:	e7ed      	b.n	100019ea <pll_init+0x66>
10001a0e:	46c0      	nop			@ (mov r8, r8)
10001a10:	00b71b00 	.word	0x00b71b00
10001a14:	bffd4000 	.word	0xbffd4000
10001a18:	4000c008 	.word	0x4000c008
10001a1c:	4000e000 	.word	0x4000e000
10001a20:	4000f000 	.word	0x4000f000
10001a24:	00003004 	.word	0x00003004

10001a28 <watchdog_reboot>:
10001a28:	b510      	push	{r4, lr}
10001a2a:	2480      	movs	r4, #128	@ 0x80
10001a2c:	4b1c      	ldr	r3, [pc, #112]	@ (10001aa0 <watchdog_reboot+0x78>)
10001a2e:	05e4      	lsls	r4, r4, #23
10001a30:	601c      	str	r4, [r3, #0]
10001a32:	2800      	cmp	r0, #0
10001a34:	d01a      	beq.n	10001a6c <watchdog_reboot+0x44>
10001a36:	2301      	movs	r3, #1
10001a38:	4c1a      	ldr	r4, [pc, #104]	@ (10001aa4 <watchdog_reboot+0x7c>)
10001a3a:	4318      	orrs	r0, r3
10001a3c:	4b1a      	ldr	r3, [pc, #104]	@ (10001aa8 <watchdog_reboot+0x80>)
10001a3e:	61dc      	str	r4, [r3, #28]
10001a40:	4c1a      	ldr	r4, [pc, #104]	@ (10001aac <watchdog_reboot+0x84>)
10001a42:	4044      	eors	r4, r0
10001a44:	621c      	str	r4, [r3, #32]
10001a46:	6259      	str	r1, [r3, #36]	@ 0x24
10001a48:	6298      	str	r0, [r3, #40]	@ 0x28
10001a4a:	2180      	movs	r1, #128	@ 0x80
10001a4c:	4b14      	ldr	r3, [pc, #80]	@ (10001aa0 <watchdog_reboot+0x78>)
10001a4e:	05c9      	lsls	r1, r1, #23
10001a50:	6019      	str	r1, [r3, #0]
10001a52:	4817      	ldr	r0, [pc, #92]	@ (10001ab0 <watchdog_reboot+0x88>)
10001a54:	4917      	ldr	r1, [pc, #92]	@ (10001ab4 <watchdog_reboot+0x8c>)
10001a56:	6008      	str	r0, [r1, #0]
10001a58:	21e0      	movs	r1, #224	@ 0xe0
10001a5a:	04c9      	lsls	r1, r1, #19
10001a5c:	6019      	str	r1, [r3, #0]
10001a5e:	2a00      	cmp	r2, #0
10001a60:	d107      	bne.n	10001a72 <watchdog_reboot+0x4a>
10001a62:	2280      	movs	r2, #128	@ 0x80
10001a64:	4b14      	ldr	r3, [pc, #80]	@ (10001ab8 <watchdog_reboot+0x90>)
10001a66:	0612      	lsls	r2, r2, #24
10001a68:	601a      	str	r2, [r3, #0]
10001a6a:	bd10      	pop	{r4, pc}
10001a6c:	4b0e      	ldr	r3, [pc, #56]	@ (10001aa8 <watchdog_reboot+0x80>)
10001a6e:	61d8      	str	r0, [r3, #28]
10001a70:	e7eb      	b.n	10001a4a <watchdog_reboot+0x22>
10001a72:	0153      	lsls	r3, r2, #5
10001a74:	1a9b      	subs	r3, r3, r2
10001a76:	009b      	lsls	r3, r3, #2
10001a78:	189a      	adds	r2, r3, r2
10001a7a:	2380      	movs	r3, #128	@ 0x80
10001a7c:	0112      	lsls	r2, r2, #4
10001a7e:	045b      	lsls	r3, r3, #17
10001a80:	429a      	cmp	r2, r3
10001a82:	d209      	bcs.n	10001a98 <watchdog_reboot+0x70>
10001a84:	0013      	movs	r3, r2
10001a86:	490d      	ldr	r1, [pc, #52]	@ (10001abc <watchdog_reboot+0x94>)
10001a88:	600b      	str	r3, [r1, #0]
10001a8a:	4b07      	ldr	r3, [pc, #28]	@ (10001aa8 <watchdog_reboot+0x80>)
10001a8c:	605a      	str	r2, [r3, #4]
10001a8e:	2280      	movs	r2, #128	@ 0x80
10001a90:	4b09      	ldr	r3, [pc, #36]	@ (10001ab8 <watchdog_reboot+0x90>)
10001a92:	05d2      	lsls	r2, r2, #23
10001a94:	601a      	str	r2, [r3, #0]
10001a96:	e7e8      	b.n	10001a6a <watchdog_reboot+0x42>
10001a98:	4b09      	ldr	r3, [pc, #36]	@ (10001ac0 <watchdog_reboot+0x98>)
10001a9a:	001a      	movs	r2, r3
10001a9c:	e7f3      	b.n	10001a86 <watchdog_reboot+0x5e>
10001a9e:	46c0      	nop			@ (mov r8, r8)
10001aa0:	4005b000 	.word	0x4005b000
10001aa4:	b007c0d3 	.word	0xb007c0d3
10001aa8:	40058000 	.word	0x40058000
10001aac:	4ff83f2d 	.word	0x4ff83f2d
10001ab0:	0001fffc 	.word	0x0001fffc
10001ab4:	40012008 	.word	0x40012008
10001ab8:	4005a000 	.word	0x4005a000
10001abc:	20002000 	.word	0x20002000
10001ac0:	00ffffff 	.word	0x00ffffff

10001ac4 <tick_start>:
10001ac4:	2380      	movs	r3, #128	@ 0x80
10001ac6:	4a02      	ldr	r2, [pc, #8]	@ (10001ad0 <tick_start+0xc>)
10001ac8:	009b      	lsls	r3, r3, #2
10001aca:	430b      	orrs	r3, r1
10001acc:	62d3      	str	r3, [r2, #44]	@ 0x2c
10001ace:	4770      	bx	lr
10001ad0:	40058000 	.word	0x40058000

10001ad4 <rom_func_lookup>:
10001ad4:	2314      	movs	r3, #20
10001ad6:	b510      	push	{r4, lr}
10001ad8:	0001      	movs	r1, r0
10001ada:	8818      	ldrh	r0, [r3, #0]
10001adc:	3304      	adds	r3, #4
10001ade:	881b      	ldrh	r3, [r3, #0]
10001ae0:	4798      	blx	r3
10001ae2:	bd10      	pop	{r4, pc}

10001ae4 <rom_data_lookup>:
10001ae4:	2316      	movs	r3, #22
10001ae6:	b510      	push	{r4, lr}
10001ae8:	0001      	movs	r1, r0
10001aea:	8818      	ldrh	r0, [r3, #0]
10001aec:	3302      	adds	r3, #2
10001aee:	881b      	ldrh	r3, [r3, #0]
10001af0:	4798      	blx	r3
10001af2:	bd10      	pop	{r4, pc}

10001af4 <rom_funcs_lookup>:
10001af4:	b5f8      	push	{r3, r4, r5, r6, r7, lr}
10001af6:	4647      	mov	r7, r8
10001af8:	46ce      	mov	lr, r9
10001afa:	b580      	push	{r7, lr}
10001afc:	1e0f      	subs	r7, r1, #0
10001afe:	d019      	beq.n	10001b34 <rom_funcs_lookup+0x40>
10001b00:	2314      	movs	r3, #20
10001b02:	4699      	mov	r9, r3
10001b04:	3304      	adds	r3, #4
10001b06:	0004      	movs	r4, r0
10001b08:	2500      	movs	r5, #0
10001b0a:	2601      	movs	r6, #1
10001b0c:	4698      	mov	r8, r3
10001b0e:	464b      	mov	r3, r9
10001b10:	8818      	ldrh	r0, [r3, #0]
10001b12:	4643      	mov	r3, r8
10001b14:	6821      	ldr	r1, [r4, #0]
10001b16:	881b      	ldrh	r3, [r3, #0]
10001b18:	4798      	blx	r3
10001b1a:	c401      	stmia	r4!, {r0}
10001b1c:	1e43      	subs	r3, r0, #1
10001b1e:	4198      	sbcs	r0, r3
10001b20:	3501      	adds	r5, #1
10001b22:	4240      	negs	r0, r0
10001b24:	4006      	ands	r6, r0
10001b26:	42af      	cmp	r7, r5
10001b28:	d1f1      	bne.n	10001b0e <rom_funcs_lookup+0x1a>
10001b2a:	0030      	movs	r0, r6
10001b2c:	bcc0      	pop	{r6, r7}
10001b2e:	46b9      	mov	r9, r7
10001b30:	46b0      	mov	r8, r6
10001b32:	bdf8      	pop	{r3, r4, r5, r6, r7, pc}
10001b34:	2601      	movs	r6, #1
10001b36:	e7f8      	b.n	10001b2a <rom_funcs_lookup+0x36>

10001b38 <rom_reset_usb_boot_extra>:
10001b38:	2314      	movs	r3, #20
10001b3a:	b570      	push	{r4, r5, r6, lr}
10001b3c:	0004      	movs	r4, r0
10001b3e:	8818      	ldrh	r0, [r3, #0]
10001b40:	3304      	adds	r3, #4
10001b42:	881b      	ldrh	r3, [r3, #0]
10001b44:	000d      	movs	r5, r1
10001b46:	4905      	ldr	r1, [pc, #20]	@ (10001b5c <rom_reset_usb_boot_extra+0x24>)
10001b48:	4798      	blx	r3
10001b4a:	0003      	movs	r3, r0
10001b4c:	2000      	movs	r0, #0
10001b4e:	2c00      	cmp	r4, #0
10001b50:	db01      	blt.n	10001b56 <rom_reset_usb_boot_extra+0x1e>
10001b52:	3001      	adds	r0, #1
10001b54:	40a0      	lsls	r0, r4
10001b56:	0029      	movs	r1, r5
10001b58:	4798      	blx	r3
10001b5a:	46c0      	nop			@ (mov r8, r8)
10001b5c:	00004255 	.word	0x00004255

10001b60 <xosc_init>:
10001b60:	23aa      	movs	r3, #170	@ 0xaa
10001b62:	4a06      	ldr	r2, [pc, #24]	@ (10001b7c <xosc_init+0x1c>)
10001b64:	011b      	lsls	r3, r3, #4
10001b66:	6013      	str	r3, [r2, #0]
10001b68:	238d      	movs	r3, #141	@ 0x8d
10001b6a:	005b      	lsls	r3, r3, #1
10001b6c:	60d3      	str	r3, [r2, #12]
10001b6e:	4904      	ldr	r1, [pc, #16]	@ (10001b80 <xosc_init+0x20>)
10001b70:	4b04      	ldr	r3, [pc, #16]	@ (10001b84 <xosc_init+0x24>)
10001b72:	6019      	str	r1, [r3, #0]
10001b74:	6853      	ldr	r3, [r2, #4]
10001b76:	2b00      	cmp	r3, #0
10001b78:	dafc      	bge.n	10001b74 <xosc_init+0x14>
10001b7a:	4770      	bx	lr
10001b7c:	40024000 	.word	0x40024000
10001b80:	00fab000 	.word	0x00fab000
10001b84:	40026000 	.word	0x40026000

10001b88 <first_per_core_initializer>:
10001b88:	4770      	bx	lr
10001b8a:	46c0      	nop			@ (mov r8, r8)

10001b8c <hard_assertion_failure>:
10001b8c:	b510      	push	{r4, lr}
10001b8e:	4801      	ldr	r0, [pc, #4]	@ (10001b94 <hard_assertion_failure+0x8>)
10001b90:	f7fe fed6 	bl	10000940 <panic>
10001b94:	10007924 	.word	0x10007924

10001b98 <runtime_run_initializers>:
10001b98:	b570      	push	{r4, r5, r6, lr}
10001b9a:	4d07      	ldr	r5, [pc, #28]	@ (10001bb8 <runtime_run_initializers+0x20>)
10001b9c:	4e07      	ldr	r6, [pc, #28]	@ (10001bbc <runtime_run_initializers+0x24>)
10001b9e:	42b5      	cmp	r5, r6
10001ba0:	d209      	bcs.n	10001bb6 <runtime_run_initializers+0x1e>
10001ba2:	2400      	movs	r4, #0
10001ba4:	3e01      	subs	r6, #1
10001ba6:	1b76      	subs	r6, r6, r5
10001ba8:	08b6      	lsrs	r6, r6, #2
10001baa:	cd08      	ldmia	r5!, {r3}
10001bac:	4798      	blx	r3
10001bae:	0023      	movs	r3, r4
10001bb0:	3401      	adds	r4, #1
10001bb2:	42b3      	cmp	r3, r6
10001bb4:	d1f9      	bne.n	10001baa <runtime_run_initializers+0x12>
10001bb6:	bd70      	pop	{r4, r5, r6, pc}
10001bb8:	100077d8 	.word	0x100077d8
10001bbc:	10007814 	.word	0x10007814

10001bc0 <runtime_init_early_resets>:
10001bc0:	4b05      	ldr	r3, [pc, #20]	@ (10001bd8 <runtime_init_early_resets+0x18>)
10001bc2:	4a06      	ldr	r2, [pc, #24]	@ (10001bdc <runtime_init_early_resets+0x1c>)
10001bc4:	4906      	ldr	r1, [pc, #24]	@ (10001be0 <runtime_init_early_resets+0x20>)
10001bc6:	601a      	str	r2, [r3, #0]
10001bc8:	4a06      	ldr	r2, [pc, #24]	@ (10001be4 <runtime_init_early_resets+0x24>)
10001bca:	4b07      	ldr	r3, [pc, #28]	@ (10001be8 <runtime_init_early_resets+0x28>)
10001bcc:	601a      	str	r2, [r3, #0]
10001bce:	0010      	movs	r0, r2
10001bd0:	680b      	ldr	r3, [r1, #0]
10001bd2:	4398      	bics	r0, r3
10001bd4:	d1fb      	bne.n	10001bce <runtime_init_early_resets+0xe>
10001bd6:	4770      	bx	lr
10001bd8:	4000e000 	.word	0x4000e000
10001bdc:	fefbcdbf 	.word	0xfefbcdbf
10001be0:	4000c008 	.word	0x4000c008
10001be4:	003c7ffe 	.word	0x003c7ffe
10001be8:	4000f000 	.word	0x4000f000

10001bec <runtime_init_usb_power_down>:
10001bec:	4b04      	ldr	r3, [pc, #16]	@ (10001c00 <runtime_init_usb_power_down+0x14>)
10001bee:	6cdb      	ldr	r3, [r3, #76]	@ 0x4c
10001bf0:	2b00      	cmp	r3, #0
10001bf2:	d103      	bne.n	10001bfc <runtime_init_usb_power_down+0x10>
10001bf4:	2280      	movs	r2, #128	@ 0x80
10001bf6:	4b03      	ldr	r3, [pc, #12]	@ (10001c04 <runtime_init_usb_power_down+0x18>)
10001bf8:	02d2      	lsls	r2, r2, #11
10001bfa:	601a      	str	r2, [r3, #0]
10001bfc:	4770      	bx	lr
10001bfe:	46c0      	nop			@ (mov r8, r8)
10001c00:	50110000 	.word	0x50110000
10001c04:	5011204c 	.word	0x5011204c

10001c08 <runtime_init_post_clock_resets>:
10001c08:	4a04      	ldr	r2, [pc, #16]	@ (10001c1c <runtime_init_post_clock_resets+0x14>)
10001c0a:	4b05      	ldr	r3, [pc, #20]	@ (10001c20 <runtime_init_post_clock_resets+0x18>)
10001c0c:	601a      	str	r2, [r3, #0]
10001c0e:	4a05      	ldr	r2, [pc, #20]	@ (10001c24 <runtime_init_post_clock_resets+0x1c>)
10001c10:	6813      	ldr	r3, [r2, #0]
10001c12:	01db      	lsls	r3, r3, #7
10001c14:	3380      	adds	r3, #128	@ 0x80
10001c16:	d1fb      	bne.n	10001c10 <runtime_init_post_clock_resets+0x8>
10001c18:	4770      	bx	lr
10001c1a:	46c0      	nop			@ (mov r8, r8)
10001c1c:	01ffffff 	.word	0x01ffffff
10001c20:	4000f000 	.word	0x4000f000
10001c24:	4000c008 	.word	0x4000c008

10001c28 <runtime_init_rp2040_gpio_ie_disable>:
10001c28:	2240      	movs	r2, #64	@ 0x40
10001c2a:	4b03      	ldr	r3, [pc, #12]	@ (10001c38 <runtime_init_rp2040_gpio_ie_disable+0x10>)
10001c2c:	679a      	str	r2, [r3, #120]	@ 0x78
10001c2e:	675a      	str	r2, [r3, #116]	@ 0x74
10001c30:	671a      	str	r2, [r3, #112]	@ 0x70
10001c32:	66da      	str	r2, [r3, #108]	@ 0x6c
10001c34:	4770      	bx	lr
10001c36:	46c0      	nop			@ (mov r8, r8)
10001c38:	4001f000 	.word	0x4001f000

10001c3c <runtime_init_spin_locks_reset>:
10001c3c:	b510      	push	{r4, lr}
10001c3e:	f7fe ff2b 	bl	10000a98 <spin_locks_reset>
10001c42:	bd10      	pop	{r4, pc}

10001c44 <runtime_init_install_ram_vector_table>:
10001c44:	b5f8      	push	{r3, r4, r5, r6, r7, lr}
10001c46:	4927      	ldr	r1, [pc, #156]	@ (10001ce4 <runtime_init_install_ram_vector_table+0xa0>)
10001c48:	4c27      	ldr	r4, [pc, #156]	@ (10001ce8 <runtime_init_install_ram_vector_table+0xa4>)
10001c4a:	4d28      	ldr	r5, [pc, #160]	@ (10001cec <runtime_init_install_ram_vector_table+0xa8>)
10001c4c:	1a64      	subs	r4, r4, r1
10001c4e:	10a6      	asrs	r6, r4, #2
10001c50:	0032      	movs	r2, r6
10001c52:	2e30      	cmp	r6, #48	@ 0x30
10001c54:	d900      	bls.n	10001c58 <runtime_init_install_ram_vector_table+0x14>
10001c56:	2230      	movs	r2, #48	@ 0x30
10001c58:	0028      	movs	r0, r5
10001c5a:	0092      	lsls	r2, r2, #2
10001c5c:	f000 fc68 	bl	10002530 <__wrap___aeabi_memcpy>
10001c60:	2cbc      	cmp	r4, #188	@ 0xbc
10001c62:	d83b      	bhi.n	10001cdc <runtime_init_install_ram_vector_table+0x98>
10001c64:	2030      	movs	r0, #48	@ 0x30
10001c66:	232f      	movs	r3, #47	@ 0x2f
10001c68:	192c      	adds	r4, r5, r4
10001c6a:	0764      	lsls	r4, r4, #29
10001c6c:	4a20      	ldr	r2, [pc, #128]	@ (10001cf0 <runtime_init_install_ram_vector_table+0xac>)
10001c6e:	1b80      	subs	r0, r0, r6
10001c70:	0fe4      	lsrs	r4, r4, #31
10001c72:	1b9b      	subs	r3, r3, r6
10001c74:	2b05      	cmp	r3, #5
10001c76:	d916      	bls.n	10001ca6 <runtime_init_install_ram_vector_table+0x62>
10001c78:	0037      	movs	r7, r6
10001c7a:	2c00      	cmp	r4, #0
10001c7c:	d002      	beq.n	10001c84 <runtime_init_install_ram_vector_table+0x40>
10001c7e:	00b3      	lsls	r3, r6, #2
10001c80:	1c77      	adds	r7, r6, #1
10001c82:	50ea      	str	r2, [r5, r3]
10001c84:	1b00      	subs	r0, r0, r4
10001c86:	1933      	adds	r3, r6, r4
10001c88:	009b      	lsls	r3, r3, #2
10001c8a:	0841      	lsrs	r1, r0, #1
10001c8c:	18eb      	adds	r3, r5, r3
10001c8e:	00c9      	lsls	r1, r1, #3
10001c90:	18c9      	adds	r1, r1, r3
10001c92:	601a      	str	r2, [r3, #0]
10001c94:	605a      	str	r2, [r3, #4]
10001c96:	3308      	adds	r3, #8
10001c98:	4299      	cmp	r1, r3
10001c9a:	d1fa      	bne.n	10001c92 <runtime_init_install_ram_vector_table+0x4e>
10001c9c:	2301      	movs	r3, #1
10001c9e:	4203      	tst	r3, r0
10001ca0:	d01c      	beq.n	10001cdc <runtime_init_install_ram_vector_table+0x98>
10001ca2:	4398      	bics	r0, r3
10001ca4:	19c6      	adds	r6, r0, r7
10001ca6:	00b3      	lsls	r3, r6, #2
10001ca8:	50ea      	str	r2, [r5, r3]
10001caa:	1c73      	adds	r3, r6, #1
10001cac:	2e2f      	cmp	r6, #47	@ 0x2f
10001cae:	d015      	beq.n	10001cdc <runtime_init_install_ram_vector_table+0x98>
10001cb0:	009b      	lsls	r3, r3, #2
10001cb2:	50ea      	str	r2, [r5, r3]
10001cb4:	1cb3      	adds	r3, r6, #2
10001cb6:	2e2e      	cmp	r6, #46	@ 0x2e
10001cb8:	d010      	beq.n	10001cdc <runtime_init_install_ram_vector_table+0x98>
10001cba:	009b      	lsls	r3, r3, #2
10001cbc:	50ea      	str	r2, [r5, r3]
10001cbe:	1cf3      	adds	r3, r6, #3
10001cc0:	2e2d      	cmp	r6, #45	@ 0x2d
10001cc2:	d00b      	beq.n	10001cdc <runtime_init_install_ram_vector_table+0x98>
10001cc4:	009b      	lsls	r3, r3, #2
10001cc6:	50ea      	str	r2, [r5, r3]
10001cc8:	1d33      	adds	r3, r6, #4
10001cca:	2e2c      	cmp	r6, #44	@ 0x2c
10001ccc:	d006      	beq.n	10001cdc <runtime_init_install_ram_vector_table+0x98>
10001cce:	009b      	lsls	r3, r3, #2
10001cd0:	50ea      	str	r2, [r5, r3]
10001cd2:	1d73      	adds	r3, r6, #5
10001cd4:	2e2b      	cmp	r6, #43	@ 0x2b
10001cd6:	d001      	beq.n	10001cdc <runtime_init_install_ram_vector_table+0x98>
10001cd8:	009b      	lsls	r3, r3, #2
10001cda:	50ea      	str	r2, [r5, r3]
10001cdc:	4b05      	ldr	r3, [pc, #20]	@ (10001cf4 <runtime_init_install_ram_vector_table+0xb0>)
10001cde:	609d      	str	r5, [r3, #8]
10001ce0:	bdf8      	pop	{r3, r4, r5, r6, r7, pc}
10001ce2:	46c0      	nop			@ (mov r8, r8)
10001ce4:	10000100 	.word	0x10000100
10001ce8:	100001c0 	.word	0x100001c0
10001cec:	20000000 	.word	0x20000000
10001cf0:	100001c1 	.word	0x100001c1
10001cf4:	e000ed00 	.word	0xe000ed00

10001cf8 <runtime_init_clocks>:
10001cf8:	2300      	movs	r3, #0
10001cfa:	b510      	push	{r4, lr}
10001cfc:	4c29      	ldr	r4, [pc, #164]	@ (10001da4 <runtime_init_clocks+0xac>)
10001cfe:	b082      	sub	sp, #8
10001d00:	67a3      	str	r3, [r4, #120]	@ 0x78
10001d02:	f7ff ff2d 	bl	10001b60 <xosc_init>
10001d06:	2201      	movs	r2, #1
10001d08:	4b27      	ldr	r3, [pc, #156]	@ (10001da8 <runtime_init_clocks+0xb0>)
10001d0a:	601a      	str	r2, [r3, #0]
10001d0c:	6c63      	ldr	r3, [r4, #68]	@ 0x44
10001d0e:	2b01      	cmp	r3, #1
10001d10:	d1fc      	bne.n	10001d0c <runtime_init_clocks+0x14>
10001d12:	2203      	movs	r2, #3
10001d14:	4b25      	ldr	r3, [pc, #148]	@ (10001dac <runtime_init_clocks+0xb4>)
10001d16:	601a      	str	r2, [r3, #0]
10001d18:	4a22      	ldr	r2, [pc, #136]	@ (10001da4 <runtime_init_clocks+0xac>)
10001d1a:	6b93      	ldr	r3, [r2, #56]	@ 0x38
10001d1c:	2b01      	cmp	r3, #1
10001d1e:	d1fc      	bne.n	10001d1a <runtime_init_clocks+0x22>
10001d20:	3301      	adds	r3, #1
10001d22:	9300      	str	r3, [sp, #0]
10001d24:	2101      	movs	r1, #1
10001d26:	4a22      	ldr	r2, [pc, #136]	@ (10001db0 <runtime_init_clocks+0xb8>)
10001d28:	4822      	ldr	r0, [pc, #136]	@ (10001db4 <runtime_init_clocks+0xbc>)
10001d2a:	3304      	adds	r3, #4
10001d2c:	f7ff fe2a 	bl	10001984 <pll_init>
10001d30:	2305      	movs	r3, #5
10001d32:	2101      	movs	r1, #1
10001d34:	9300      	str	r3, [sp, #0]
10001d36:	4a20      	ldr	r2, [pc, #128]	@ (10001db8 <runtime_init_clocks+0xc0>)
10001d38:	4820      	ldr	r0, [pc, #128]	@ (10001dbc <runtime_init_clocks+0xc4>)
10001d3a:	f7ff fe23 	bl	10001984 <pll_init>
10001d3e:	2200      	movs	r2, #0
10001d40:	2102      	movs	r1, #2
10001d42:	2004      	movs	r0, #4
10001d44:	4b1e      	ldr	r3, [pc, #120]	@ (10001dc0 <runtime_init_clocks+0xc8>)
10001d46:	f7ff fda3 	bl	10001890 <clock_configure_undivided>
10001d4a:	2200      	movs	r2, #0
10001d4c:	2101      	movs	r1, #1
10001d4e:	2005      	movs	r0, #5
10001d50:	4b1c      	ldr	r3, [pc, #112]	@ (10001dc4 <runtime_init_clocks+0xcc>)
10001d52:	f7ff fd9d 	bl	10001890 <clock_configure_undivided>
10001d56:	2200      	movs	r2, #0
10001d58:	2100      	movs	r1, #0
10001d5a:	2007      	movs	r0, #7
10001d5c:	4b1a      	ldr	r3, [pc, #104]	@ (10001dc8 <runtime_init_clocks+0xd0>)
10001d5e:	f7ff fd97 	bl	10001890 <clock_configure_undivided>
10001d62:	2200      	movs	r2, #0
10001d64:	2100      	movs	r1, #0
10001d66:	2008      	movs	r0, #8
10001d68:	4b17      	ldr	r3, [pc, #92]	@ (10001dc8 <runtime_init_clocks+0xd0>)
10001d6a:	f7ff fd91 	bl	10001890 <clock_configure_undivided>
10001d6e:	2380      	movs	r3, #128	@ 0x80
10001d70:	00db      	lsls	r3, r3, #3
10001d72:	9300      	str	r3, [sp, #0]
10001d74:	2200      	movs	r2, #0
10001d76:	2100      	movs	r1, #0
10001d78:	2009      	movs	r0, #9
10001d7a:	4b13      	ldr	r3, [pc, #76]	@ (10001dc8 <runtime_init_clocks+0xd0>)
10001d7c:	f7ff fd0e 	bl	1000179c <clock_configure_int_divider>
10001d80:	2200      	movs	r2, #0
10001d82:	4b10      	ldr	r3, [pc, #64]	@ (10001dc4 <runtime_init_clocks+0xcc>)
10001d84:	2100      	movs	r1, #0
10001d86:	2006      	movs	r0, #6
10001d88:	f7ff fd82 	bl	10001890 <clock_configure_undivided>
10001d8c:	2004      	movs	r0, #4
10001d8e:	f7ff fdf3 	bl	10001978 <clock_get_hz>
10001d92:	490e      	ldr	r1, [pc, #56]	@ (10001dcc <runtime_init_clocks+0xd4>)
10001d94:	f000 f824 	bl	10001de0 <__wrap___aeabi_uidiv>
10001d98:	0001      	movs	r1, r0
10001d9a:	2000      	movs	r0, #0
10001d9c:	f7ff fe92 	bl	10001ac4 <tick_start>
10001da0:	b002      	add	sp, #8
10001da2:	bd10      	pop	{r4, pc}
10001da4:	40008000 	.word	0x40008000
10001da8:	4000b03c 	.word	0x4000b03c
10001dac:	4000b030 	.word	0x4000b030
10001db0:	59682f00 	.word	0x59682f00
10001db4:	40028000 	.word	0x40028000
10001db8:	47868c00 	.word	0x47868c00
10001dbc:	4002c000 	.word	0x4002c000
10001dc0:	00b71b00 	.word	0x00b71b00
10001dc4:	07735940 	.word	0x07735940
10001dc8:	02dc6c00 	.word	0x02dc6c00
10001dcc:	000f4240 	.word	0x000f4240

10001dd0 <__aeabi_bits_init>:
10001dd0:	4801      	ldr	r0, [pc, #4]	@ (10001dd8 <__aeabi_bits_init+0x8>)
10001dd2:	2104      	movs	r1, #4
10001dd4:	4b01      	ldr	r3, [pc, #4]	@ (10001ddc <__aeabi_bits_init+0xc>)
10001dd6:	4718      	bx	r3
10001dd8:	20001010 	.word	0x20001010
10001ddc:	10001af5 	.word	0x10001af5

10001de0 <__wrap___aeabi_uidiv>:
10001de0:	4a11      	ldr	r2, [pc, #68]	@ (10001e28 <divmod_u32u32_savestate+0x18>)
10001de2:	6f93      	ldr	r3, [r2, #120]	@ 0x78
10001de4:	089b      	lsrs	r3, r3, #2
10001de6:	d213      	bcs.n	10001e10 <divmod_u32u32_savestate>

10001de8 <divmod_u32u32_unsafe>:
10001de8:	6610      	str	r0, [r2, #96]	@ 0x60
10001dea:	6651      	str	r1, [r2, #100]	@ 0x64
10001dec:	2900      	cmp	r1, #0
10001dee:	d005      	beq.n	10001dfc <divmod_u32u32_unsafe+0x14>
10001df0:	e7ff      	b.n	10001df2 <divmod_u32u32_unsafe+0xa>
10001df2:	e7ff      	b.n	10001df4 <divmod_u32u32_unsafe+0xc>
10001df4:	e7ff      	b.n	10001df6 <divmod_u32u32_unsafe+0xe>
10001df6:	6f51      	ldr	r1, [r2, #116]	@ 0x74
10001df8:	6f10      	ldr	r0, [r2, #112]	@ 0x70
10001dfa:	4770      	bx	lr
10001dfc:	b504      	push	{r2, lr}
10001dfe:	2800      	cmp	r0, #0
10001e00:	d001      	beq.n	10001e06 <divmod_u32u32_unsafe+0x1e>
10001e02:	2000      	movs	r0, #0
10001e04:	43c0      	mvns	r0, r0
10001e06:	f005 fc9f 	bl	10007748 <____aeabi_idiv0_veneer>
10001e0a:	2100      	movs	r1, #0
10001e0c:	bd04      	pop	{r2, pc}
10001e0e:	46c0      	nop			@ (mov r8, r8)

10001e10 <divmod_u32u32_savestate>:
10001e10:	b5f0      	push	{r4, r5, r6, r7, lr}
10001e12:	6e14      	ldr	r4, [r2, #96]	@ 0x60
10001e14:	6e55      	ldr	r5, [r2, #100]	@ 0x64
10001e16:	6f57      	ldr	r7, [r2, #116]	@ 0x74
10001e18:	6f16      	ldr	r6, [r2, #112]	@ 0x70
10001e1a:	f7ff ffe5 	bl	10001de8 <divmod_u32u32_unsafe>
10001e1e:	6614      	str	r4, [r2, #96]	@ 0x60
10001e20:	6655      	str	r5, [r2, #100]	@ 0x64
10001e22:	6757      	str	r7, [r2, #116]	@ 0x74
10001e24:	6716      	str	r6, [r2, #112]	@ 0x70
10001e26:	bdf0      	pop	{r4, r5, r6, r7, pc}
10001e28:	d0000000 	.word	0xd0000000

10001e2c <__wrap___aeabi_ldivmod>:
10001e2c:	4694      	mov	ip, r2
10001e2e:	4a4a      	ldr	r2, [pc, #296]	@ (10001f58 <udiv0+0x1a>)
10001e30:	6f92      	ldr	r2, [r2, #120]	@ 0x78
10001e32:	0892      	lsrs	r2, r2, #2
10001e34:	4662      	mov	r2, ip
10001e36:	d201      	bcs.n	10001e3c <divmod_s64s64_savestate>
10001e38:	e028      	b.n	10001e8c <divmod_s64s64_unsafe>
10001e3a:	46c0      	nop			@ (mov r8, r8)

10001e3c <divmod_s64s64_savestate>:
10001e3c:	b5f0      	push	{r4, r5, r6, r7, lr}
10001e3e:	4e46      	ldr	r6, [pc, #280]	@ (10001f58 <udiv0+0x1a>)
10001e40:	6e34      	ldr	r4, [r6, #96]	@ 0x60
10001e42:	6e75      	ldr	r5, [r6, #100]	@ 0x64
10001e44:	6f77      	ldr	r7, [r6, #116]	@ 0x74
10001e46:	6f36      	ldr	r6, [r6, #112]	@ 0x70
10001e48:	f000 f820 	bl	10001e8c <divmod_s64s64_unsafe>
10001e4c:	4694      	mov	ip, r2
10001e4e:	4a42      	ldr	r2, [pc, #264]	@ (10001f58 <udiv0+0x1a>)
10001e50:	6614      	str	r4, [r2, #96]	@ 0x60
10001e52:	6655      	str	r5, [r2, #100]	@ 0x64
10001e54:	6757      	str	r7, [r2, #116]	@ 0x74
10001e56:	6716      	str	r6, [r2, #112]	@ 0x70
10001e58:	4662      	mov	r2, ip
10001e5a:	bdf0      	pop	{r4, r5, r6, r7, pc}

10001e5c <__wrap___aeabi_uldivmod>:
10001e5c:	4694      	mov	ip, r2
10001e5e:	4a3e      	ldr	r2, [pc, #248]	@ (10001f58 <udiv0+0x1a>)
10001e60:	6f92      	ldr	r2, [r2, #120]	@ 0x78
10001e62:	0892      	lsrs	r2, r2, #2
10001e64:	4662      	mov	r2, ip
10001e66:	d201      	bcs.n	10001e6c <divmod_u64u64_savestate>
10001e68:	e054      	b.n	10001f14 <divmod_u64u64_unsafe>
10001e6a:	46c0      	nop			@ (mov r8, r8)

10001e6c <divmod_u64u64_savestate>:
10001e6c:	b5f0      	push	{r4, r5, r6, r7, lr}
10001e6e:	4e3a      	ldr	r6, [pc, #232]	@ (10001f58 <udiv0+0x1a>)
10001e70:	6e34      	ldr	r4, [r6, #96]	@ 0x60
10001e72:	6e75      	ldr	r5, [r6, #100]	@ 0x64
10001e74:	6f77      	ldr	r7, [r6, #116]	@ 0x74
10001e76:	6f36      	ldr	r6, [r6, #112]	@ 0x70
10001e78:	f000 f84c 	bl	10001f14 <divmod_u64u64_unsafe>
10001e7c:	4694      	mov	ip, r2
10001e7e:	4a36      	ldr	r2, [pc, #216]	@ (10001f58 <udiv0+0x1a>)
10001e80:	6614      	str	r4, [r2, #96]	@ 0x60
10001e82:	6655      	str	r5, [r2, #100]	@ 0x64
10001e84:	6757      	str	r7, [r2, #116]	@ 0x74
10001e86:	6716      	str	r6, [r2, #112]	@ 0x70
10001e88:	4662      	mov	r2, ip
10001e8a:	bdf0      	pop	{r4, r5, r6, r7, pc}

10001e8c <divmod_s64s64_unsafe>:
10001e8c:	2b00      	cmp	r3, #0
10001e8e:	db24      	blt.n	10001eda <l42_1+0x26>
10001e90:	d011      	beq.n	10001eb6 <l42_1+0x2>
10001e92:	2900      	cmp	r1, #0
10001e94:	da3e      	bge.n	10001f14 <divmod_u64u64_unsafe>
10001e96:	b500      	push	{lr}
10001e98:	43c9      	mvns	r1, r1
10001e9a:	4240      	negs	r0, r0
10001e9c:	d100      	bne.n	10001ea0 <l40_1>
10001e9e:	3101      	adds	r1, #1

10001ea0 <l40_1>:
10001ea0:	f000 f838 	bl	10001f14 <divmod_u64u64_unsafe>
10001ea4:	43c9      	mvns	r1, r1
10001ea6:	4240      	negs	r0, r0
10001ea8:	d100      	bne.n	10001eac <l41_1>
10001eaa:	3101      	adds	r1, #1

10001eac <l41_1>:
10001eac:	43db      	mvns	r3, r3
10001eae:	4252      	negs	r2, r2
10001eb0:	d100      	bne.n	10001eb4 <l42_1>
10001eb2:	3301      	adds	r3, #1

10001eb4 <l42_1>:
10001eb4:	bd00      	pop	{pc}
10001eb6:	2a00      	cmp	r2, #0
10001eb8:	d1eb      	bne.n	10001e92 <divmod_s64s64_unsafe+0x6>
10001eba:	2800      	cmp	r0, #0
10001ebc:	d101      	bne.n	10001ec2 <l42_1+0xe>
10001ebe:	2900      	cmp	r1, #0
10001ec0:	d005      	beq.n	10001ece <l42_1+0x1a>
10001ec2:	2000      	movs	r0, #0
10001ec4:	0fc9      	lsrs	r1, r1, #31
10001ec6:	07c9      	lsls	r1, r1, #31
10001ec8:	d101      	bne.n	10001ece <l42_1+0x1a>
10001eca:	43c0      	mvns	r0, r0
10001ecc:	0841      	lsrs	r1, r0, #1
10001ece:	b500      	push	{lr}
10001ed0:	f005 fc32 	bl	10007738 <____aeabi_ldiv0_veneer>
10001ed4:	2200      	movs	r2, #0
10001ed6:	2300      	movs	r3, #0
10001ed8:	bd00      	pop	{pc}
10001eda:	b500      	push	{lr}
10001edc:	2900      	cmp	r1, #0
10001ede:	db0a      	blt.n	10001ef6 <l44_1+0x2>
10001ee0:	43db      	mvns	r3, r3
10001ee2:	4252      	negs	r2, r2
10001ee4:	d100      	bne.n	10001ee8 <l43_1>
10001ee6:	3301      	adds	r3, #1

10001ee8 <l43_1>:
10001ee8:	f000 f814 	bl	10001f14 <divmod_u64u64_unsafe>
10001eec:	43c9      	mvns	r1, r1
10001eee:	4240      	negs	r0, r0
10001ef0:	d100      	bne.n	10001ef4 <l44_1>
10001ef2:	3101      	adds	r1, #1

10001ef4 <l44_1>:
10001ef4:	bd00      	pop	{pc}
10001ef6:	43c9      	mvns	r1, r1
10001ef8:	4240      	negs	r0, r0
10001efa:	d100      	bne.n	10001efe <l45_1>
10001efc:	3101      	adds	r1, #1

10001efe <l45_1>:
10001efe:	43db      	mvns	r3, r3
10001f00:	4252      	negs	r2, r2
10001f02:	d100      	bne.n	10001f06 <l46_1>
10001f04:	3301      	adds	r3, #1

10001f06 <l46_1>:
10001f06:	f000 f805 	bl	10001f14 <divmod_u64u64_unsafe>
10001f0a:	43db      	mvns	r3, r3
10001f0c:	4252      	negs	r2, r2
10001f0e:	d100      	bne.n	10001f12 <l47_1>
10001f10:	3301      	adds	r3, #1

10001f12 <l47_1>:
10001f12:	bd00      	pop	{pc}

10001f14 <divmod_u64u64_unsafe>:
10001f14:	2900      	cmp	r1, #0
10001f16:	d123      	bne.n	10001f60 <y64>
10001f18:	2b00      	cmp	r3, #0
10001f1a:	d118      	bne.n	10001f4e <udiv0+0x10>
10001f1c:	2a00      	cmp	r2, #0
10001f1e:	d00c      	beq.n	10001f3a <divmod_u64u64_unsafe+0x26>
10001f20:	46bc      	mov	ip, r7
10001f22:	4f0d      	ldr	r7, [pc, #52]	@ (10001f58 <udiv0+0x1a>)
10001f24:	6638      	str	r0, [r7, #96]	@ 0x60
10001f26:	667a      	str	r2, [r7, #100]	@ 0x64
10001f28:	2100      	movs	r1, #0
10001f2a:	2300      	movs	r3, #0
10001f2c:	e7ff      	b.n	10001f2e <divmod_u64u64_unsafe+0x1a>
10001f2e:	e7ff      	b.n	10001f30 <divmod_u64u64_unsafe+0x1c>
10001f30:	e7ff      	b.n	10001f32 <divmod_u64u64_unsafe+0x1e>
10001f32:	6f7a      	ldr	r2, [r7, #116]	@ 0x74
10001f34:	6f38      	ldr	r0, [r7, #112]	@ 0x70
10001f36:	4667      	mov	r7, ip
10001f38:	4770      	bx	lr
10001f3a:	2800      	cmp	r0, #0
10001f3c:	d001      	beq.n	10001f42 <udiv0+0x4>

10001f3e <udiv0>:
10001f3e:	4807      	ldr	r0, [pc, #28]	@ (10001f5c <udiv0+0x1e>)
10001f40:	0001      	movs	r1, r0
10001f42:	b500      	push	{lr}
10001f44:	f005 fbf8 	bl	10007738 <____aeabi_ldiv0_veneer>
10001f48:	2200      	movs	r2, #0
10001f4a:	2300      	movs	r3, #0
10001f4c:	bd00      	pop	{pc}
10001f4e:	0002      	movs	r2, r0
10001f50:	000b      	movs	r3, r1
10001f52:	2000      	movs	r0, #0
10001f54:	2100      	movs	r1, #0
10001f56:	4770      	bx	lr
10001f58:	d0000000 	.word	0xd0000000
10001f5c:	ffffffff 	.word	0xffffffff

10001f60 <y64>:
10001f60:	2b00      	cmp	r3, #0
10001f62:	d000      	beq.n	10001f66 <y64+0x6>
10001f64:	e0bf      	b.n	100020e6 <y64_x48>
10001f66:	0c13      	lsrs	r3, r2, #16
10001f68:	d128      	bne.n	10001fbc <y64_x32>
10001f6a:	2a00      	cmp	r2, #0
10001f6c:	d0e7      	beq.n	10001f3e <udiv0>
10001f6e:	b480      	push	{r7}
10001f70:	4f11      	ldr	r7, [pc, #68]	@ (10001fb8 <y64+0x58>)
10001f72:	6639      	str	r1, [r7, #96]	@ 0x60
10001f74:	667a      	str	r2, [r7, #100]	@ 0x64
10001f76:	e7ff      	b.n	10001f78 <y64+0x18>
10001f78:	e7ff      	b.n	10001f7a <y64+0x1a>
10001f7a:	b430      	push	{r4, r5}
10001f7c:	0c04      	lsrs	r4, r0, #16
10001f7e:	6f7b      	ldr	r3, [r7, #116]	@ 0x74
10001f80:	6f39      	ldr	r1, [r7, #112]	@ 0x70
10001f82:	041b      	lsls	r3, r3, #16
10001f84:	4323      	orrs	r3, r4
10001f86:	663b      	str	r3, [r7, #96]	@ 0x60
10001f88:	667a      	str	r2, [r7, #100]	@ 0x64
10001f8a:	e7ff      	b.n	10001f8c <y64+0x2c>
10001f8c:	e7ff      	b.n	10001f8e <y64+0x2e>
10001f8e:	e7ff      	b.n	10001f90 <y64+0x30>
10001f90:	46c0      	nop			@ (mov r8, r8)
10001f92:	b284      	uxth	r4, r0
10001f94:	6f7b      	ldr	r3, [r7, #116]	@ 0x74
10001f96:	6f3d      	ldr	r5, [r7, #112]	@ 0x70
10001f98:	041b      	lsls	r3, r3, #16
10001f9a:	4323      	orrs	r3, r4
10001f9c:	663b      	str	r3, [r7, #96]	@ 0x60
10001f9e:	667a      	str	r2, [r7, #100]	@ 0x64
10001fa0:	e7ff      	b.n	10001fa2 <y64+0x42>
10001fa2:	e7ff      	b.n	10001fa4 <y64+0x44>
10001fa4:	46c0      	nop			@ (mov r8, r8)
10001fa6:	2300      	movs	r3, #0
10001fa8:	042c      	lsls	r4, r5, #16
10001faa:	0c2d      	lsrs	r5, r5, #16
10001fac:	6f7a      	ldr	r2, [r7, #116]	@ 0x74
10001fae:	6f38      	ldr	r0, [r7, #112]	@ 0x70
10001fb0:	1900      	adds	r0, r0, r4
10001fb2:	4169      	adcs	r1, r5
10001fb4:	bcb0      	pop	{r4, r5, r7}
10001fb6:	4770      	bx	lr
10001fb8:	d0000000 	.word	0xd0000000

10001fbc <y64_x32>:
10001fbc:	b5f0      	push	{r4, r5, r6, r7, lr}
10001fbe:	4694      	mov	ip, r2
10001fc0:	2500      	movs	r5, #0
10001fc2:	0e14      	lsrs	r4, r2, #24
10001fc4:	d101      	bne.n	10001fca <y64_x32+0xe>
10001fc6:	0212      	lsls	r2, r2, #8
10001fc8:	3508      	adds	r5, #8
10001fca:	0f14      	lsrs	r4, r2, #28
10001fcc:	d101      	bne.n	10001fd2 <y64_x32+0x16>
10001fce:	0112      	lsls	r2, r2, #4
10001fd0:	3504      	adds	r5, #4
10001fd2:	0f94      	lsrs	r4, r2, #30
10001fd4:	d101      	bne.n	10001fda <y64_x32+0x1e>
10001fd6:	0092      	lsls	r2, r2, #2
10001fd8:	3502      	adds	r5, #2
10001fda:	0fd4      	lsrs	r4, r2, #31
10001fdc:	d101      	bne.n	10001fe2 <y64_x32+0x26>
10001fde:	0052      	lsls	r2, r2, #1
10001fe0:	3501      	adds	r5, #1
10001fe2:	0bd4      	lsrs	r4, r2, #15
10001fe4:	3401      	adds	r4, #1
10001fe6:	4f25      	ldr	r7, [pc, #148]	@ (1000207c <y64_x32+0xc0>)
10001fe8:	667c      	str	r4, [r7, #100]	@ 0x64
10001fea:	4c25      	ldr	r4, [pc, #148]	@ (10002080 <y64_x32+0xc4>)
10001fec:	663c      	str	r4, [r7, #96]	@ 0x60
10001fee:	0c0e      	lsrs	r6, r1, #16
10001ff0:	b293      	uxth	r3, r2
10001ff2:	e7ff      	b.n	10001ff4 <y64_x32+0x38>
10001ff4:	e7ff      	b.n	10001ff6 <y64_x32+0x3a>
10001ff6:	e7ff      	b.n	10001ff8 <y64_x32+0x3c>
10001ff8:	6f3c      	ldr	r4, [r7, #112]	@ 0x70
10001ffa:	4366      	muls	r6, r4
10001ffc:	0c36      	lsrs	r6, r6, #16
10001ffe:	0377      	lsls	r7, r6, #13
10002000:	46be      	mov	lr, r7
10002002:	4373      	muls	r3, r6
10002004:	0bdf      	lsrs	r7, r3, #15
10002006:	045b      	lsls	r3, r3, #17
10002008:	1ac0      	subs	r0, r0, r3
1000200a:	41b9      	sbcs	r1, r7
1000200c:	0c13      	lsrs	r3, r2, #16
1000200e:	4373      	muls	r3, r6
10002010:	18db      	adds	r3, r3, r3
10002012:	1ac9      	subs	r1, r1, r3
10002014:	08ce      	lsrs	r6, r1, #3
10002016:	4366      	muls	r6, r4
10002018:	0c36      	lsrs	r6, r6, #16
1000201a:	44b6      	add	lr, r6
1000201c:	b293      	uxth	r3, r2
1000201e:	4373      	muls	r3, r6
10002020:	0f1f      	lsrs	r7, r3, #28
10002022:	011b      	lsls	r3, r3, #4
10002024:	1ac0      	subs	r0, r0, r3
10002026:	41b9      	sbcs	r1, r7
10002028:	0c13      	lsrs	r3, r2, #16
1000202a:	4373      	muls	r3, r6
1000202c:	0b1f      	lsrs	r7, r3, #12
1000202e:	051b      	lsls	r3, r3, #20
10002030:	1ac0      	subs	r0, r0, r3
10002032:	41b9      	sbcs	r1, r7
10002034:	0d86      	lsrs	r6, r0, #22
10002036:	028f      	lsls	r7, r1, #10
10002038:	433e      	orrs	r6, r7
1000203a:	4366      	muls	r6, r4
1000203c:	0c36      	lsrs	r6, r6, #16
1000203e:	2d09      	cmp	r5, #9
10002040:	db24      	blt.n	1000208c <last0>
10002042:	0a52      	lsrs	r2, r2, #9
10002044:	4372      	muls	r2, r6
10002046:	1a80      	subs	r0, r0, r2
10002048:	0377      	lsls	r7, r6, #13
1000204a:	0a46      	lsrs	r6, r0, #9
1000204c:	4366      	muls	r6, r4
1000204e:	0c36      	lsrs	r6, r6, #16
10002050:	2316      	movs	r3, #22
10002052:	1b5b      	subs	r3, r3, r5
10002054:	40de      	lsrs	r6, r3
10002056:	40df      	lsrs	r7, r3
10002058:	19bf      	adds	r7, r7, r6
1000205a:	4664      	mov	r4, ip
1000205c:	4366      	muls	r6, r4
1000205e:	1b82      	subs	r2, r0, r6
10002060:	4670      	mov	r0, lr
10002062:	3504      	adds	r5, #4
10002064:	3306      	adds	r3, #6
10002066:	0001      	movs	r1, r0
10002068:	40d9      	lsrs	r1, r3
1000206a:	40a8      	lsls	r0, r5
1000206c:	19c0      	adds	r0, r0, r7
1000206e:	d300      	bcc.n	10002072 <y64_x32+0xb6>
10002070:	3101      	adds	r1, #1
10002072:	42a2      	cmp	r2, r4
10002074:	d206      	bcs.n	10002084 <y64_x32+0xc8>
10002076:	2300      	movs	r3, #0
10002078:	bdf0      	pop	{r4, r5, r6, r7, pc}
1000207a:	0000      	.short	0x0000
1000207c:	d0000000 	.word	0xd0000000
10002080:	ffffffff 	.word	0xffffffff
10002084:	1b12      	subs	r2, r2, r4
10002086:	3001      	adds	r0, #1
10002088:	d3f3      	bcc.n	10002072 <y64_x32+0xb6>
1000208a:	e7f1      	b.n	10002070 <y64_x32+0xb4>

1000208c <last0>:
1000208c:	2709      	movs	r7, #9
1000208e:	1b7f      	subs	r7, r7, r5
10002090:	40fe      	lsrs	r6, r7
10002092:	4664      	mov	r4, ip
10002094:	b2a2      	uxth	r2, r4
10002096:	4372      	muls	r2, r6
10002098:	1a80      	subs	r0, r0, r2
1000209a:	d200      	bcs.n	1000209e <last0+0x12>
1000209c:	3901      	subs	r1, #1
1000209e:	0c22      	lsrs	r2, r4, #16
100020a0:	4372      	muls	r2, r6
100020a2:	0c13      	lsrs	r3, r2, #16
100020a4:	0412      	lsls	r2, r2, #16
100020a6:	1a82      	subs	r2, r0, r2
100020a8:	4199      	sbcs	r1, r3
100020aa:	000b      	movs	r3, r1
100020ac:	4670      	mov	r0, lr
100020ae:	3504      	adds	r5, #4
100020b0:	3713      	adds	r7, #19
100020b2:	0001      	movs	r1, r0
100020b4:	40f9      	lsrs	r1, r7
100020b6:	40a8      	lsls	r0, r5
100020b8:	1980      	adds	r0, r0, r6
100020ba:	d300      	bcc.n	100020be <last0+0x32>
100020bc:	3101      	adds	r1, #1
100020be:	2b00      	cmp	r3, #0
100020c0:	d102      	bne.n	100020c8 <last0+0x3c>
100020c2:	42a2      	cmp	r2, r4
100020c4:	d20a      	bcs.n	100020dc <last0+0x50>
100020c6:	bdf0      	pop	{r4, r5, r6, r7, pc}
100020c8:	3001      	adds	r0, #1
100020ca:	d300      	bcc.n	100020ce <last0+0x42>
100020cc:	3101      	adds	r1, #1
100020ce:	1b12      	subs	r2, r2, r4
100020d0:	d2fa      	bcs.n	100020c8 <last0+0x3c>
100020d2:	3b01      	subs	r3, #1
100020d4:	d1f8      	bne.n	100020c8 <last0+0x3c>
100020d6:	42a2      	cmp	r2, r4
100020d8:	d200      	bcs.n	100020dc <last0+0x50>
100020da:	bdf0      	pop	{r4, r5, r6, r7, pc}
100020dc:	3001      	adds	r0, #1
100020de:	d300      	bcc.n	100020e2 <last0+0x56>
100020e0:	3101      	adds	r1, #1
100020e2:	1b12      	subs	r2, r2, r4
100020e4:	e7f7      	b.n	100020d6 <last0+0x4a>

100020e6 <y64_x48>:
100020e6:	b5f0      	push	{r4, r5, r6, r7, lr}
100020e8:	0c1c      	lsrs	r4, r3, #16
100020ea:	d000      	beq.n	100020ee <y64_x48+0x8>
100020ec:	e080      	b.n	100021f0 <y64_x64>
100020ee:	b40c      	push	{r2, r3}
100020f0:	2500      	movs	r5, #0
100020f2:	0a1c      	lsrs	r4, r3, #8
100020f4:	d104      	bne.n	10002100 <y64_x48+0x1a>
100020f6:	021b      	lsls	r3, r3, #8
100020f8:	0e16      	lsrs	r6, r2, #24
100020fa:	4333      	orrs	r3, r6
100020fc:	0212      	lsls	r2, r2, #8
100020fe:	3508      	adds	r5, #8
10002100:	0b1c      	lsrs	r4, r3, #12
10002102:	d104      	bne.n	1000210e <y64_x48+0x28>
10002104:	011b      	lsls	r3, r3, #4
10002106:	0f16      	lsrs	r6, r2, #28
10002108:	4333      	orrs	r3, r6
1000210a:	0112      	lsls	r2, r2, #4
1000210c:	3504      	adds	r5, #4
1000210e:	0b9c      	lsrs	r4, r3, #14
10002110:	d104      	bne.n	1000211c <y64_x48+0x36>
10002112:	009b      	lsls	r3, r3, #2
10002114:	0f96      	lsrs	r6, r2, #30
10002116:	4333      	orrs	r3, r6
10002118:	0092      	lsls	r2, r2, #2
1000211a:	3502      	adds	r5, #2
1000211c:	0bdc      	lsrs	r4, r3, #15
1000211e:	d102      	bne.n	10002126 <y64_x48+0x40>
10002120:	1892      	adds	r2, r2, r2
10002122:	415b      	adcs	r3, r3
10002124:	3501      	adds	r5, #1
10002126:	001c      	movs	r4, r3
10002128:	1897      	adds	r7, r2, r2
1000212a:	4164      	adcs	r4, r4
1000212c:	3401      	adds	r4, #1
1000212e:	4f46      	ldr	r7, [pc, #280]	@ (10002248 <y64_x64+0x58>)
10002130:	667c      	str	r4, [r7, #100]	@ 0x64
10002132:	4c46      	ldr	r4, [pc, #280]	@ (1000224c <y64_x64+0x5c>)
10002134:	663c      	str	r4, [r7, #96]	@ 0x60
10002136:	0c0e      	lsrs	r6, r1, #16
10002138:	e7ff      	b.n	1000213a <y64_x48+0x54>
1000213a:	e7ff      	b.n	1000213c <y64_x48+0x56>
1000213c:	e7ff      	b.n	1000213e <y64_x48+0x58>
1000213e:	46c0      	nop			@ (mov r8, r8)
10002140:	6f3c      	ldr	r4, [r7, #112]	@ 0x70
10002142:	4366      	muls	r6, r4
10002144:	0c36      	lsrs	r6, r6, #16
10002146:	0377      	lsls	r7, r6, #13
10002148:	46be      	mov	lr, r7
1000214a:	b297      	uxth	r7, r2
1000214c:	4377      	muls	r7, r6
1000214e:	1bc0      	subs	r0, r0, r7
10002150:	d200      	bcs.n	10002154 <y64_x48+0x6e>
10002152:	3901      	subs	r1, #1
10002154:	1bc0      	subs	r0, r0, r7
10002156:	d200      	bcs.n	1000215a <y64_x48+0x74>
10002158:	3901      	subs	r1, #1
1000215a:	b29f      	uxth	r7, r3
1000215c:	4377      	muls	r7, r6
1000215e:	1bc9      	subs	r1, r1, r7
10002160:	1bc9      	subs	r1, r1, r7
10002162:	0c17      	lsrs	r7, r2, #16
10002164:	4377      	muls	r7, r6
10002166:	047e      	lsls	r6, r7, #17
10002168:	0bff      	lsrs	r7, r7, #15
1000216a:	1b80      	subs	r0, r0, r6
1000216c:	41b9      	sbcs	r1, r7
1000216e:	08ce      	lsrs	r6, r1, #3
10002170:	4366      	muls	r6, r4
10002172:	0c36      	lsrs	r6, r6, #16
10002174:	2d0c      	cmp	r5, #12
10002176:	db33      	blt.n	100021e0 <last1>
10002178:	44b6      	add	lr, r6
1000217a:	0b12      	lsrs	r2, r2, #12
1000217c:	051f      	lsls	r7, r3, #20
1000217e:	433a      	orrs	r2, r7
10002180:	0b1b      	lsrs	r3, r3, #12
10002182:	b297      	uxth	r7, r2
10002184:	4377      	muls	r7, r6
10002186:	1bc0      	subs	r0, r0, r7
10002188:	d200      	bcs.n	1000218c <y64_x48+0xa6>
1000218a:	3901      	subs	r1, #1
1000218c:	b29f      	uxth	r7, r3
1000218e:	4377      	muls	r7, r6
10002190:	1bc9      	subs	r1, r1, r7
10002192:	0c17      	lsrs	r7, r2, #16
10002194:	4377      	muls	r7, r6
10002196:	043e      	lsls	r6, r7, #16
10002198:	0c3f      	lsrs	r7, r7, #16
1000219a:	1b80      	subs	r0, r0, r6
1000219c:	41b9      	sbcs	r1, r7
1000219e:	0d86      	lsrs	r6, r0, #22
100021a0:	028f      	lsls	r7, r1, #10
100021a2:	433e      	orrs	r6, r7
100021a4:	4366      	muls	r6, r4
100021a6:	2729      	movs	r7, #41	@ 0x29
100021a8:	1b7f      	subs	r7, r7, r5
100021aa:	40fe      	lsrs	r6, r7
100021ac:	3d0c      	subs	r5, #12
100021ae:	4677      	mov	r7, lr
100021b0:	40af      	lsls	r7, r5
100021b2:	19bf      	adds	r7, r7, r6
100021b4:	bc30      	pop	{r4, r5}
100021b6:	b2a2      	uxth	r2, r4
100021b8:	b2ab      	uxth	r3, r5
100021ba:	4372      	muls	r2, r6
100021bc:	4373      	muls	r3, r6
100021be:	1a80      	subs	r0, r0, r2
100021c0:	4199      	sbcs	r1, r3
100021c2:	0c22      	lsrs	r2, r4, #16
100021c4:	4372      	muls	r2, r6
100021c6:	0c13      	lsrs	r3, r2, #16
100021c8:	0412      	lsls	r2, r2, #16
100021ca:	1a80      	subs	r0, r0, r2
100021cc:	4199      	sbcs	r1, r3
100021ce:	0002      	movs	r2, r0
100021d0:	000b      	movs	r3, r1
100021d2:	3701      	adds	r7, #1
100021d4:	1b00      	subs	r0, r0, r4
100021d6:	41a9      	sbcs	r1, r5
100021d8:	d2f9      	bcs.n	100021ce <y64_x48+0xe8>
100021da:	1e78      	subs	r0, r7, #1
100021dc:	2100      	movs	r1, #0
100021de:	bdf0      	pop	{r4, r5, r6, r7, pc}

100021e0 <last1>:
100021e0:	270c      	movs	r7, #12
100021e2:	1b7f      	subs	r7, r7, r5
100021e4:	40fe      	lsrs	r6, r7
100021e6:	4677      	mov	r7, lr
100021e8:	0b7f      	lsrs	r7, r7, #13
100021ea:	40af      	lsls	r7, r5
100021ec:	19ff      	adds	r7, r7, r7
100021ee:	e7e0      	b.n	100021b2 <y64_x48+0xcc>

100021f0 <y64_x64>:
100021f0:	2400      	movs	r4, #0
100021f2:	1c5d      	adds	r5, r3, #1
100021f4:	d007      	beq.n	10002206 <y64_x64+0x16>
100021f6:	4f14      	ldr	r7, [pc, #80]	@ (10002248 <y64_x64+0x58>)
100021f8:	667d      	str	r5, [r7, #100]	@ 0x64
100021fa:	6639      	str	r1, [r7, #96]	@ 0x60
100021fc:	e7ff      	b.n	100021fe <y64_x64+0xe>
100021fe:	e7ff      	b.n	10002200 <y64_x64+0x10>
10002200:	e7ff      	b.n	10002202 <y64_x64+0x12>
10002202:	e7ff      	b.n	10002204 <y64_x64+0x14>
10002204:	6f3c      	ldr	r4, [r7, #112]	@ 0x70
10002206:	b295      	uxth	r5, r2
10002208:	b29e      	uxth	r6, r3
1000220a:	4365      	muls	r5, r4
1000220c:	4366      	muls	r6, r4
1000220e:	1b40      	subs	r0, r0, r5
10002210:	41b1      	sbcs	r1, r6
10002212:	0c15      	lsrs	r5, r2, #16
10002214:	0c1e      	lsrs	r6, r3, #16
10002216:	4365      	muls	r5, r4
10002218:	4366      	muls	r6, r4
1000221a:	0436      	lsls	r6, r6, #16
1000221c:	0c2f      	lsrs	r7, r5, #16
1000221e:	433e      	orrs	r6, r7
10002220:	042d      	lsls	r5, r5, #16
10002222:	1b40      	subs	r0, r0, r5
10002224:	41b1      	sbcs	r1, r6
10002226:	4299      	cmp	r1, r3
10002228:	d204      	bcs.n	10002234 <y64_x64+0x44>
1000222a:	0002      	movs	r2, r0
1000222c:	000b      	movs	r3, r1
1000222e:	0020      	movs	r0, r4
10002230:	2100      	movs	r1, #0
10002232:	bdf0      	pop	{r4, r5, r6, r7, pc}
10002234:	d101      	bne.n	1000223a <y64_x64+0x4a>
10002236:	4290      	cmp	r0, r2
10002238:	d3f7      	bcc.n	1000222a <y64_x64+0x3a>
1000223a:	1a80      	subs	r0, r0, r2
1000223c:	4199      	sbcs	r1, r3
1000223e:	3401      	adds	r4, #1
10002240:	4299      	cmp	r1, r3
10002242:	d3f2      	bcc.n	1000222a <y64_x64+0x3a>
10002244:	e7f6      	b.n	10002234 <y64_x64+0x44>
10002246:	0000      	.short	0x0000
10002248:	d0000000 	.word	0xd0000000
1000224c:	ffffffff 	.word	0xffffffff

10002250 <missing_double_func_shim>:
10002250:	b510      	push	{r4, lr}
10002252:	4801      	ldr	r0, [pc, #4]	@ (10002258 <missing_double_func_shim+0x8>)
10002254:	f7fe fb74 	bl	10000940 <panic>
10002258:	10007930 	.word	0x10007930

1000225c <__aeabi_double_init>:
1000225c:	2313      	movs	r3, #19
1000225e:	b570      	push	{r4, r5, r6, lr}
10002260:	781d      	ldrb	r5, [r3, #0]
10002262:	2d01      	cmp	r5, #1
10002264:	d019      	beq.n	1000229a <__aeabi_double_init+0x3e>
10002266:	dd14      	ble.n	10002292 <__aeabi_double_init+0x36>
10002268:	481d      	ldr	r0, [pc, #116]	@ (100022e0 <__aeabi_double_init+0x84>)
1000226a:	f7ff fc3b 	bl	10001ae4 <rom_data_lookup>
1000226e:	0006      	movs	r6, r0
10002270:	481c      	ldr	r0, [pc, #112]	@ (100022e4 <__aeabi_double_init+0x88>)
10002272:	f7ff fc37 	bl	10001ae4 <rom_data_lookup>
10002276:	4c1c      	ldr	r4, [pc, #112]	@ (100022e8 <__aeabi_double_init+0x8c>)
10002278:	2280      	movs	r2, #128	@ 0x80
1000227a:	0031      	movs	r1, r6
1000227c:	0020      	movs	r0, r4
1000227e:	f000 f957 	bl	10002530 <__wrap___aeabi_memcpy>
10002282:	2d02      	cmp	r5, #2
10002284:	d006      	beq.n	10002294 <__aeabi_double_init+0x38>
10002286:	4819      	ldr	r0, [pc, #100]	@ (100022ec <__aeabi_double_init+0x90>)
10002288:	f7ff fc24 	bl	10001ad4 <rom_func_lookup>
1000228c:	4b18      	ldr	r3, [pc, #96]	@ (100022f0 <__aeabi_double_init+0x94>)
1000228e:	6018      	str	r0, [r3, #0]
10002290:	bd70      	pop	{r4, r5, r6, pc}
10002292:	4c15      	ldr	r4, [pc, #84]	@ (100022e8 <__aeabi_double_init+0x8c>)
10002294:	4b17      	ldr	r3, [pc, #92]	@ (100022f4 <__aeabi_double_init+0x98>)
10002296:	64a3      	str	r3, [r4, #72]	@ 0x48
10002298:	e7f5      	b.n	10002286 <__aeabi_double_init+0x2a>
1000229a:	4b17      	ldr	r3, [pc, #92]	@ (100022f8 <__aeabi_double_init+0x9c>)
1000229c:	4c12      	ldr	r4, [pc, #72]	@ (100022e8 <__aeabi_double_init+0x8c>)
1000229e:	6023      	str	r3, [r4, #0]
100022a0:	6063      	str	r3, [r4, #4]
100022a2:	60a3      	str	r3, [r4, #8]
100022a4:	60e3      	str	r3, [r4, #12]
100022a6:	6123      	str	r3, [r4, #16]
100022a8:	6163      	str	r3, [r4, #20]
100022aa:	61a3      	str	r3, [r4, #24]
100022ac:	61e3      	str	r3, [r4, #28]
100022ae:	6223      	str	r3, [r4, #32]
100022b0:	6263      	str	r3, [r4, #36]	@ 0x24
100022b2:	62a3      	str	r3, [r4, #40]	@ 0x28
100022b4:	62e3      	str	r3, [r4, #44]	@ 0x2c
100022b6:	6323      	str	r3, [r4, #48]	@ 0x30
100022b8:	6363      	str	r3, [r4, #52]	@ 0x34
100022ba:	63a3      	str	r3, [r4, #56]	@ 0x38
100022bc:	63e3      	str	r3, [r4, #60]	@ 0x3c
100022be:	6423      	str	r3, [r4, #64]	@ 0x40
100022c0:	6463      	str	r3, [r4, #68]	@ 0x44
100022c2:	64a3      	str	r3, [r4, #72]	@ 0x48
100022c4:	64e3      	str	r3, [r4, #76]	@ 0x4c
100022c6:	6523      	str	r3, [r4, #80]	@ 0x50
100022c8:	6563      	str	r3, [r4, #84]	@ 0x54
100022ca:	65a3      	str	r3, [r4, #88]	@ 0x58
100022cc:	65e3      	str	r3, [r4, #92]	@ 0x5c
100022ce:	6623      	str	r3, [r4, #96]	@ 0x60
100022d0:	6663      	str	r3, [r4, #100]	@ 0x64
100022d2:	66a3      	str	r3, [r4, #104]	@ 0x68
100022d4:	66e3      	str	r3, [r4, #108]	@ 0x6c
100022d6:	6723      	str	r3, [r4, #112]	@ 0x70
100022d8:	6763      	str	r3, [r4, #116]	@ 0x74
100022da:	67a3      	str	r3, [r4, #120]	@ 0x78
100022dc:	67e3      	str	r3, [r4, #124]	@ 0x7c
100022de:	e7d9      	b.n	10002294 <__aeabi_double_init+0x38>
100022e0:	00004453 	.word	0x00004453
100022e4:	00004653 	.word	0x00004653
100022e8:	20001200 	.word	0x20001200
100022ec:	0000334c 	.word	0x0000334c
100022f0:	20002328 	.word	0x20002328
100022f4:	100022fd 	.word	0x100022fd
100022f8:	10002251 	.word	0x10002251

100022fc <double_table_shim_on_use_helper>:
100022fc:	b507      	push	{r0, r1, r2, lr}
100022fe:	4660      	mov	r0, ip
10002300:	8801      	ldrh	r1, [r0, #0]
10002302:	0a0a      	lsrs	r2, r1, #8
10002304:	3002      	adds	r0, #2
10002306:	2adf      	cmp	r2, #223	@ 0xdf
10002308:	d1fa      	bne.n	10002300 <double_table_shim_on_use_helper+0x4>
1000230a:	b2c9      	uxtb	r1, r1
1000230c:	0882      	lsrs	r2, r0, #2
1000230e:	d304      	bcc.n	1000231a <double_table_shim_on_use_helper+0x1e>
10002310:	8802      	ldrh	r2, [r0, #0]
10002312:	8840      	ldrh	r0, [r0, #2]
10002314:	0400      	lsls	r0, r0, #16
10002316:	4310      	orrs	r0, r2
10002318:	e000      	b.n	1000231c <double_table_shim_on_use_helper+0x20>
1000231a:	6800      	ldr	r0, [r0, #0]
1000231c:	4a01      	ldr	r2, [pc, #4]	@ (10002324 <double_table_shim_on_use_helper+0x28>)
1000231e:	5050      	str	r0, [r2, r1]
10002320:	9003      	str	r0, [sp, #12]
10002322:	bd07      	pop	{r0, r1, r2, pc}
10002324:	20001200 	.word	0x20001200

10002328 <__wrap___aeabi_lmul>:
10002328:	4351      	muls	r1, r2
1000232a:	4343      	muls	r3, r0
1000232c:	18c9      	adds	r1, r1, r3
1000232e:	468c      	mov	ip, r1
10002330:	0c11      	lsrs	r1, r2, #16
10002332:	b283      	uxth	r3, r0
10002334:	434b      	muls	r3, r1
10002336:	b410      	push	{r4}
10002338:	0c04      	lsrs	r4, r0, #16
1000233a:	4361      	muls	r1, r4
1000233c:	b292      	uxth	r2, r2
1000233e:	b280      	uxth	r0, r0
10002340:	4350      	muls	r0, r2
10002342:	4362      	muls	r2, r4
10002344:	041c      	lsls	r4, r3, #16
10002346:	0c1b      	lsrs	r3, r3, #16
10002348:	1900      	adds	r0, r0, r4
1000234a:	bc10      	pop	{r4}
1000234c:	4159      	adcs	r1, r3
1000234e:	0413      	lsls	r3, r2, #16
10002350:	0c12      	lsrs	r2, r2, #16
10002352:	18c0      	adds	r0, r0, r3
10002354:	4151      	adcs	r1, r2
10002356:	4461      	add	r1, ip
10002358:	4770      	bx	lr
	...

1000235c <__wrap___aeabi_frsub>:
1000235c:	4048      	eors	r0, r1
1000235e:	4041      	eors	r1, r0
10002360:	4048      	eors	r0, r1

10002362 <__wrap___aeabi_fsub>:
10002362:	4b0e      	ldr	r3, [pc, #56]	@ (1000239c <__wrap___aeabi_fmul+0x6>)
10002364:	685b      	ldr	r3, [r3, #4]
10002366:	4718      	bx	r3

10002368 <__wrap___aeabi_fadd>:
10002368:	4b0c      	ldr	r3, [pc, #48]	@ (1000239c <__wrap___aeabi_fmul+0x6>)
1000236a:	681b      	ldr	r3, [r3, #0]
1000236c:	4718      	bx	r3

1000236e <__wrap___aeabi_fdiv>:
1000236e:	4a0c      	ldr	r2, [pc, #48]	@ (100023a0 <__wrap___aeabi_fmul+0xa>)
10002370:	6f93      	ldr	r3, [r2, #120]	@ 0x78
10002372:	089b      	lsrs	r3, r3, #2
10002374:	d202      	bcs.n	1000237c <fdiv_save_state>

10002376 <fdiv_shim_call>:
10002376:	4b09      	ldr	r3, [pc, #36]	@ (1000239c <__wrap___aeabi_fmul+0x6>)
10002378:	68db      	ldr	r3, [r3, #12]
1000237a:	4718      	bx	r3

1000237c <fdiv_save_state>:
1000237c:	b5f0      	push	{r4, r5, r6, r7, lr}
1000237e:	6e14      	ldr	r4, [r2, #96]	@ 0x60
10002380:	6e55      	ldr	r5, [r2, #100]	@ 0x64
10002382:	6f57      	ldr	r7, [r2, #116]	@ 0x74
10002384:	6f16      	ldr	r6, [r2, #112]	@ 0x70
10002386:	f7ff fff6 	bl	10002376 <fdiv_shim_call>
1000238a:	4a05      	ldr	r2, [pc, #20]	@ (100023a0 <__wrap___aeabi_fmul+0xa>)
1000238c:	6614      	str	r4, [r2, #96]	@ 0x60
1000238e:	6655      	str	r5, [r2, #100]	@ 0x64
10002390:	6757      	str	r7, [r2, #116]	@ 0x74
10002392:	6716      	str	r6, [r2, #112]	@ 0x70
10002394:	bdf0      	pop	{r4, r5, r6, r7, pc}

10002396 <__wrap___aeabi_fmul>:
10002396:	4b01      	ldr	r3, [pc, #4]	@ (1000239c <__wrap___aeabi_fmul+0x6>)
10002398:	689b      	ldr	r3, [r3, #8]
1000239a:	4718      	bx	r3
1000239c:	2000232c 	.word	0x2000232c
100023a0:	d0000000 	.word	0xd0000000

100023a4 <__wrap___aeabi_cfrcmple>:
100023a4:	b507      	push	{r0, r1, r2, lr}
100023a6:	4048      	eors	r0, r1
100023a8:	4041      	eors	r1, r0
100023aa:	4048      	eors	r0, r1
100023ac:	e001      	b.n	100023b2 <__aeabi_cfcmple_guts>
100023ae:	46c0      	nop			@ (mov r8, r8)

100023b0 <__wrap___aeabi_cfcmpeq>:
100023b0:	b507      	push	{r0, r1, r2, lr}

100023b2 <__aeabi_cfcmple_guts>:
100023b2:	0042      	lsls	r2, r0, #1
100023b4:	0e12      	lsrs	r2, r2, #24
100023b6:	d003      	beq.n	100023c0 <__aeabi_cfcmple_guts+0xe>
100023b8:	2aff      	cmp	r2, #255	@ 0xff
100023ba:	d103      	bne.n	100023c4 <__aeabi_cfcmple_guts+0x12>
100023bc:	0242      	lsls	r2, r0, #9
100023be:	d818      	bhi.n	100023f2 <__aeabi_cfcmple_guts+0x40>
100023c0:	0dc0      	lsrs	r0, r0, #23
100023c2:	05c0      	lsls	r0, r0, #23
100023c4:	004a      	lsls	r2, r1, #1
100023c6:	0e12      	lsrs	r2, r2, #24
100023c8:	d003      	beq.n	100023d2 <__aeabi_cfcmple_guts+0x20>
100023ca:	2aff      	cmp	r2, #255	@ 0xff
100023cc:	d103      	bne.n	100023d6 <__aeabi_cfcmple_guts+0x24>
100023ce:	024a      	lsls	r2, r1, #9
100023d0:	d80f      	bhi.n	100023f2 <__aeabi_cfcmple_guts+0x40>
100023d2:	0dc9      	lsrs	r1, r1, #23
100023d4:	05c9      	lsls	r1, r1, #23
100023d6:	2201      	movs	r2, #1
100023d8:	4041      	eors	r1, r0
100023da:	d405      	bmi.n	100023e8 <__aeabi_cfcmple_guts+0x36>
100023dc:	4041      	eors	r1, r0
100023de:	d501      	bpl.n	100023e4 <__aeabi_cfcmple_guts+0x32>
100023e0:	4281      	cmp	r1, r0
100023e2:	bd07      	pop	{r0, r1, r2, pc}
100023e4:	4288      	cmp	r0, r1
100023e6:	bd07      	pop	{r0, r1, r2, pc}
100023e8:	4301      	orrs	r1, r0
100023ea:	1849      	adds	r1, r1, r1
100023ec:	d001      	beq.n	100023f2 <__aeabi_cfcmple_guts+0x40>
100023ee:	43c0      	mvns	r0, r0
100023f0:	1800      	adds	r0, r0, r0
100023f2:	bd07      	pop	{r0, r1, r2, pc}

100023f4 <__wrap___aeabi_fcmplt>:
100023f4:	b500      	push	{lr}
100023f6:	f7ff ffdb 	bl	100023b0 <__wrap___aeabi_cfcmpeq>
100023fa:	4180      	sbcs	r0, r0
100023fc:	bd00      	pop	{pc}
100023fe:	46c0      	nop			@ (mov r8, r8)

10002400 <__wrap___aeabi_fcmple>:
10002400:	b500      	push	{lr}
10002402:	f7ff ffd5 	bl	100023b0 <__wrap___aeabi_cfcmpeq>
10002406:	d901      	bls.n	1000240c <__wrap___aeabi_fcmple+0xc>
10002408:	2000      	movs	r0, #0
1000240a:	bd00      	pop	{pc}
1000240c:	2001      	movs	r0, #1
1000240e:	bd00      	pop	{pc}

10002410 <__wrap___aeabi_fcmpgt>:
10002410:	b500      	push	{lr}
10002412:	f7ff ffc7 	bl	100023a4 <__wrap___aeabi_cfrcmple>
10002416:	4180      	sbcs	r0, r0
10002418:	bd00      	pop	{pc}

1000241a <__wrap___aeabi_ui2f>:
1000241a:	1a49      	subs	r1, r1, r1
1000241c:	2800      	cmp	r0, #0
1000241e:	d107      	bne.n	10002430 <__aeabi_i2f_main>
10002420:	4608      	mov	r0, r1
10002422:	4770      	bx	lr

10002424 <__wrap___aeabi_i2f>:
10002424:	0fc1      	lsrs	r1, r0, #31
10002426:	07c9      	lsls	r1, r1, #31
10002428:	d500      	bpl.n	1000242c <__wrap___aeabi_i2f+0x8>
1000242a:	4240      	negs	r0, r0
1000242c:	2800      	cmp	r0, #0
1000242e:	d017      	beq.n	10002460 <__aeabi_i2f_main+0x30>

10002430 <__aeabi_i2f_main>:
10002430:	46f4      	mov	ip, lr
10002432:	b403      	push	{r0, r1}
10002434:	4b0b      	ldr	r3, [pc, #44]	@ (10002464 <__aeabi_i2f_main+0x34>)
10002436:	681b      	ldr	r3, [r3, #0]
10002438:	4798      	blx	r3
1000243a:	bc06      	pop	{r1, r2}
1000243c:	4081      	lsls	r1, r0
1000243e:	389e      	subs	r0, #158	@ 0x9e
10002440:	4240      	negs	r0, r0
10002442:	3180      	adds	r1, #128	@ 0x80
10002444:	d207      	bcs.n	10002456 <__aeabi_i2f_main+0x26>
10002446:	060b      	lsls	r3, r1, #24
10002448:	d007      	beq.n	1000245a <__aeabi_i2f_main+0x2a>
1000244a:	0049      	lsls	r1, r1, #1
1000244c:	0a49      	lsrs	r1, r1, #9
1000244e:	05c0      	lsls	r0, r0, #23
10002450:	4310      	orrs	r0, r2
10002452:	4308      	orrs	r0, r1
10002454:	4760      	bx	ip
10002456:	3001      	adds	r0, #1
10002458:	e7f8      	b.n	1000244c <__aeabi_i2f_main+0x1c>
1000245a:	0a49      	lsrs	r1, r1, #9
1000245c:	0289      	lsls	r1, r1, #10
1000245e:	e7f5      	b.n	1000244c <__aeabi_i2f_main+0x1c>
10002460:	4770      	bx	lr
10002462:	0000      	.short	0x0000
10002464:	20002328 	.word	0x20002328

10002468 <__wrap___aeabi_f2uiz>:
10002468:	4b01      	ldr	r3, [pc, #4]	@ (10002470 <__wrap___aeabi_f2uiz+0x8>)
1000246a:	6a5b      	ldr	r3, [r3, #36]	@ 0x24
1000246c:	4718      	bx	r3
1000246e:	0000      	.short	0x0000
10002470:	2000232c 	.word	0x2000232c

10002474 <missing_float_func_shim>:
10002474:	b510      	push	{r4, lr}
10002476:	4801      	ldr	r0, [pc, #4]	@ (1000247c <missing_float_func_shim+0x8>)
10002478:	f7fe fa62 	bl	10000940 <panic>
1000247c:	10007a38 	.word	0x10007a38

10002480 <__aeabi_float_init>:
10002480:	2313      	movs	r3, #19
10002482:	b510      	push	{r4, lr}
10002484:	4810      	ldr	r0, [pc, #64]	@ (100024c8 <__aeabi_float_init+0x48>)
10002486:	781c      	ldrb	r4, [r3, #0]
10002488:	f7ff fb2c 	bl	10001ae4 <rom_data_lookup>
1000248c:	0001      	movs	r1, r0
1000248e:	2c01      	cmp	r4, #1
10002490:	d00a      	beq.n	100024a8 <__aeabi_float_init+0x28>
10002492:	dd03      	ble.n	1000249c <__aeabi_float_init+0x1c>
10002494:	2280      	movs	r2, #128	@ 0x80
10002496:	480d      	ldr	r0, [pc, #52]	@ (100024cc <__aeabi_float_init+0x4c>)
10002498:	f000 f84a 	bl	10002530 <__wrap___aeabi_memcpy>
1000249c:	480c      	ldr	r0, [pc, #48]	@ (100024d0 <__aeabi_float_init+0x50>)
1000249e:	f7ff fb19 	bl	10001ad4 <rom_func_lookup>
100024a2:	4b0c      	ldr	r3, [pc, #48]	@ (100024d4 <__aeabi_float_init+0x54>)
100024a4:	6018      	str	r0, [r3, #0]
100024a6:	bd10      	pop	{r4, pc}
100024a8:	4c08      	ldr	r4, [pc, #32]	@ (100024cc <__aeabi_float_init+0x4c>)
100024aa:	2254      	movs	r2, #84	@ 0x54
100024ac:	0020      	movs	r0, r4
100024ae:	f000 f83f 	bl	10002530 <__wrap___aeabi_memcpy>
100024b2:	0022      	movs	r2, r4
100024b4:	4908      	ldr	r1, [pc, #32]	@ (100024d8 <__aeabi_float_init+0x58>)
100024b6:	3280      	adds	r2, #128	@ 0x80
100024b8:	6823      	ldr	r3, [r4, #0]
100024ba:	2b00      	cmp	r3, #0
100024bc:	d100      	bne.n	100024c0 <__aeabi_float_init+0x40>
100024be:	6021      	str	r1, [r4, #0]
100024c0:	3404      	adds	r4, #4
100024c2:	4294      	cmp	r4, r2
100024c4:	d1f8      	bne.n	100024b8 <__aeabi_float_init+0x38>
100024c6:	e7e9      	b.n	1000249c <__aeabi_float_init+0x1c>
100024c8:	00004653 	.word	0x00004653
100024cc:	2000232c 	.word	0x2000232c
100024d0:	0000334c 	.word	0x0000334c
100024d4:	20002328 	.word	0x20002328
100024d8:	10002475 	.word	0x10002475

100024dc <__wrap_roundf>:
100024dc:	0043      	lsls	r3, r0, #1
100024de:	0e1b      	lsrs	r3, r3, #24
100024e0:	3b7f      	subs	r3, #127	@ 0x7f
100024e2:	1c5a      	adds	r2, r3, #1
100024e4:	db0d      	blt.n	10002502 <__wrap_roundf+0x26>
100024e6:	1c5a      	adds	r2, r3, #1
100024e8:	d00e      	beq.n	10002508 <__wrap_roundf+0x2c>
100024ea:	2b17      	cmp	r3, #23
100024ec:	da08      	bge.n	10002500 <__wrap_roundf+0x24>
100024ee:	2216      	movs	r2, #22
100024f0:	1ad2      	subs	r2, r2, r3
100024f2:	2301      	movs	r3, #1
100024f4:	4093      	lsls	r3, r2
100024f6:	1818      	adds	r0, r3, r0
100024f8:	2302      	movs	r3, #2
100024fa:	4093      	lsls	r3, r2
100024fc:	425b      	negs	r3, r3
100024fe:	4018      	ands	r0, r3
10002500:	4770      	bx	lr
10002502:	0fc0      	lsrs	r0, r0, #31
10002504:	07c0      	lsls	r0, r0, #31
10002506:	e7fb      	b.n	10002500 <__wrap_roundf+0x24>
10002508:	0fc0      	lsrs	r0, r0, #31
1000250a:	07c3      	lsls	r3, r0, #31
1000250c:	20fe      	movs	r0, #254	@ 0xfe
1000250e:	0580      	lsls	r0, r0, #22
10002510:	4318      	orrs	r0, r3
10002512:	e7f5      	b.n	10002500 <__wrap_roundf+0x24>

10002514 <__aeabi_mem_init>:
10002514:	4801      	ldr	r0, [pc, #4]	@ (1000251c <__aeabi_mem_init+0x8>)
10002516:	2104      	movs	r1, #4
10002518:	4b01      	ldr	r3, [pc, #4]	@ (10002520 <__aeabi_mem_init+0xc>)
1000251a:	4718      	bx	r3
1000251c:	20001020 	.word	0x20001020
10002520:	10001af5 	.word	0x10001af5

10002524 <__wrap_memset>:
10002524:	4b01      	ldr	r3, [pc, #4]	@ (1000252c <__wrap_memset+0x8>)
10002526:	681b      	ldr	r3, [r3, #0]
10002528:	4718      	bx	r3
1000252a:	0000      	.short	0x0000
1000252c:	20001020 	.word	0x20001020

10002530 <__wrap___aeabi_memcpy>:
10002530:	4b01      	ldr	r3, [pc, #4]	@ (10002538 <__wrap___aeabi_memcpy+0x8>)
10002532:	685b      	ldr	r3, [r3, #4]
10002534:	4718      	bx	r3
10002536:	0000      	.short	0x0000
10002538:	20001020 	.word	0x20001020

1000253c <_out_char>:
1000253c:	b510      	push	{r4, lr}
1000253e:	2800      	cmp	r0, #0
10002540:	d100      	bne.n	10002544 <_out_char+0x8>
10002542:	bd10      	pop	{r4, pc}
10002544:	f000 f924 	bl	10002790 <__wrap_putchar>
10002548:	e7fb      	b.n	10002542 <_out_char+0x6>
1000254a:	46c0      	nop			@ (mov r8, r8)

1000254c <weak_raw_vprintf>:
1000254c:	b510      	push	{r4, lr}
1000254e:	4a09      	ldr	r2, [pc, #36]	@ (10002574 <weak_raw_vprintf+0x28>)
10002550:	0003      	movs	r3, r0
10002552:	6814      	ldr	r4, [r2, #0]
10002554:	b084      	sub	sp, #16
10002556:	2c00      	cmp	r4, #0
10002558:	d008      	beq.n	1000256c <weak_raw_vprintf+0x20>
1000255a:	2201      	movs	r2, #1
1000255c:	9100      	str	r1, [sp, #0]
1000255e:	4806      	ldr	r0, [pc, #24]	@ (10002578 <weak_raw_vprintf+0x2c>)
10002560:	4252      	negs	r2, r2
10002562:	a903      	add	r1, sp, #12
10002564:	47a0      	blx	r4
10002566:	2001      	movs	r0, #1
10002568:	b004      	add	sp, #16
1000256a:	bd10      	pop	{r4, pc}
1000256c:	f000 f95c 	bl	10002828 <__wrap_puts>
10002570:	2000      	movs	r0, #0
10002572:	e7f9      	b.n	10002568 <weak_raw_vprintf+0x1c>
10002574:	20001ffc 	.word	0x20001ffc
10002578:	1000253d 	.word	0x1000253d

1000257c <_exit>:
1000257c:	be00      	bkpt	0x0000
1000257e:	e7fd      	b.n	1000257c <_exit>

10002580 <exit>:
10002580:	b510      	push	{r4, lr}
10002582:	f7ff fffb 	bl	1000257c <_exit>
10002586:	46c0      	nop			@ (mov r8, r8)

10002588 <runtime_init>:
10002588:	b570      	push	{r4, r5, r6, lr}
1000258a:	f7ff fb05 	bl	10001b98 <runtime_run_initializers>
1000258e:	4d07      	ldr	r5, [pc, #28]	@ (100025ac <runtime_init+0x24>)
10002590:	4e07      	ldr	r6, [pc, #28]	@ (100025b0 <runtime_init+0x28>)
10002592:	42b5      	cmp	r5, r6
10002594:	d209      	bcs.n	100025aa <runtime_init+0x22>
10002596:	2400      	movs	r4, #0
10002598:	3e01      	subs	r6, #1
1000259a:	1b76      	subs	r6, r6, r5
1000259c:	08b6      	lsrs	r6, r6, #2
1000259e:	cd08      	ldmia	r5!, {r3}
100025a0:	4798      	blx	r3
100025a2:	0023      	movs	r3, r4
100025a4:	3401      	adds	r4, #1
100025a6:	42b3      	cmp	r3, r6
100025a8:	d1f9      	bne.n	1000259e <runtime_init+0x16>
100025aa:	bd70      	pop	{r4, r5, r6, pc}
100025ac:	10007814 	.word	0x10007814
100025b0:	10007824 	.word	0x10007824

100025b4 <stdio_out_chars_no_crlf>:
100025b4:	0003      	movs	r3, r0
100025b6:	b510      	push	{r4, lr}
100025b8:	0008      	movs	r0, r1
100025ba:	0011      	movs	r1, r2
100025bc:	681b      	ldr	r3, [r3, #0]
100025be:	4798      	blx	r3
100025c0:	bd10      	pop	{r4, pc}
100025c2:	46c0      	nop			@ (mov r8, r8)

100025c4 <stdio_out_chars_crlf>:
100025c4:	b5f0      	push	{r4, r5, r6, r7, lr}
100025c6:	46c6      	mov	lr, r8
100025c8:	b500      	push	{lr}
100025ca:	7d43      	ldrb	r3, [r0, #21]
100025cc:	0007      	movs	r7, r0
100025ce:	000d      	movs	r5, r1
100025d0:	0016      	movs	r6, r2
100025d2:	2b00      	cmp	r3, #0
100025d4:	d038      	beq.n	10002648 <stdio_out_chars_crlf+0x84>
100025d6:	2a00      	cmp	r2, #0
100025d8:	dd2e      	ble.n	10002638 <stdio_out_chars_crlf+0x74>
100025da:	2100      	movs	r1, #0
100025dc:	1e6a      	subs	r2, r5, #1
100025de:	4690      	mov	r8, r2
100025e0:	5c6a      	ldrb	r2, [r5, r1]
100025e2:	7d03      	ldrb	r3, [r0, #20]
100025e4:	1c4c      	adds	r4, r1, #1
100025e6:	2000      	movs	r0, #0
100025e8:	2a0a      	cmp	r2, #10
100025ea:	d00c      	beq.n	10002606 <stdio_out_chars_crlf+0x42>
100025ec:	42a6      	cmp	r6, r4
100025ee:	d016      	beq.n	1000261e <stdio_out_chars_crlf+0x5a>
100025f0:	4643      	mov	r3, r8
100025f2:	5d1b      	ldrb	r3, [r3, r4]
100025f4:	0021      	movs	r1, r4
100025f6:	3b0d      	subs	r3, #13
100025f8:	425a      	negs	r2, r3
100025fa:	4153      	adcs	r3, r2
100025fc:	5c6a      	ldrb	r2, [r5, r1]
100025fe:	b2db      	uxtb	r3, r3
10002600:	1c4c      	adds	r4, r1, #1
10002602:	2a0a      	cmp	r2, #10
10002604:	d1f2      	bne.n	100025ec <stdio_out_chars_crlf+0x28>
10002606:	2b00      	cmp	r3, #0
10002608:	d1f0      	bne.n	100025ec <stdio_out_chars_crlf+0x28>
1000260a:	4288      	cmp	r0, r1
1000260c:	db17      	blt.n	1000263e <stdio_out_chars_crlf+0x7a>
1000260e:	2102      	movs	r1, #2
10002610:	4810      	ldr	r0, [pc, #64]	@ (10002654 <stdio_out_chars_crlf+0x90>)
10002612:	683b      	ldr	r3, [r7, #0]
10002614:	4798      	blx	r3
10002616:	42a6      	cmp	r6, r4
10002618:	d007      	beq.n	1000262a <stdio_out_chars_crlf+0x66>
1000261a:	0020      	movs	r0, r4
1000261c:	e7e8      	b.n	100025f0 <stdio_out_chars_crlf+0x2c>
1000261e:	4286      	cmp	r6, r0
10002620:	dd03      	ble.n	1000262a <stdio_out_chars_crlf+0x66>
10002622:	1a31      	subs	r1, r6, r0
10002624:	683b      	ldr	r3, [r7, #0]
10002626:	1828      	adds	r0, r5, r0
10002628:	4798      	blx	r3
1000262a:	19ad      	adds	r5, r5, r6
1000262c:	3d01      	subs	r5, #1
1000262e:	782b      	ldrb	r3, [r5, #0]
10002630:	3b0d      	subs	r3, #13
10002632:	425a      	negs	r2, r3
10002634:	4153      	adcs	r3, r2
10002636:	753b      	strb	r3, [r7, #20]
10002638:	bc80      	pop	{r7}
1000263a:	46b8      	mov	r8, r7
1000263c:	bdf0      	pop	{r4, r5, r6, r7, pc}
1000263e:	1a09      	subs	r1, r1, r0
10002640:	683b      	ldr	r3, [r7, #0]
10002642:	1828      	adds	r0, r5, r0
10002644:	4798      	blx	r3
10002646:	e7e2      	b.n	1000260e <stdio_out_chars_crlf+0x4a>
10002648:	6803      	ldr	r3, [r0, #0]
1000264a:	0011      	movs	r1, r2
1000264c:	0028      	movs	r0, r5
1000264e:	4798      	blx	r3
10002650:	e7f2      	b.n	10002638 <stdio_out_chars_crlf+0x74>
10002652:	46c0      	nop			@ (mov r8, r8)
10002654:	10007a98 	.word	0x10007a98

10002658 <stdio_put_string>:
10002658:	b5f0      	push	{r4, r5, r6, r7, lr}
1000265a:	46de      	mov	lr, fp
1000265c:	4657      	mov	r7, sl
1000265e:	464e      	mov	r6, r9
10002660:	4645      	mov	r5, r8
10002662:	b5e0      	push	{r5, r6, r7, lr}
10002664:	b085      	sub	sp, #20
10002666:	0017      	movs	r7, r2
10002668:	001c      	movs	r4, r3
1000266a:	0006      	movs	r6, r0
1000266c:	000d      	movs	r5, r1
1000266e:	f7ff f87b 	bl	10001768 <time_us_64>
10002672:	2300      	movs	r3, #0
10002674:	4a31      	ldr	r2, [pc, #196]	@ (1000273c <stdio_put_string+0xe4>)
10002676:	1812      	adds	r2, r2, r0
10002678:	414b      	adcs	r3, r1
1000267a:	2180      	movs	r1, #128	@ 0x80
1000267c:	0609      	lsls	r1, r1, #24
1000267e:	428b      	cmp	r3, r1
10002680:	d302      	bcc.n	10002688 <stdio_put_string+0x30>
10002682:	2201      	movs	r2, #1
10002684:	4b2e      	ldr	r3, [pc, #184]	@ (10002740 <stdio_put_string+0xe8>)
10002686:	4252      	negs	r2, r2
10002688:	492e      	ldr	r1, [pc, #184]	@ (10002744 <stdio_put_string+0xec>)
1000268a:	0008      	movs	r0, r1
1000268c:	468a      	mov	sl, r1
1000268e:	f005 f873 	bl	10007778 <__mutex_try_enter_block_until_veneer>
10002692:	9001      	str	r0, [sp, #4]
10002694:	1c6b      	adds	r3, r5, #1
10002696:	d103      	bne.n	100026a0 <stdio_put_string+0x48>
10002698:	0030      	movs	r0, r6
1000269a:	f004 ffb1 	bl	10007600 <strlen>
1000269e:	0005      	movs	r5, r0
100026a0:	2c00      	cmp	r4, #0
100026a2:	d026      	beq.n	100026f2 <stdio_put_string+0x9a>
100026a4:	4b28      	ldr	r3, [pc, #160]	@ (10002748 <stdio_put_string+0xf0>)
100026a6:	4698      	mov	r8, r3
100026a8:	4b28      	ldr	r3, [pc, #160]	@ (1000274c <stdio_put_string+0xf4>)
100026aa:	681c      	ldr	r4, [r3, #0]
100026ac:	2c00      	cmp	r4, #0
100026ae:	d015      	beq.n	100026dc <stdio_put_string+0x84>
100026b0:	2f00      	cmp	r7, #0
100026b2:	d121      	bne.n	100026f8 <stdio_put_string+0xa0>
100026b4:	4f26      	ldr	r7, [pc, #152]	@ (10002750 <stdio_put_string+0xf8>)
100026b6:	e002      	b.n	100026be <stdio_put_string+0x66>
100026b8:	6924      	ldr	r4, [r4, #16]
100026ba:	2c00      	cmp	r4, #0
100026bc:	d00e      	beq.n	100026dc <stdio_put_string+0x84>
100026be:	6823      	ldr	r3, [r4, #0]
100026c0:	2b00      	cmp	r3, #0
100026c2:	d0f9      	beq.n	100026b8 <stdio_put_string+0x60>
100026c4:	683b      	ldr	r3, [r7, #0]
100026c6:	2b00      	cmp	r3, #0
100026c8:	d001      	beq.n	100026ce <stdio_put_string+0x76>
100026ca:	429c      	cmp	r4, r3
100026cc:	d1f4      	bne.n	100026b8 <stdio_put_string+0x60>
100026ce:	0020      	movs	r0, r4
100026d0:	002a      	movs	r2, r5
100026d2:	0031      	movs	r1, r6
100026d4:	47c0      	blx	r8
100026d6:	6924      	ldr	r4, [r4, #16]
100026d8:	2c00      	cmp	r4, #0
100026da:	d1f0      	bne.n	100026be <stdio_put_string+0x66>
100026dc:	9b01      	ldr	r3, [sp, #4]
100026de:	2b00      	cmp	r3, #0
100026e0:	d128      	bne.n	10002734 <stdio_put_string+0xdc>
100026e2:	0028      	movs	r0, r5
100026e4:	b005      	add	sp, #20
100026e6:	bcf0      	pop	{r4, r5, r6, r7}
100026e8:	46bb      	mov	fp, r7
100026ea:	46b2      	mov	sl, r6
100026ec:	46a9      	mov	r9, r5
100026ee:	46a0      	mov	r8, r4
100026f0:	bdf0      	pop	{r4, r5, r6, r7, pc}
100026f2:	4b18      	ldr	r3, [pc, #96]	@ (10002754 <stdio_put_string+0xfc>)
100026f4:	4698      	mov	r8, r3
100026f6:	e7d7      	b.n	100026a8 <stdio_put_string+0x50>
100026f8:	4b15      	ldr	r3, [pc, #84]	@ (10002750 <stdio_put_string+0xf8>)
100026fa:	4699      	mov	r9, r3
100026fc:	ab02      	add	r3, sp, #8
100026fe:	1ddf      	adds	r7, r3, #7
10002700:	230a      	movs	r3, #10
10002702:	469b      	mov	fp, r3
10002704:	e002      	b.n	1000270c <stdio_put_string+0xb4>
10002706:	6924      	ldr	r4, [r4, #16]
10002708:	2c00      	cmp	r4, #0
1000270a:	d0e7      	beq.n	100026dc <stdio_put_string+0x84>
1000270c:	6823      	ldr	r3, [r4, #0]
1000270e:	2b00      	cmp	r3, #0
10002710:	d0f9      	beq.n	10002706 <stdio_put_string+0xae>
10002712:	464b      	mov	r3, r9
10002714:	681b      	ldr	r3, [r3, #0]
10002716:	2b00      	cmp	r3, #0
10002718:	d001      	beq.n	1000271e <stdio_put_string+0xc6>
1000271a:	42a3      	cmp	r3, r4
1000271c:	d1f3      	bne.n	10002706 <stdio_put_string+0xae>
1000271e:	002a      	movs	r2, r5
10002720:	0031      	movs	r1, r6
10002722:	0020      	movs	r0, r4
10002724:	47c0      	blx	r8
10002726:	465b      	mov	r3, fp
10002728:	2201      	movs	r2, #1
1000272a:	0039      	movs	r1, r7
1000272c:	0020      	movs	r0, r4
1000272e:	703b      	strb	r3, [r7, #0]
10002730:	47c0      	blx	r8
10002732:	e7e8      	b.n	10002706 <stdio_put_string+0xae>
10002734:	4650      	mov	r0, sl
10002736:	f004 fff7 	bl	10007728 <__mutex_exit_veneer>
1000273a:	e7d2      	b.n	100026e2 <stdio_put_string+0x8a>
1000273c:	000f4240 	.word	0x000f4240
10002740:	7fffffff 	.word	0x7fffffff
10002744:	20001070 	.word	0x20001070
10002748:	100025c5 	.word	0x100025c5
1000274c:	20001be8 	.word	0x20001be8
10002750:	20001bf0 	.word	0x20001bf0
10002754:	100025b5 	.word	0x100025b5

10002758 <stdio_set_driver_enabled>:
10002758:	4a0a      	ldr	r2, [pc, #40]	@ (10002784 <stdio_set_driver_enabled+0x2c>)
1000275a:	6813      	ldr	r3, [r2, #0]
1000275c:	2b00      	cmp	r3, #0
1000275e:	d105      	bne.n	1000276c <stdio_set_driver_enabled+0x14>
10002760:	e00c      	b.n	1000277c <stdio_set_driver_enabled+0x24>
10002762:	001a      	movs	r2, r3
10002764:	691b      	ldr	r3, [r3, #16]
10002766:	3210      	adds	r2, #16
10002768:	2b00      	cmp	r3, #0
1000276a:	d007      	beq.n	1000277c <stdio_set_driver_enabled+0x24>
1000276c:	4298      	cmp	r0, r3
1000276e:	d1f8      	bne.n	10002762 <stdio_set_driver_enabled+0xa>
10002770:	2900      	cmp	r1, #0
10002772:	d102      	bne.n	1000277a <stdio_set_driver_enabled+0x22>
10002774:	6903      	ldr	r3, [r0, #16]
10002776:	6013      	str	r3, [r2, #0]
10002778:	6101      	str	r1, [r0, #16]
1000277a:	4770      	bx	lr
1000277c:	2900      	cmp	r1, #0
1000277e:	d0fc      	beq.n	1000277a <stdio_set_driver_enabled+0x22>
10002780:	6010      	str	r0, [r2, #0]
10002782:	e7fa      	b.n	1000277a <stdio_set_driver_enabled+0x22>
10002784:	20001be8 	.word	0x20001be8

10002788 <stdio_init_all>:
10002788:	b510      	push	{r4, lr}
1000278a:	f000 fa8d 	bl	10002ca8 <stdio_usb_init>
1000278e:	bd10      	pop	{r4, pc}

10002790 <__wrap_putchar>:
10002790:	b5f0      	push	{r4, r5, r6, r7, lr}
10002792:	46ce      	mov	lr, r9
10002794:	4647      	mov	r7, r8
10002796:	b580      	push	{r7, lr}
10002798:	b083      	sub	sp, #12
1000279a:	466b      	mov	r3, sp
1000279c:	0006      	movs	r6, r0
1000279e:	1ddd      	adds	r5, r3, #7
100027a0:	7028      	strb	r0, [r5, #0]
100027a2:	f7fe ffe1 	bl	10001768 <time_us_64>
100027a6:	2300      	movs	r3, #0
100027a8:	4a1a      	ldr	r2, [pc, #104]	@ (10002814 <__wrap_putchar+0x84>)
100027aa:	1812      	adds	r2, r2, r0
100027ac:	414b      	adcs	r3, r1
100027ae:	2180      	movs	r1, #128	@ 0x80
100027b0:	0609      	lsls	r1, r1, #24
100027b2:	428b      	cmp	r3, r1
100027b4:	d302      	bcc.n	100027bc <__wrap_putchar+0x2c>
100027b6:	2201      	movs	r2, #1
100027b8:	4b17      	ldr	r3, [pc, #92]	@ (10002818 <__wrap_putchar+0x88>)
100027ba:	4252      	negs	r2, r2
100027bc:	4917      	ldr	r1, [pc, #92]	@ (1000281c <__wrap_putchar+0x8c>)
100027be:	0008      	movs	r0, r1
100027c0:	4688      	mov	r8, r1
100027c2:	f004 ffd9 	bl	10007778 <__mutex_try_enter_block_until_veneer>
100027c6:	4b16      	ldr	r3, [pc, #88]	@ (10002820 <__wrap_putchar+0x90>)
100027c8:	4681      	mov	r9, r0
100027ca:	681c      	ldr	r4, [r3, #0]
100027cc:	2c00      	cmp	r4, #0
100027ce:	d014      	beq.n	100027fa <__wrap_putchar+0x6a>
100027d0:	4f14      	ldr	r7, [pc, #80]	@ (10002824 <__wrap_putchar+0x94>)
100027d2:	e002      	b.n	100027da <__wrap_putchar+0x4a>
100027d4:	6924      	ldr	r4, [r4, #16]
100027d6:	2c00      	cmp	r4, #0
100027d8:	d00f      	beq.n	100027fa <__wrap_putchar+0x6a>
100027da:	6823      	ldr	r3, [r4, #0]
100027dc:	2b00      	cmp	r3, #0
100027de:	d0f9      	beq.n	100027d4 <__wrap_putchar+0x44>
100027e0:	683b      	ldr	r3, [r7, #0]
100027e2:	2b00      	cmp	r3, #0
100027e4:	d001      	beq.n	100027ea <__wrap_putchar+0x5a>
100027e6:	429c      	cmp	r4, r3
100027e8:	d1f4      	bne.n	100027d4 <__wrap_putchar+0x44>
100027ea:	0020      	movs	r0, r4
100027ec:	2201      	movs	r2, #1
100027ee:	0029      	movs	r1, r5
100027f0:	f7ff fee8 	bl	100025c4 <stdio_out_chars_crlf>
100027f4:	6924      	ldr	r4, [r4, #16]
100027f6:	2c00      	cmp	r4, #0
100027f8:	d1ef      	bne.n	100027da <__wrap_putchar+0x4a>
100027fa:	464b      	mov	r3, r9
100027fc:	2b00      	cmp	r3, #0
100027fe:	d105      	bne.n	1000280c <__wrap_putchar+0x7c>
10002800:	0030      	movs	r0, r6
10002802:	b003      	add	sp, #12
10002804:	bcc0      	pop	{r6, r7}
10002806:	46b9      	mov	r9, r7
10002808:	46b0      	mov	r8, r6
1000280a:	bdf0      	pop	{r4, r5, r6, r7, pc}
1000280c:	4640      	mov	r0, r8
1000280e:	f004 ff8b 	bl	10007728 <__mutex_exit_veneer>
10002812:	e7f5      	b.n	10002800 <__wrap_putchar+0x70>
10002814:	000f4240 	.word	0x000f4240
10002818:	7fffffff 	.word	0x7fffffff
1000281c:	20001070 	.word	0x20001070
10002820:	20001be8 	.word	0x20001be8
10002824:	20001bf0 	.word	0x20001bf0

10002828 <__wrap_puts>:
10002828:	b570      	push	{r4, r5, r6, lr}
1000282a:	0004      	movs	r4, r0
1000282c:	f004 fee8 	bl	10007600 <strlen>
10002830:	2301      	movs	r3, #1
10002832:	0001      	movs	r1, r0
10002834:	0005      	movs	r5, r0
10002836:	2201      	movs	r2, #1
10002838:	0020      	movs	r0, r4
1000283a:	f7ff ff0d 	bl	10002658 <stdio_put_string>
1000283e:	4b08      	ldr	r3, [pc, #32]	@ (10002860 <__wrap_puts+0x38>)
10002840:	681c      	ldr	r4, [r3, #0]
10002842:	2c00      	cmp	r4, #0
10002844:	d006      	beq.n	10002854 <__wrap_puts+0x2c>
10002846:	6863      	ldr	r3, [r4, #4]
10002848:	2b00      	cmp	r3, #0
1000284a:	d005      	beq.n	10002858 <__wrap_puts+0x30>
1000284c:	4798      	blx	r3
1000284e:	6924      	ldr	r4, [r4, #16]
10002850:	2c00      	cmp	r4, #0
10002852:	d1f8      	bne.n	10002846 <__wrap_puts+0x1e>
10002854:	0028      	movs	r0, r5
10002856:	bd70      	pop	{r4, r5, r6, pc}
10002858:	6924      	ldr	r4, [r4, #16]
1000285a:	2c00      	cmp	r4, #0
1000285c:	d1f3      	bne.n	10002846 <__wrap_puts+0x1e>
1000285e:	e7f9      	b.n	10002854 <__wrap_puts+0x2c>
10002860:	20001be8 	.word	0x20001be8

10002864 <resetd_init>:
10002864:	4770      	bx	lr
10002866:	46c0      	nop			@ (mov r8, r8)

10002868 <resetd_reset>:
10002868:	2200      	movs	r2, #0
1000286a:	4b01      	ldr	r3, [pc, #4]	@ (10002870 <resetd_reset+0x8>)
1000286c:	701a      	strb	r2, [r3, #0]
1000286e:	4770      	bx	lr
10002870:	20022541 	.word	0x20022541

10002874 <resetd_open>:
10002874:	794b      	ldrb	r3, [r1, #5]
10002876:	2000      	movs	r0, #0
10002878:	2bff      	cmp	r3, #255	@ 0xff
1000287a:	d10b      	bne.n	10002894 <resetd_open+0x20>
1000287c:	798b      	ldrb	r3, [r1, #6]
1000287e:	2b00      	cmp	r3, #0
10002880:	d108      	bne.n	10002894 <resetd_open+0x20>
10002882:	79cb      	ldrb	r3, [r1, #7]
10002884:	2b01      	cmp	r3, #1
10002886:	d105      	bne.n	10002894 <resetd_open+0x20>
10002888:	2a08      	cmp	r2, #8
1000288a:	d903      	bls.n	10002894 <resetd_open+0x20>
1000288c:	4b02      	ldr	r3, [pc, #8]	@ (10002898 <resetd_open+0x24>)
1000288e:	788a      	ldrb	r2, [r1, #2]
10002890:	3009      	adds	r0, #9
10002892:	701a      	strb	r2, [r3, #0]
10002894:	4770      	bx	lr
10002896:	46c0      	nop			@ (mov r8, r8)
10002898:	20022541 	.word	0x20022541

1000289c <resetd_xfer_cb>:
1000289c:	2001      	movs	r0, #1
1000289e:	4770      	bx	lr

100028a0 <resetd_control_xfer_cb>:
100028a0:	b510      	push	{r4, lr}
100028a2:	2901      	cmp	r1, #1
100028a4:	d001      	beq.n	100028aa <resetd_control_xfer_cb+0xa>
100028a6:	2001      	movs	r0, #1
100028a8:	bd10      	pop	{r4, pc}
100028aa:	4913      	ldr	r1, [pc, #76]	@ (100028f8 <resetd_control_xfer_cb+0x58>)
100028ac:	7953      	ldrb	r3, [r2, #5]
100028ae:	7910      	ldrb	r0, [r2, #4]
100028b0:	7809      	ldrb	r1, [r1, #0]
100028b2:	021b      	lsls	r3, r3, #8
100028b4:	4303      	orrs	r3, r0
100028b6:	2000      	movs	r0, #0
100028b8:	4299      	cmp	r1, r3
100028ba:	d1f5      	bne.n	100028a8 <resetd_control_xfer_cb+0x8>
100028bc:	7853      	ldrb	r3, [r2, #1]
100028be:	2b01      	cmp	r3, #1
100028c0:	d008      	beq.n	100028d4 <resetd_control_xfer_cb+0x34>
100028c2:	2b02      	cmp	r3, #2
100028c4:	d1f0      	bne.n	100028a8 <resetd_control_xfer_cb+0x8>
100028c6:	2000      	movs	r0, #0
100028c8:	2264      	movs	r2, #100	@ 0x64
100028ca:	2100      	movs	r1, #0
100028cc:	f7ff f8ac 	bl	10001a28 <watchdog_reboot>
100028d0:	2001      	movs	r0, #1
100028d2:	e7e9      	b.n	100028a8 <resetd_control_xfer_cb+0x8>
100028d4:	78d3      	ldrb	r3, [r2, #3]
100028d6:	7891      	ldrb	r1, [r2, #2]
100028d8:	021b      	lsls	r3, r3, #8
100028da:	4319      	orrs	r1, r3
100028dc:	05db      	lsls	r3, r3, #23
100028de:	d507      	bpl.n	100028f0 <resetd_control_xfer_cb+0x50>
100028e0:	0a4a      	lsrs	r2, r1, #9
100028e2:	0010      	movs	r0, r2
100028e4:	2301      	movs	r3, #1
100028e6:	401a      	ands	r2, r3
100028e8:	337e      	adds	r3, #126	@ 0x7e
100028ea:	4019      	ands	r1, r3
100028ec:	f7ff f924 	bl	10001b38 <rom_reset_usb_boot_extra>
100028f0:	2001      	movs	r0, #1
100028f2:	0a4a      	lsrs	r2, r1, #9
100028f4:	4240      	negs	r0, r0
100028f6:	e7f5      	b.n	100028e4 <resetd_control_xfer_cb+0x44>
100028f8:	20022541 	.word	0x20022541

100028fc <tud_descriptor_bos_cb>:
100028fc:	4800      	ldr	r0, [pc, #0]	@ (10002900 <tud_descriptor_bos_cb+0x4>)
100028fe:	4770      	bx	lr
10002900:	10007b64 	.word	0x10007b64

10002904 <tud_vendor_control_xfer_cb>:
10002904:	b570      	push	{r4, r5, r6, lr}
10002906:	0005      	movs	r5, r0
10002908:	0014      	movs	r4, r2
1000290a:	2001      	movs	r0, #1
1000290c:	2901      	cmp	r1, #1
1000290e:	d109      	bne.n	10002924 <tud_vendor_control_xfer_cb+0x20>
10002910:	7853      	ldrb	r3, [r2, #1]
10002912:	2000      	movs	r0, #0
10002914:	2b01      	cmp	r3, #1
10002916:	d105      	bne.n	10002924 <tud_vendor_control_xfer_cb+0x20>
10002918:	7963      	ldrb	r3, [r4, #5]
1000291a:	7912      	ldrb	r2, [r2, #4]
1000291c:	021b      	lsls	r3, r3, #8
1000291e:	4313      	orrs	r3, r2
10002920:	2b07      	cmp	r3, #7
10002922:	d000      	beq.n	10002926 <tud_vendor_control_xfer_cb+0x22>
10002924:	bd70      	pop	{r4, r5, r6, pc}
10002926:	0021      	movs	r1, r4
10002928:	0028      	movs	r0, r5
1000292a:	4a02      	ldr	r2, [pc, #8]	@ (10002934 <tud_vendor_control_xfer_cb+0x30>)
1000292c:	339f      	adds	r3, #159	@ 0x9f
1000292e:	f001 fa5f 	bl	10003df0 <tud_control_xfer>
10002932:	e7f7      	b.n	10002924 <tud_vendor_control_xfer_cb+0x20>
10002934:	10007abc 	.word	0x10007abc

10002938 <usbd_app_driver_get_cb>:
10002938:	2301      	movs	r3, #1
1000293a:	7003      	strb	r3, [r0, #0]
1000293c:	4800      	ldr	r0, [pc, #0]	@ (10002940 <usbd_app_driver_get_cb+0x8>)
1000293e:	4770      	bx	lr
10002940:	10007a9c 	.word	0x10007a9c

10002944 <tud_cdc_line_coding_cb>:
10002944:	784b      	ldrb	r3, [r1, #1]
10002946:	780a      	ldrb	r2, [r1, #0]
10002948:	021b      	lsls	r3, r3, #8
1000294a:	4313      	orrs	r3, r2
1000294c:	788a      	ldrb	r2, [r1, #2]
1000294e:	b510      	push	{r4, lr}
10002950:	0412      	lsls	r2, r2, #16
10002952:	431a      	orrs	r2, r3
10002954:	78cb      	ldrb	r3, [r1, #3]
10002956:	061b      	lsls	r3, r3, #24
10002958:	4313      	orrs	r3, r2
1000295a:	2296      	movs	r2, #150	@ 0x96
1000295c:	00d2      	lsls	r2, r2, #3
1000295e:	4293      	cmp	r3, r2
10002960:	d000      	beq.n	10002964 <tud_cdc_line_coding_cb+0x20>
10002962:	bd10      	pop	{r4, pc}
10002964:	2200      	movs	r2, #0
10002966:	2001      	movs	r0, #1
10002968:	0011      	movs	r1, r2
1000296a:	4240      	negs	r0, r0
1000296c:	f7ff f8e4 	bl	10001b38 <rom_reset_usb_boot_extra>

10002970 <stdio_usb_set_chars_available_callback>:
10002970:	4b02      	ldr	r3, [pc, #8]	@ (1000297c <stdio_usb_set_chars_available_callback+0xc>)
10002972:	6018      	str	r0, [r3, #0]
10002974:	4b02      	ldr	r3, [pc, #8]	@ (10002980 <stdio_usb_set_chars_available_callback+0x10>)
10002976:	6019      	str	r1, [r3, #0]
10002978:	4770      	bx	lr
1000297a:	46c0      	nop			@ (mov r8, r8)
1000297c:	20001b88 	.word	0x20001b88
10002980:	20001b8c 	.word	0x20001b8c

10002984 <usb_irq>:
10002984:	b510      	push	{r4, lr}
10002986:	4b02      	ldr	r3, [pc, #8]	@ (10002990 <usb_irq+0xc>)
10002988:	7818      	ldrb	r0, [r3, #0]
1000298a:	f7fe f8c3 	bl	10000b14 <irq_set_pending>
1000298e:	bd10      	pop	{r4, pc}
10002990:	20022542 	.word	0x20022542

10002994 <timer_task>:
10002994:	4b15      	ldr	r3, [pc, #84]	@ (100029ec <timer_task+0x58>)
10002996:	b570      	push	{r4, r5, r6, lr}
10002998:	681a      	ldr	r2, [r3, #0]
1000299a:	2a00      	cmp	r2, #0
1000299c:	d022      	beq.n	100029e4 <timer_task+0x50>
1000299e:	f3ef 8110 	mrs	r1, PRIMASK
100029a2:	b672      	cpsid	i
100029a4:	6810      	ldr	r0, [r2, #0]
100029a6:	2800      	cmp	r0, #0
100029a8:	d0fc      	beq.n	100029a4 <timer_task+0x10>
100029aa:	f3bf 8f5f 	dmb	sy
100029ae:	2000      	movs	r0, #0
100029b0:	4a0f      	ldr	r2, [pc, #60]	@ (100029f0 <timer_task+0x5c>)
100029b2:	6059      	str	r1, [r3, #4]
100029b4:	7010      	strb	r0, [r2, #0]
100029b6:	681b      	ldr	r3, [r3, #0]
100029b8:	f3bf 8f5f 	dmb	sy
100029bc:	6018      	str	r0, [r3, #0]
100029be:	f381 8810 	msr	PRIMASK, r1
100029c2:	2400      	movs	r4, #0
100029c4:	2500      	movs	r5, #0
100029c6:	4e0b      	ldr	r6, [pc, #44]	@ (100029f4 <timer_task+0x60>)
100029c8:	7830      	ldrb	r0, [r6, #0]
100029ca:	f7fe f897 	bl	10000afc <irq_is_enabled>
100029ce:	2800      	cmp	r0, #0
100029d0:	d104      	bne.n	100029dc <timer_task+0x48>
100029d2:	2400      	movs	r4, #0
100029d4:	2500      	movs	r5, #0
100029d6:	0029      	movs	r1, r5
100029d8:	0020      	movs	r0, r4
100029da:	bd70      	pop	{r4, r5, r6, pc}
100029dc:	7830      	ldrb	r0, [r6, #0]
100029de:	f7fe f899 	bl	10000b14 <irq_set_pending>
100029e2:	e7f8      	b.n	100029d6 <timer_task+0x42>
100029e4:	24fa      	movs	r4, #250	@ 0xfa
100029e6:	2500      	movs	r5, #0
100029e8:	00a4      	lsls	r4, r4, #2
100029ea:	e7ec      	b.n	100029c6 <timer_task+0x32>
100029ec:	20002008 	.word	0x20002008
100029f0:	20022544 	.word	0x20022544
100029f4:	20022542 	.word	0x20022542

100029f8 <stdio_usb_in_chars>:
100029f8:	b570      	push	{r4, r5, r6, lr}
100029fa:	0004      	movs	r4, r0
100029fc:	2000      	movs	r0, #0
100029fe:	000e      	movs	r6, r1
10002a00:	f001 fb16 	bl	10004030 <tud_cdc_n_connected>
10002a04:	2800      	cmp	r0, #0
10002a06:	d036      	beq.n	10002a76 <stdio_usb_in_chars+0x7e>
10002a08:	2000      	movs	r0, #0
10002a0a:	f001 fb27 	bl	1000405c <tud_cdc_n_available>
10002a0e:	2800      	cmp	r0, #0
10002a10:	d031      	beq.n	10002a76 <stdio_usb_in_chars+0x7e>
10002a12:	f7fe fea9 	bl	10001768 <time_us_64>
10002a16:	2300      	movs	r3, #0
10002a18:	4a18      	ldr	r2, [pc, #96]	@ (10002a7c <stdio_usb_in_chars+0x84>)
10002a1a:	1812      	adds	r2, r2, r0
10002a1c:	414b      	adcs	r3, r1
10002a1e:	2180      	movs	r1, #128	@ 0x80
10002a20:	0609      	lsls	r1, r1, #24
10002a22:	428b      	cmp	r3, r1
10002a24:	d216      	bcs.n	10002a54 <stdio_usb_in_chars+0x5c>
10002a26:	4d16      	ldr	r5, [pc, #88]	@ (10002a80 <stdio_usb_in_chars+0x88>)
10002a28:	0028      	movs	r0, r5
10002a2a:	f004 fea5 	bl	10007778 <__mutex_try_enter_block_until_veneer>
10002a2e:	2800      	cmp	r0, #0
10002a30:	d021      	beq.n	10002a76 <stdio_usb_in_chars+0x7e>
10002a32:	2000      	movs	r0, #0
10002a34:	f001 fafc 	bl	10004030 <tud_cdc_n_connected>
10002a38:	2800      	cmp	r0, #0
10002a3a:	d10f      	bne.n	10002a5c <stdio_usb_in_chars+0x64>
10002a3c:	2001      	movs	r0, #1
10002a3e:	2100      	movs	r1, #0
10002a40:	4240      	negs	r0, r0
10002a42:	f000 fd09 	bl	10003458 <tud_task_ext>
10002a46:	2403      	movs	r4, #3
10002a48:	4264      	negs	r4, r4
10002a4a:	0028      	movs	r0, r5
10002a4c:	f004 fe6c 	bl	10007728 <__mutex_exit_veneer>
10002a50:	0020      	movs	r0, r4
10002a52:	bd70      	pop	{r4, r5, r6, pc}
10002a54:	2201      	movs	r2, #1
10002a56:	4b0b      	ldr	r3, [pc, #44]	@ (10002a84 <stdio_usb_in_chars+0x8c>)
10002a58:	4252      	negs	r2, r2
10002a5a:	e7e4      	b.n	10002a26 <stdio_usb_in_chars+0x2e>
10002a5c:	2000      	movs	r0, #0
10002a5e:	f001 fafd 	bl	1000405c <tud_cdc_n_available>
10002a62:	2800      	cmp	r0, #0
10002a64:	d0ea      	beq.n	10002a3c <stdio_usb_in_chars+0x44>
10002a66:	0021      	movs	r1, r4
10002a68:	0032      	movs	r2, r6
10002a6a:	2000      	movs	r0, #0
10002a6c:	f001 fb00 	bl	10004070 <tud_cdc_n_read>
10002a70:	1e04      	subs	r4, r0, #0
10002a72:	d1ea      	bne.n	10002a4a <stdio_usb_in_chars+0x52>
10002a74:	e7e7      	b.n	10002a46 <stdio_usb_in_chars+0x4e>
10002a76:	2403      	movs	r4, #3
10002a78:	4264      	negs	r4, r4
10002a7a:	e7e9      	b.n	10002a50 <stdio_usb_in_chars+0x58>
10002a7c:	000f4240 	.word	0x000f4240
10002a80:	20002430 	.word	0x20002430
10002a84:	7fffffff 	.word	0x7fffffff

10002a88 <stdio_usb_out_flush>:
10002a88:	b510      	push	{r4, lr}
10002a8a:	f7fe fe6d 	bl	10001768 <time_us_64>
10002a8e:	2300      	movs	r3, #0
10002a90:	4a0e      	ldr	r2, [pc, #56]	@ (10002acc <stdio_usb_out_flush+0x44>)
10002a92:	1812      	adds	r2, r2, r0
10002a94:	414b      	adcs	r3, r1
10002a96:	2180      	movs	r1, #128	@ 0x80
10002a98:	0609      	lsls	r1, r1, #24
10002a9a:	428b      	cmp	r3, r1
10002a9c:	d302      	bcc.n	10002aa4 <stdio_usb_out_flush+0x1c>
10002a9e:	2201      	movs	r2, #1
10002aa0:	4b0b      	ldr	r3, [pc, #44]	@ (10002ad0 <stdio_usb_out_flush+0x48>)
10002aa2:	4252      	negs	r2, r2
10002aa4:	4c0b      	ldr	r4, [pc, #44]	@ (10002ad4 <stdio_usb_out_flush+0x4c>)
10002aa6:	0020      	movs	r0, r4
10002aa8:	f004 fe66 	bl	10007778 <__mutex_try_enter_block_until_veneer>
10002aac:	2800      	cmp	r0, #0
10002aae:	d00c      	beq.n	10002aca <stdio_usb_out_flush+0x42>
10002ab0:	2001      	movs	r0, #1
10002ab2:	2100      	movs	r1, #0
10002ab4:	4240      	negs	r0, r0
10002ab6:	f000 fccf 	bl	10003458 <tud_task_ext>
10002aba:	2000      	movs	r0, #0
10002abc:	f001 fb22 	bl	10004104 <tud_cdc_n_write_flush>
10002ac0:	2800      	cmp	r0, #0
10002ac2:	d1f5      	bne.n	10002ab0 <stdio_usb_out_flush+0x28>
10002ac4:	0020      	movs	r0, r4
10002ac6:	f004 fe2f 	bl	10007728 <__mutex_exit_veneer>
10002aca:	bd10      	pop	{r4, pc}
10002acc:	000f4240 	.word	0x000f4240
10002ad0:	7fffffff 	.word	0x7fffffff
10002ad4:	20002430 	.word	0x20002430

10002ad8 <stdio_usb_out_chars>:
10002ad8:	b5f8      	push	{r3, r4, r5, r6, r7, lr}
10002ada:	46de      	mov	lr, fp
10002adc:	4657      	mov	r7, sl
10002ade:	b580      	push	{r7, lr}
10002ae0:	0005      	movs	r5, r0
10002ae2:	000c      	movs	r4, r1
10002ae4:	f7fe fe40 	bl	10001768 <time_us_64>
10002ae8:	2300      	movs	r3, #0
10002aea:	4a37      	ldr	r2, [pc, #220]	@ (10002bc8 <stdio_usb_out_chars+0xf0>)
10002aec:	1812      	adds	r2, r2, r0
10002aee:	414b      	adcs	r3, r1
10002af0:	2180      	movs	r1, #128	@ 0x80
10002af2:	0609      	lsls	r1, r1, #24
10002af4:	428b      	cmp	r3, r1
10002af6:	d302      	bcc.n	10002afe <stdio_usb_out_chars+0x26>
10002af8:	2201      	movs	r2, #1
10002afa:	4b34      	ldr	r3, [pc, #208]	@ (10002bcc <stdio_usb_out_chars+0xf4>)
10002afc:	4252      	negs	r2, r2
10002afe:	4934      	ldr	r1, [pc, #208]	@ (10002bd0 <stdio_usb_out_chars+0xf8>)
10002b00:	0008      	movs	r0, r1
10002b02:	468a      	mov	sl, r1
10002b04:	f004 fe38 	bl	10007778 <__mutex_try_enter_block_until_veneer>
10002b08:	2800      	cmp	r0, #0
10002b0a:	d103      	bne.n	10002b14 <stdio_usb_out_chars+0x3c>
10002b0c:	bcc0      	pop	{r6, r7}
10002b0e:	46bb      	mov	fp, r7
10002b10:	46b2      	mov	sl, r6
10002b12:	bdf8      	pop	{r3, r4, r5, r6, r7, pc}
10002b14:	2000      	movs	r0, #0
10002b16:	f001 fa8b 	bl	10004030 <tud_cdc_n_connected>
10002b1a:	2800      	cmp	r0, #0
10002b1c:	d04a      	beq.n	10002bb4 <stdio_usb_out_chars+0xdc>
10002b1e:	2600      	movs	r6, #0
10002b20:	2c00      	cmp	r4, #0
10002b22:	dd43      	ble.n	10002bac <stdio_usb_out_chars+0xd4>
10002b24:	4b2b      	ldr	r3, [pc, #172]	@ (10002bd4 <stdio_usb_out_chars+0xfc>)
10002b26:	469b      	mov	fp, r3
10002b28:	e014      	b.n	10002b54 <stdio_usb_out_chars+0x7c>
10002b2a:	19a9      	adds	r1, r5, r6
10002b2c:	2000      	movs	r0, #0
10002b2e:	f001 fb23 	bl	10004178 <tud_cdc_n_write>
10002b32:	0007      	movs	r7, r0
10002b34:	2001      	movs	r0, #1
10002b36:	2100      	movs	r1, #0
10002b38:	4240      	negs	r0, r0
10002b3a:	f000 fc8d 	bl	10003458 <tud_task_ext>
10002b3e:	2000      	movs	r0, #0
10002b40:	f001 fae0 	bl	10004104 <tud_cdc_n_write_flush>
10002b44:	f7fe fe10 	bl	10001768 <time_us_64>
10002b48:	4b22      	ldr	r3, [pc, #136]	@ (10002bd4 <stdio_usb_out_chars+0xfc>)
10002b4a:	19f6      	adds	r6, r6, r7
10002b4c:	6018      	str	r0, [r3, #0]
10002b4e:	6059      	str	r1, [r3, #4]
10002b50:	42b4      	cmp	r4, r6
10002b52:	dd2b      	ble.n	10002bac <stdio_usb_out_chars+0xd4>
10002b54:	2000      	movs	r0, #0
10002b56:	f001 fb2f 	bl	100041b8 <tud_cdc_n_write_available>
10002b5a:	1ba7      	subs	r7, r4, r6
10002b5c:	0002      	movs	r2, r0
10002b5e:	42b8      	cmp	r0, r7
10002b60:	dd00      	ble.n	10002b64 <stdio_usb_out_chars+0x8c>
10002b62:	003a      	movs	r2, r7
10002b64:	2a00      	cmp	r2, #0
10002b66:	d1e0      	bne.n	10002b2a <stdio_usb_out_chars+0x52>
10002b68:	2001      	movs	r0, #1
10002b6a:	2100      	movs	r1, #0
10002b6c:	4240      	negs	r0, r0
10002b6e:	f000 fc73 	bl	10003458 <tud_task_ext>
10002b72:	2000      	movs	r0, #0
10002b74:	f001 fac6 	bl	10004104 <tud_cdc_n_write_flush>
10002b78:	2000      	movs	r0, #0
10002b7a:	f001 fa59 	bl	10004030 <tud_cdc_n_connected>
10002b7e:	2800      	cmp	r0, #0
10002b80:	d014      	beq.n	10002bac <stdio_usb_out_chars+0xd4>
10002b82:	2000      	movs	r0, #0
10002b84:	f001 fb18 	bl	100041b8 <tud_cdc_n_write_available>
10002b88:	2800      	cmp	r0, #0
10002b8a:	d1e1      	bne.n	10002b50 <stdio_usb_out_chars+0x78>
10002b8c:	f7fe fdec 	bl	10001768 <time_us_64>
10002b90:	465b      	mov	r3, fp
10002b92:	000f      	movs	r7, r1
10002b94:	681a      	ldr	r2, [r3, #0]
10002b96:	685b      	ldr	r3, [r3, #4]
10002b98:	2100      	movs	r1, #0
10002b9a:	4684      	mov	ip, r0
10002b9c:	480e      	ldr	r0, [pc, #56]	@ (10002bd8 <stdio_usb_out_chars+0x100>)
10002b9e:	1812      	adds	r2, r2, r0
10002ba0:	414b      	adcs	r3, r1
10002ba2:	429f      	cmp	r7, r3
10002ba4:	d802      	bhi.n	10002bac <stdio_usb_out_chars+0xd4>
10002ba6:	d1d3      	bne.n	10002b50 <stdio_usb_out_chars+0x78>
10002ba8:	4594      	cmp	ip, r2
10002baa:	d9d1      	bls.n	10002b50 <stdio_usb_out_chars+0x78>
10002bac:	4650      	mov	r0, sl
10002bae:	f004 fdbb 	bl	10007728 <__mutex_exit_veneer>
10002bb2:	e7ab      	b.n	10002b0c <stdio_usb_out_chars+0x34>
10002bb4:	2000      	movs	r0, #0
10002bb6:	2100      	movs	r1, #0
10002bb8:	4b06      	ldr	r3, [pc, #24]	@ (10002bd4 <stdio_usb_out_chars+0xfc>)
10002bba:	6018      	str	r0, [r3, #0]
10002bbc:	6059      	str	r1, [r3, #4]
10002bbe:	4650      	mov	r0, sl
10002bc0:	f004 fdb2 	bl	10007728 <__mutex_exit_veneer>
10002bc4:	e7a2      	b.n	10002b0c <stdio_usb_out_chars+0x34>
10002bc6:	46c0      	nop			@ (mov r8, r8)
10002bc8:	000f4240 	.word	0x000f4240
10002bcc:	7fffffff 	.word	0x7fffffff
10002bd0:	20002430 	.word	0x20002430
10002bd4:	200011f8 	.word	0x200011f8
10002bd8:	0007a120 	.word	0x0007a120

10002bdc <low_priority_worker_irq>:
10002bdc:	b530      	push	{r4, r5, lr}
10002bde:	4c2b      	ldr	r4, [pc, #172]	@ (10002c8c <low_priority_worker_irq+0xb0>)
10002be0:	b085      	sub	sp, #20
10002be2:	2100      	movs	r1, #0
10002be4:	0020      	movs	r0, r4
10002be6:	f004 fdb7 	bl	10007758 <__mutex_try_enter_veneer>
10002bea:	2800      	cmp	r0, #0
10002bec:	d11c      	bne.n	10002c28 <low_priority_worker_irq+0x4c>
10002bee:	4b28      	ldr	r3, [pc, #160]	@ (10002c90 <low_priority_worker_irq+0xb4>)
10002bf0:	681a      	ldr	r2, [r3, #0]
10002bf2:	2a00      	cmp	r2, #0
10002bf4:	d016      	beq.n	10002c24 <low_priority_worker_irq+0x48>
10002bf6:	f3ef 8110 	mrs	r1, PRIMASK
10002bfa:	b672      	cpsid	i
10002bfc:	6810      	ldr	r0, [r2, #0]
10002bfe:	2800      	cmp	r0, #0
10002c00:	d0fc      	beq.n	10002bfc <low_priority_worker_irq+0x20>
10002c02:	f3bf 8f5f 	dmb	sy
10002c06:	2401      	movs	r4, #1
10002c08:	4822      	ldr	r0, [pc, #136]	@ (10002c94 <low_priority_worker_irq+0xb8>)
10002c0a:	6059      	str	r1, [r3, #4]
10002c0c:	7802      	ldrb	r2, [r0, #0]
10002c0e:	681b      	ldr	r3, [r3, #0]
10002c10:	b2d2      	uxtb	r2, r2
10002c12:	7004      	strb	r4, [r0, #0]
10002c14:	f3bf 8f5f 	dmb	sy
10002c18:	2000      	movs	r0, #0
10002c1a:	6018      	str	r0, [r3, #0]
10002c1c:	f381 8810 	msr	PRIMASK, r1
10002c20:	2a00      	cmp	r2, #0
10002c22:	d017      	beq.n	10002c54 <low_priority_worker_irq+0x78>
10002c24:	b005      	add	sp, #20
10002c26:	bd30      	pop	{r4, r5, pc}
10002c28:	2001      	movs	r0, #1
10002c2a:	2100      	movs	r1, #0
10002c2c:	4240      	negs	r0, r0
10002c2e:	f000 fc13 	bl	10003458 <tud_task_ext>
10002c32:	2000      	movs	r0, #0
10002c34:	f001 fa12 	bl	1000405c <tud_cdc_n_available>
10002c38:	0005      	movs	r5, r0
10002c3a:	0020      	movs	r0, r4
10002c3c:	f004 fd74 	bl	10007728 <__mutex_exit_veneer>
10002c40:	2d00      	cmp	r5, #0
10002c42:	d0ef      	beq.n	10002c24 <low_priority_worker_irq+0x48>
10002c44:	4b14      	ldr	r3, [pc, #80]	@ (10002c98 <low_priority_worker_irq+0xbc>)
10002c46:	681b      	ldr	r3, [r3, #0]
10002c48:	2b00      	cmp	r3, #0
10002c4a:	d0eb      	beq.n	10002c24 <low_priority_worker_irq+0x48>
10002c4c:	4a13      	ldr	r2, [pc, #76]	@ (10002c9c <low_priority_worker_irq+0xc0>)
10002c4e:	6810      	ldr	r0, [r2, #0]
10002c50:	4798      	blx	r3
10002c52:	e7e7      	b.n	10002c24 <low_priority_worker_irq+0x48>
10002c54:	f7fe fb76 	bl	10001344 <alarm_pool_get_default>
10002c58:	0004      	movs	r4, r0
10002c5a:	f7fe fd85 	bl	10001768 <time_us_64>
10002c5e:	22fa      	movs	r2, #250	@ 0xfa
10002c60:	2300      	movs	r3, #0
10002c62:	0092      	lsls	r2, r2, #2
10002c64:	1812      	adds	r2, r2, r0
10002c66:	414b      	adcs	r3, r1
10002c68:	2180      	movs	r1, #128	@ 0x80
10002c6a:	0609      	lsls	r1, r1, #24
10002c6c:	428b      	cmp	r3, r1
10002c6e:	d302      	bcc.n	10002c76 <low_priority_worker_irq+0x9a>
10002c70:	2201      	movs	r2, #1
10002c72:	4b0b      	ldr	r3, [pc, #44]	@ (10002ca0 <low_priority_worker_irq+0xc4>)
10002c74:	4252      	negs	r2, r2
10002c76:	2101      	movs	r1, #1
10002c78:	9102      	str	r1, [sp, #8]
10002c7a:	2100      	movs	r1, #0
10002c7c:	9101      	str	r1, [sp, #4]
10002c7e:	4909      	ldr	r1, [pc, #36]	@ (10002ca4 <low_priority_worker_irq+0xc8>)
10002c80:	0020      	movs	r0, r4
10002c82:	9100      	str	r1, [sp, #0]
10002c84:	f7fe fb62 	bl	1000134c <alarm_pool_add_alarm_at>
10002c88:	e7cc      	b.n	10002c24 <low_priority_worker_irq+0x48>
10002c8a:	46c0      	nop			@ (mov r8, r8)
10002c8c:	20002430 	.word	0x20002430
10002c90:	20002008 	.word	0x20002008
10002c94:	20022544 	.word	0x20022544
10002c98:	20001b88 	.word	0x20001b88
10002c9c:	20001b8c 	.word	0x20001b8c
10002ca0:	7fffffff 	.word	0x7fffffff
10002ca4:	10002995 	.word	0x10002995

10002ca8 <stdio_usb_init>:
10002ca8:	23d0      	movs	r3, #208	@ 0xd0
10002caa:	b510      	push	{r4, lr}
10002cac:	061b      	lsls	r3, r3, #24
10002cae:	b084      	sub	sp, #16
10002cb0:	681c      	ldr	r4, [r3, #0]
10002cb2:	f7fe fb47 	bl	10001344 <alarm_pool_get_default>
10002cb6:	f7fe fc45 	bl	10001544 <alarm_pool_core_num>
10002cba:	42a0      	cmp	r0, r4
10002cbc:	d002      	beq.n	10002cc4 <stdio_usb_init+0x1c>
10002cbe:	2000      	movs	r0, #0
10002cc0:	b004      	add	sp, #16
10002cc2:	bd10      	pop	{r4, pc}
10002cc4:	4b2a      	ldr	r3, [pc, #168]	@ (10002d70 <stdio_usb_init+0xc8>)
10002cc6:	2100      	movs	r1, #0
10002cc8:	2000      	movs	r0, #0
10002cca:	781b      	ldrb	r3, [r3, #0]
10002ccc:	f001 fd70 	bl	100047b0 <tusb_rhport_init>
10002cd0:	4828      	ldr	r0, [pc, #160]	@ (10002d74 <stdio_usb_init+0xcc>)
10002cd2:	6803      	ldr	r3, [r0, #0]
10002cd4:	2b00      	cmp	r3, #0
10002cd6:	d047      	beq.n	10002d68 <stdio_usb_init+0xc0>
10002cd8:	2001      	movs	r0, #1
10002cda:	f7fe f8c7 	bl	10000e6c <user_irq_claim_unused>
10002cde:	23ff      	movs	r3, #255	@ 0xff
10002ce0:	4c25      	ldr	r4, [pc, #148]	@ (10002d78 <stdio_usb_init+0xd0>)
10002ce2:	4926      	ldr	r1, [pc, #152]	@ (10002d7c <stdio_usb_init+0xd4>)
10002ce4:	7020      	strb	r0, [r4, #0]
10002ce6:	4018      	ands	r0, r3
10002ce8:	f7fd ff2e 	bl	10000b48 <irq_set_exclusive_handler>
10002cec:	7820      	ldrb	r0, [r4, #0]
10002cee:	2101      	movs	r1, #1
10002cf0:	f7fd fef2 	bl	10000ad8 <irq_set_enabled>
10002cf4:	2005      	movs	r0, #5
10002cf6:	f7fd ff15 	bl	10000b24 <irq_has_shared_handler>
10002cfa:	2800      	cmp	r0, #0
10002cfc:	d126      	bne.n	10002d4c <stdio_usb_init+0xa4>
10002cfe:	2208      	movs	r2, #8
10002d00:	2100      	movs	r1, #0
10002d02:	481f      	ldr	r0, [pc, #124]	@ (10002d80 <stdio_usb_init+0xd8>)
10002d04:	f7ff fc0e 	bl	10002524 <__wrap_memset>
10002d08:	f7fe fb1c 	bl	10001344 <alarm_pool_get_default>
10002d0c:	0004      	movs	r4, r0
10002d0e:	f7fe fd2b 	bl	10001768 <time_us_64>
10002d12:	22fa      	movs	r2, #250	@ 0xfa
10002d14:	2300      	movs	r3, #0
10002d16:	0092      	lsls	r2, r2, #2
10002d18:	1812      	adds	r2, r2, r0
10002d1a:	414b      	adcs	r3, r1
10002d1c:	2180      	movs	r1, #128	@ 0x80
10002d1e:	0609      	lsls	r1, r1, #24
10002d20:	428b      	cmp	r3, r1
10002d22:	d302      	bcc.n	10002d2a <stdio_usb_init+0x82>
10002d24:	2201      	movs	r2, #1
10002d26:	4b17      	ldr	r3, [pc, #92]	@ (10002d84 <stdio_usb_init+0xdc>)
10002d28:	4252      	negs	r2, r2
10002d2a:	2101      	movs	r1, #1
10002d2c:	9102      	str	r1, [sp, #8]
10002d2e:	2100      	movs	r1, #0
10002d30:	9101      	str	r1, [sp, #4]
10002d32:	4915      	ldr	r1, [pc, #84]	@ (10002d88 <stdio_usb_init+0xe0>)
10002d34:	0020      	movs	r0, r4
10002d36:	9100      	str	r1, [sp, #0]
10002d38:	f7fe fb08 	bl	1000134c <alarm_pool_add_alarm_at>
10002d3c:	2800      	cmp	r0, #0
10002d3e:	dbbe      	blt.n	10002cbe <stdio_usb_init+0x16>
10002d40:	4812      	ldr	r0, [pc, #72]	@ (10002d8c <stdio_usb_init+0xe4>)
10002d42:	2101      	movs	r1, #1
10002d44:	f7ff fd08 	bl	10002758 <stdio_set_driver_enabled>
10002d48:	2001      	movs	r0, #1
10002d4a:	e7b9      	b.n	10002cc0 <stdio_usb_init+0x18>
10002d4c:	2001      	movs	r0, #1
10002d4e:	f7fd fe91 	bl	10000a74 <spin_lock_claim_unused>
10002d52:	4b0b      	ldr	r3, [pc, #44]	@ (10002d80 <stdio_usb_init+0xd8>)
10002d54:	0001      	movs	r1, r0
10002d56:	0018      	movs	r0, r3
10002d58:	f7fe f8ec 	bl	10000f34 <critical_section_init_with_lock_num>
10002d5c:	2200      	movs	r2, #0
10002d5e:	2005      	movs	r0, #5
10002d60:	490b      	ldr	r1, [pc, #44]	@ (10002d90 <stdio_usb_init+0xe8>)
10002d62:	f7fd ff1b 	bl	10000b9c <irq_add_shared_handler>
10002d66:	e7eb      	b.n	10002d40 <stdio_usb_init+0x98>
10002d68:	f7fe f8c8 	bl	10000efc <mutex_init>
10002d6c:	e7b4      	b.n	10002cd8 <stdio_usb_init+0x30>
10002d6e:	46c0      	nop			@ (mov r8, r8)
10002d70:	10007d44 	.word	0x10007d44
10002d74:	20002430 	.word	0x20002430
10002d78:	20022542 	.word	0x20022542
10002d7c:	10002bdd 	.word	0x10002bdd
10002d80:	20002008 	.word	0x20002008
10002d84:	7fffffff 	.word	0x7fffffff
10002d88:	10002995 	.word	0x10002995
10002d8c:	20001030 	.word	0x20001030
10002d90:	10002985 	.word	0x10002985

10002d94 <tud_descriptor_device_cb>:
10002d94:	4800      	ldr	r0, [pc, #0]	@ (10002d98 <tud_descriptor_device_cb+0x4>)
10002d96:	4770      	bx	lr
10002d98:	10007c00 	.word	0x10007c00

10002d9c <tud_descriptor_configuration_cb>:
10002d9c:	4800      	ldr	r0, [pc, #0]	@ (10002da0 <tud_descriptor_configuration_cb+0x4>)
10002d9e:	4770      	bx	lr
10002da0:	10007bac 	.word	0x10007bac

10002da4 <tud_descriptor_string_cb>:
10002da4:	b510      	push	{r4, lr}
10002da6:	0004      	movs	r4, r0
10002da8:	4817      	ldr	r0, [pc, #92]	@ (10002e08 <tud_descriptor_string_cb+0x64>)
10002daa:	7803      	ldrb	r3, [r0, #0]
10002dac:	2b00      	cmp	r3, #0
10002dae:	d020      	beq.n	10002df2 <tud_descriptor_string_cb+0x4e>
10002db0:	2c00      	cmp	r4, #0
10002db2:	d106      	bne.n	10002dc2 <tud_descriptor_string_cb+0x1e>
10002db4:	4b15      	ldr	r3, [pc, #84]	@ (10002e0c <tud_descriptor_string_cb+0x68>)
10002db6:	4816      	ldr	r0, [pc, #88]	@ (10002e10 <tud_descriptor_string_cb+0x6c>)
10002db8:	8043      	strh	r3, [r0, #2]
10002dba:	3b06      	subs	r3, #6
10002dbc:	3bff      	subs	r3, #255	@ 0xff
10002dbe:	8003      	strh	r3, [r0, #0]
10002dc0:	bd10      	pop	{r4, pc}
10002dc2:	2c05      	cmp	r4, #5
10002dc4:	d819      	bhi.n	10002dfa <tud_descriptor_string_cb+0x56>
10002dc6:	4b13      	ldr	r3, [pc, #76]	@ (10002e14 <tud_descriptor_string_cb+0x70>)
10002dc8:	00a4      	lsls	r4, r4, #2
10002dca:	58e0      	ldr	r0, [r4, r3]
10002dcc:	4912      	ldr	r1, [pc, #72]	@ (10002e18 <tud_descriptor_string_cb+0x74>)
10002dce:	2301      	movs	r3, #1
10002dd0:	3801      	subs	r0, #1
10002dd2:	e004      	b.n	10002dde <tud_descriptor_string_cb+0x3a>
10002dd4:	3301      	adds	r3, #1
10002dd6:	800a      	strh	r2, [r1, #0]
10002dd8:	3102      	adds	r1, #2
10002dda:	2b14      	cmp	r3, #20
10002ddc:	d00f      	beq.n	10002dfe <tud_descriptor_string_cb+0x5a>
10002dde:	5cc2      	ldrb	r2, [r0, r3]
10002de0:	2a00      	cmp	r2, #0
10002de2:	d1f7      	bne.n	10002dd4 <tud_descriptor_string_cb+0x30>
10002de4:	22c0      	movs	r2, #192	@ 0xc0
10002de6:	b2db      	uxtb	r3, r3
10002de8:	005b      	lsls	r3, r3, #1
10002dea:	0092      	lsls	r2, r2, #2
10002dec:	4808      	ldr	r0, [pc, #32]	@ (10002e10 <tud_descriptor_string_cb+0x6c>)
10002dee:	4313      	orrs	r3, r2
10002df0:	e7e5      	b.n	10002dbe <tud_descriptor_string_cb+0x1a>
10002df2:	2111      	movs	r1, #17
10002df4:	f000 f81a 	bl	10002e2c <pico_get_unique_board_id_string>
10002df8:	e7da      	b.n	10002db0 <tud_descriptor_string_cb+0xc>
10002dfa:	2000      	movs	r0, #0
10002dfc:	e7e0      	b.n	10002dc0 <tud_descriptor_string_cb+0x1c>
10002dfe:	23ca      	movs	r3, #202	@ 0xca
10002e00:	4803      	ldr	r0, [pc, #12]	@ (10002e10 <tud_descriptor_string_cb+0x6c>)
10002e02:	009b      	lsls	r3, r3, #2
10002e04:	e7db      	b.n	10002dbe <tud_descriptor_string_cb+0x1a>
10002e06:	46c0      	nop			@ (mov r8, r8)
10002e08:	20022438 	.word	0x20022438
10002e0c:	00000409 	.word	0x00000409
10002e10:	20001bc0 	.word	0x20001bc0
10002e14:	10007b94 	.word	0x10007b94
10002e18:	20001bc2 	.word	0x20001bc2

10002e1c <_retrieve_unique_id_on_boot>:
10002e1c:	b510      	push	{r4, lr}
10002e1e:	4802      	ldr	r0, [pc, #8]	@ (10002e28 <_retrieve_unique_id_on_boot+0xc>)
10002e20:	f000 f8d8 	bl	10002fd4 <flash_get_unique_id>
10002e24:	bd10      	pop	{r4, pc}
10002e26:	46c0      	nop			@ (mov r8, r8)
10002e28:	200022bc 	.word	0x200022bc

10002e2c <pico_get_unique_board_id_string>:
10002e2c:	b530      	push	{r4, r5, lr}
10002e2e:	1e4b      	subs	r3, r1, #1
10002e30:	2901      	cmp	r1, #1
10002e32:	d100      	bne.n	10002e36 <pico_get_unique_board_id_string+0xa>
10002e34:	e0a7      	b.n	10002f86 <pico_get_unique_board_id_string+0x15a>
10002e36:	4a66      	ldr	r2, [pc, #408]	@ (10002fd0 <pico_get_unique_board_id_string+0x1a4>)
10002e38:	7811      	ldrb	r1, [r2, #0]
10002e3a:	090d      	lsrs	r5, r1, #4
10002e3c:	002c      	movs	r4, r5
10002e3e:	3430      	adds	r4, #48	@ 0x30
10002e40:	299f      	cmp	r1, #159	@ 0x9f
10002e42:	d900      	bls.n	10002e46 <pico_get_unique_board_id_string+0x1a>
10002e44:	e0a2      	b.n	10002f8c <pico_get_unique_board_id_string+0x160>
10002e46:	7004      	strb	r4, [r0, #0]
10002e48:	2b01      	cmp	r3, #1
10002e4a:	d100      	bne.n	10002e4e <pico_get_unique_board_id_string+0x22>
10002e4c:	e0be      	b.n	10002fcc <pico_get_unique_board_id_string+0x1a0>
10002e4e:	210f      	movs	r1, #15
10002e50:	7814      	ldrb	r4, [r2, #0]
10002e52:	4021      	ands	r1, r4
10002e54:	000c      	movs	r4, r1
10002e56:	3430      	adds	r4, #48	@ 0x30
10002e58:	2909      	cmp	r1, #9
10002e5a:	d900      	bls.n	10002e5e <pico_get_unique_board_id_string+0x32>
10002e5c:	e098      	b.n	10002f90 <pico_get_unique_board_id_string+0x164>
10002e5e:	7044      	strb	r4, [r0, #1]
10002e60:	2b02      	cmp	r3, #2
10002e62:	d100      	bne.n	10002e66 <pico_get_unique_board_id_string+0x3a>
10002e64:	e0b2      	b.n	10002fcc <pico_get_unique_board_id_string+0x1a0>
10002e66:	7854      	ldrb	r4, [r2, #1]
10002e68:	0925      	lsrs	r5, r4, #4
10002e6a:	0029      	movs	r1, r5
10002e6c:	3130      	adds	r1, #48	@ 0x30
10002e6e:	2c9f      	cmp	r4, #159	@ 0x9f
10002e70:	d900      	bls.n	10002e74 <pico_get_unique_board_id_string+0x48>
10002e72:	e090      	b.n	10002f96 <pico_get_unique_board_id_string+0x16a>
10002e74:	7081      	strb	r1, [r0, #2]
10002e76:	2b03      	cmp	r3, #3
10002e78:	d100      	bne.n	10002e7c <pico_get_unique_board_id_string+0x50>
10002e7a:	e0a7      	b.n	10002fcc <pico_get_unique_board_id_string+0x1a0>
10002e7c:	210f      	movs	r1, #15
10002e7e:	4021      	ands	r1, r4
10002e80:	000c      	movs	r4, r1
10002e82:	3430      	adds	r4, #48	@ 0x30
10002e84:	2909      	cmp	r1, #9
10002e86:	d900      	bls.n	10002e8a <pico_get_unique_board_id_string+0x5e>
10002e88:	e087      	b.n	10002f9a <pico_get_unique_board_id_string+0x16e>
10002e8a:	70c4      	strb	r4, [r0, #3]
10002e8c:	2b04      	cmp	r3, #4
10002e8e:	d100      	bne.n	10002e92 <pico_get_unique_board_id_string+0x66>
10002e90:	e09c      	b.n	10002fcc <pico_get_unique_board_id_string+0x1a0>
10002e92:	7894      	ldrb	r4, [r2, #2]
10002e94:	0925      	lsrs	r5, r4, #4
10002e96:	0029      	movs	r1, r5
10002e98:	3130      	adds	r1, #48	@ 0x30
10002e9a:	2c9f      	cmp	r4, #159	@ 0x9f
10002e9c:	d900      	bls.n	10002ea0 <pico_get_unique_board_id_string+0x74>
10002e9e:	e07f      	b.n	10002fa0 <pico_get_unique_board_id_string+0x174>
10002ea0:	7101      	strb	r1, [r0, #4]
10002ea2:	2b05      	cmp	r3, #5
10002ea4:	d100      	bne.n	10002ea8 <pico_get_unique_board_id_string+0x7c>
10002ea6:	e091      	b.n	10002fcc <pico_get_unique_board_id_string+0x1a0>
10002ea8:	210f      	movs	r1, #15
10002eaa:	4021      	ands	r1, r4
10002eac:	000c      	movs	r4, r1
10002eae:	3430      	adds	r4, #48	@ 0x30
10002eb0:	2909      	cmp	r1, #9
10002eb2:	d900      	bls.n	10002eb6 <pico_get_unique_board_id_string+0x8a>
10002eb4:	e076      	b.n	10002fa4 <pico_get_unique_board_id_string+0x178>
10002eb6:	7144      	strb	r4, [r0, #5]
10002eb8:	2b06      	cmp	r3, #6
10002eba:	d100      	bne.n	10002ebe <pico_get_unique_board_id_string+0x92>
10002ebc:	e086      	b.n	10002fcc <pico_get_unique_board_id_string+0x1a0>
10002ebe:	78d4      	ldrb	r4, [r2, #3]
10002ec0:	0925      	lsrs	r5, r4, #4
10002ec2:	0029      	movs	r1, r5
10002ec4:	3130      	adds	r1, #48	@ 0x30
10002ec6:	2c9f      	cmp	r4, #159	@ 0x9f
10002ec8:	d900      	bls.n	10002ecc <pico_get_unique_board_id_string+0xa0>
10002eca:	e06e      	b.n	10002faa <pico_get_unique_board_id_string+0x17e>
10002ecc:	7181      	strb	r1, [r0, #6]
10002ece:	2b07      	cmp	r3, #7
10002ed0:	d100      	bne.n	10002ed4 <pico_get_unique_board_id_string+0xa8>
10002ed2:	e07b      	b.n	10002fcc <pico_get_unique_board_id_string+0x1a0>
10002ed4:	210f      	movs	r1, #15
10002ed6:	4021      	ands	r1, r4
10002ed8:	000c      	movs	r4, r1
10002eda:	3430      	adds	r4, #48	@ 0x30
10002edc:	2909      	cmp	r1, #9
10002ede:	d866      	bhi.n	10002fae <pico_get_unique_board_id_string+0x182>
10002ee0:	71c4      	strb	r4, [r0, #7]
10002ee2:	2b08      	cmp	r3, #8
10002ee4:	d100      	bne.n	10002ee8 <pico_get_unique_board_id_string+0xbc>
10002ee6:	e071      	b.n	10002fcc <pico_get_unique_board_id_string+0x1a0>
10002ee8:	7914      	ldrb	r4, [r2, #4]
10002eea:	0925      	lsrs	r5, r4, #4
10002eec:	0029      	movs	r1, r5
10002eee:	3130      	adds	r1, #48	@ 0x30
10002ef0:	2c9f      	cmp	r4, #159	@ 0x9f
10002ef2:	d85f      	bhi.n	10002fb4 <pico_get_unique_board_id_string+0x188>
10002ef4:	7201      	strb	r1, [r0, #8]
10002ef6:	2b09      	cmp	r3, #9
10002ef8:	d068      	beq.n	10002fcc <pico_get_unique_board_id_string+0x1a0>
10002efa:	210f      	movs	r1, #15
10002efc:	4021      	ands	r1, r4
10002efe:	000c      	movs	r4, r1
10002f00:	3430      	adds	r4, #48	@ 0x30
10002f02:	2909      	cmp	r1, #9
10002f04:	d858      	bhi.n	10002fb8 <pico_get_unique_board_id_string+0x18c>
10002f06:	7244      	strb	r4, [r0, #9]
10002f08:	2b0a      	cmp	r3, #10
10002f0a:	d05f      	beq.n	10002fcc <pico_get_unique_board_id_string+0x1a0>
10002f0c:	7954      	ldrb	r4, [r2, #5]
10002f0e:	0925      	lsrs	r5, r4, #4
10002f10:	0029      	movs	r1, r5
10002f12:	3130      	adds	r1, #48	@ 0x30
10002f14:	2c9f      	cmp	r4, #159	@ 0x9f
10002f16:	d852      	bhi.n	10002fbe <pico_get_unique_board_id_string+0x192>
10002f18:	7281      	strb	r1, [r0, #10]
10002f1a:	2b0b      	cmp	r3, #11
10002f1c:	d056      	beq.n	10002fcc <pico_get_unique_board_id_string+0x1a0>
10002f1e:	210f      	movs	r1, #15
10002f20:	4021      	ands	r1, r4
10002f22:	000c      	movs	r4, r1
10002f24:	3430      	adds	r4, #48	@ 0x30
10002f26:	2909      	cmp	r1, #9
10002f28:	d84b      	bhi.n	10002fc2 <pico_get_unique_board_id_string+0x196>
10002f2a:	72c4      	strb	r4, [r0, #11]
10002f2c:	2b0c      	cmp	r3, #12
10002f2e:	d04d      	beq.n	10002fcc <pico_get_unique_board_id_string+0x1a0>
10002f30:	7994      	ldrb	r4, [r2, #6]
10002f32:	0925      	lsrs	r5, r4, #4
10002f34:	0029      	movs	r1, r5
10002f36:	3130      	adds	r1, #48	@ 0x30
10002f38:	2c9f      	cmp	r4, #159	@ 0x9f
10002f3a:	d900      	bls.n	10002f3e <pico_get_unique_board_id_string+0x112>
10002f3c:	3107      	adds	r1, #7
10002f3e:	7301      	strb	r1, [r0, #12]
10002f40:	2b0d      	cmp	r3, #13
10002f42:	d043      	beq.n	10002fcc <pico_get_unique_board_id_string+0x1a0>
10002f44:	210f      	movs	r1, #15
10002f46:	4021      	ands	r1, r4
10002f48:	000c      	movs	r4, r1
10002f4a:	3430      	adds	r4, #48	@ 0x30
10002f4c:	2909      	cmp	r1, #9
10002f4e:	d901      	bls.n	10002f54 <pico_get_unique_board_id_string+0x128>
10002f50:	3137      	adds	r1, #55	@ 0x37
10002f52:	000c      	movs	r4, r1
10002f54:	7344      	strb	r4, [r0, #13]
10002f56:	2b0e      	cmp	r3, #14
10002f58:	d038      	beq.n	10002fcc <pico_get_unique_board_id_string+0x1a0>
10002f5a:	79d1      	ldrb	r1, [r2, #7]
10002f5c:	090c      	lsrs	r4, r1, #4
10002f5e:	0022      	movs	r2, r4
10002f60:	3230      	adds	r2, #48	@ 0x30
10002f62:	299f      	cmp	r1, #159	@ 0x9f
10002f64:	d900      	bls.n	10002f68 <pico_get_unique_board_id_string+0x13c>
10002f66:	3207      	adds	r2, #7
10002f68:	7382      	strb	r2, [r0, #14]
10002f6a:	2b0f      	cmp	r3, #15
10002f6c:	d02e      	beq.n	10002fcc <pico_get_unique_board_id_string+0x1a0>
10002f6e:	220f      	movs	r2, #15
10002f70:	400a      	ands	r2, r1
10002f72:	0011      	movs	r1, r2
10002f74:	3137      	adds	r1, #55	@ 0x37
10002f76:	2a09      	cmp	r2, #9
10002f78:	d801      	bhi.n	10002f7e <pico_get_unique_board_id_string+0x152>
10002f7a:	3230      	adds	r2, #48	@ 0x30
10002f7c:	0011      	movs	r1, r2
10002f7e:	73c1      	strb	r1, [r0, #15]
10002f80:	2b10      	cmp	r3, #16
10002f82:	d023      	beq.n	10002fcc <pico_get_unique_board_id_string+0x1a0>
10002f84:	3010      	adds	r0, #16
10002f86:	2300      	movs	r3, #0
10002f88:	7003      	strb	r3, [r0, #0]
10002f8a:	bd30      	pop	{r4, r5, pc}
10002f8c:	3407      	adds	r4, #7
10002f8e:	e75a      	b.n	10002e46 <pico_get_unique_board_id_string+0x1a>
10002f90:	3137      	adds	r1, #55	@ 0x37
10002f92:	000c      	movs	r4, r1
10002f94:	e763      	b.n	10002e5e <pico_get_unique_board_id_string+0x32>
10002f96:	3107      	adds	r1, #7
10002f98:	e76c      	b.n	10002e74 <pico_get_unique_board_id_string+0x48>
10002f9a:	3137      	adds	r1, #55	@ 0x37
10002f9c:	000c      	movs	r4, r1
10002f9e:	e774      	b.n	10002e8a <pico_get_unique_board_id_string+0x5e>
10002fa0:	3107      	adds	r1, #7
10002fa2:	e77d      	b.n	10002ea0 <pico_get_unique_board_id_string+0x74>
10002fa4:	3137      	adds	r1, #55	@ 0x37
10002fa6:	000c      	movs	r4, r1
10002fa8:	e785      	b.n	10002eb6 <pico_get_unique_board_id_string+0x8a>
10002faa:	3107      	adds	r1, #7
10002fac:	e78e      	b.n	10002ecc <pico_get_unique_board_id_string+0xa0>
10002fae:	3137      	adds	r1, #55	@ 0x37
10002fb0:	000c      	movs	r4, r1
10002fb2:	e795      	b.n	10002ee0 <pico_get_unique_board_id_string+0xb4>
10002fb4:	3107      	adds	r1, #7
10002fb6:	e79d      	b.n	10002ef4 <pico_get_unique_board_id_string+0xc8>
10002fb8:	3137      	adds	r1, #55	@ 0x37
10002fba:	000c      	movs	r4, r1
10002fbc:	e7a3      	b.n	10002f06 <pico_get_unique_board_id_string+0xda>
10002fbe:	3107      	adds	r1, #7
10002fc0:	e7aa      	b.n	10002f18 <pico_get_unique_board_id_string+0xec>
10002fc2:	3137      	adds	r1, #55	@ 0x37
10002fc4:	000c      	movs	r4, r1
10002fc6:	72c4      	strb	r4, [r0, #11]
10002fc8:	2b0c      	cmp	r3, #12
10002fca:	d1b1      	bne.n	10002f30 <pico_get_unique_board_id_string+0x104>
10002fcc:	18c0      	adds	r0, r0, r3
10002fce:	e7da      	b.n	10002f86 <pico_get_unique_board_id_string+0x15a>
10002fd0:	200022bc 	.word	0x200022bc

10002fd4 <flash_get_unique_id>:
10002fd4:	b510      	push	{r4, lr}
10002fd6:	b088      	sub	sp, #32
10002fd8:	0004      	movs	r4, r0
10002fda:	220d      	movs	r2, #13
10002fdc:	2100      	movs	r1, #0
10002fde:	4668      	mov	r0, sp
10002fe0:	f7ff faa0 	bl	10002524 <__wrap_memset>
10002fe4:	220d      	movs	r2, #13
10002fe6:	2100      	movs	r1, #0
10002fe8:	a804      	add	r0, sp, #16
10002fea:	f7ff fa9b 	bl	10002524 <__wrap_memset>
10002fee:	234b      	movs	r3, #75	@ 0x4b
10002ff0:	466a      	mov	r2, sp
10002ff2:	4668      	mov	r0, sp
10002ff4:	7013      	strb	r3, [r2, #0]
10002ff6:	a904      	add	r1, sp, #16
10002ff8:	220d      	movs	r2, #13
10002ffa:	f004 fb8d 	bl	10007718 <__flash_do_cmd_veneer>
10002ffe:	2115      	movs	r1, #21
10003000:	2208      	movs	r2, #8
10003002:	0020      	movs	r0, r4
10003004:	4469      	add	r1, sp
10003006:	f7ff fa93 	bl	10002530 <__wrap___aeabi_memcpy>
1000300a:	b008      	add	sp, #32
1000300c:	bd10      	pop	{r4, pc}
1000300e:	46c0      	nop			@ (mov r8, r8)

10003010 <dcd_init>:
10003010:	b5f8      	push	{r3, r4, r5, r6, r7, lr}
10003012:	f000 f943 	bl	1000329c <rp2040_usb_init>
10003016:	230c      	movs	r3, #12
10003018:	4d19      	ldr	r5, [pc, #100]	@ (10003080 <dcd_init+0x70>)
1000301a:	22ff      	movs	r2, #255	@ 0xff
1000301c:	67ab      	str	r3, [r5, #120]	@ 0x78
1000301e:	2005      	movs	r0, #5
10003020:	4918      	ldr	r1, [pc, #96]	@ (10003084 <dcd_init+0x74>)
10003022:	f7fd fdbb 	bl	10000b9c <irq_add_shared_handler>
10003026:	4c18      	ldr	r4, [pc, #96]	@ (10003088 <dcd_init+0x78>)
10003028:	2240      	movs	r2, #64	@ 0x40
1000302a:	2100      	movs	r1, #0
1000302c:	0020      	movs	r0, r4
1000302e:	f7ff fa79 	bl	10002524 <__wrap_memset>
10003032:	2740      	movs	r7, #64	@ 0x40
10003034:	2300      	movs	r3, #0
10003036:	2601      	movs	r6, #1
10003038:	2121      	movs	r1, #33	@ 0x21
1000303a:	4a14      	ldr	r2, [pc, #80]	@ (1000308c <dcd_init+0x7c>)
1000303c:	7066      	strb	r6, [r4, #1]
1000303e:	8327      	strh	r7, [r4, #24]
10003040:	60a2      	str	r2, [r4, #8]
10003042:	6013      	str	r3, [r2, #0]
10003044:	5463      	strb	r3, [r4, r1]
10003046:	315f      	adds	r1, #95	@ 0x5f
10003048:	8461      	strh	r1, [r4, #34]	@ 0x22
1000304a:	3945      	subs	r1, #69	@ 0x45
1000304c:	5463      	strb	r3, [r4, r1]
1000304e:	4a10      	ldr	r2, [pc, #64]	@ (10003090 <dcd_init+0x80>)
10003050:	4910      	ldr	r1, [pc, #64]	@ (10003094 <dcd_init+0x84>)
10003052:	6063      	str	r3, [r4, #4]
10003054:	60e2      	str	r2, [r4, #12]
10003056:	8727      	strh	r7, [r4, #56]	@ 0x38
10003058:	62a1      	str	r1, [r4, #40]	@ 0x28
1000305a:	600b      	str	r3, [r1, #0]
1000305c:	6263      	str	r3, [r4, #36]	@ 0x24
1000305e:	62e2      	str	r2, [r4, #44]	@ 0x2c
10003060:	f004 fbb2 	bl	100077c8 <__reset_non_control_endpoints_veneer>
10003064:	2380      	movs	r3, #128	@ 0x80
10003066:	059b      	lsls	r3, r3, #22
10003068:	642e      	str	r6, [r5, #64]	@ 0x40
1000306a:	64eb      	str	r3, [r5, #76]	@ 0x4c
1000306c:	2390      	movs	r3, #144	@ 0x90
1000306e:	4a0a      	ldr	r2, [pc, #40]	@ (10003098 <dcd_init+0x88>)
10003070:	2001      	movs	r0, #1
10003072:	50ea      	str	r2, [r5, r3]
10003074:	2280      	movs	r2, #128	@ 0x80
10003076:	4b09      	ldr	r3, [pc, #36]	@ (1000309c <dcd_init+0x8c>)
10003078:	0252      	lsls	r2, r2, #9
1000307a:	64da      	str	r2, [r3, #76]	@ 0x4c
1000307c:	bdf8      	pop	{r3, r4, r5, r6, r7, pc}
1000307e:	46c0      	nop			@ (mov r8, r8)
10003080:	50110000 	.word	0x50110000
10003084:	200004c5 	.word	0x200004c5
10003088:	20001bf4 	.word	0x20001bf4
1000308c:	50100084 	.word	0x50100084
10003090:	50100100 	.word	0x50100100
10003094:	50100080 	.word	0x50100080
10003098:	0001d010 	.word	0x0001d010
1000309c:	50112000 	.word	0x50112000

100030a0 <dcd_int_enable>:
100030a0:	b510      	push	{r4, lr}
100030a2:	2101      	movs	r1, #1
100030a4:	2005      	movs	r0, #5
100030a6:	f7fd fd17 	bl	10000ad8 <irq_set_enabled>
100030aa:	bd10      	pop	{r4, pc}

100030ac <dcd_set_address>:
100030ac:	b510      	push	{r4, lr}
100030ae:	2200      	movs	r2, #0
100030b0:	2100      	movs	r1, #0
100030b2:	4802      	ldr	r0, [pc, #8]	@ (100030bc <dcd_set_address+0x10>)
100030b4:	f000 f912 	bl	100032dc <hw_endpoint_xfer_start>
100030b8:	bd10      	pop	{r4, pc}
100030ba:	46c0      	nop			@ (mov r8, r8)
100030bc:	20001c14 	.word	0x20001c14

100030c0 <dcd_sof_enable>:
100030c0:	4b04      	ldr	r3, [pc, #16]	@ (100030d4 <dcd_sof_enable+0x14>)
100030c2:	7019      	strb	r1, [r3, #0]
100030c4:	2900      	cmp	r1, #0
100030c6:	d004      	beq.n	100030d2 <dcd_sof_enable+0x12>
100030c8:	2180      	movs	r1, #128	@ 0x80
100030ca:	2390      	movs	r3, #144	@ 0x90
100030cc:	4a02      	ldr	r2, [pc, #8]	@ (100030d8 <dcd_sof_enable+0x18>)
100030ce:	0289      	lsls	r1, r1, #10
100030d0:	50d1      	str	r1, [r2, r3]
100030d2:	4770      	bx	lr
100030d4:	2002253d 	.word	0x2002253d
100030d8:	50112000 	.word	0x50112000

100030dc <dcd_edpt0_status_complete>:
100030dc:	780b      	ldrb	r3, [r1, #0]
100030de:	065b      	lsls	r3, r3, #25
100030e0:	d102      	bne.n	100030e8 <dcd_edpt0_status_complete+0xc>
100030e2:	784b      	ldrb	r3, [r1, #1]
100030e4:	2b05      	cmp	r3, #5
100030e6:	d000      	beq.n	100030ea <dcd_edpt0_status_complete+0xe>
100030e8:	4770      	bx	lr
100030ea:	788a      	ldrb	r2, [r1, #2]
100030ec:	4b01      	ldr	r3, [pc, #4]	@ (100030f4 <dcd_edpt0_status_complete+0x18>)
100030ee:	601a      	str	r2, [r3, #0]
100030f0:	e7fa      	b.n	100030e8 <dcd_edpt0_status_complete+0xc>
100030f2:	46c0      	nop			@ (mov r8, r8)
100030f4:	50110000 	.word	0x50110000

100030f8 <dcd_edpt_open>:
100030f8:	b5f0      	push	{r4, r5, r6, r7, lr}
100030fa:	46c6      	mov	lr, r8
100030fc:	78c8      	ldrb	r0, [r1, #3]
100030fe:	b500      	push	{lr}
10003100:	0780      	lsls	r0, r0, #30
10003102:	0f83      	lsrs	r3, r0, #30
10003104:	0018      	movs	r0, r3
10003106:	2b01      	cmp	r3, #1
10003108:	d060      	beq.n	100031cc <dcd_edpt_open+0xd4>
1000310a:	788f      	ldrb	r7, [r1, #2]
1000310c:	790a      	ldrb	r2, [r1, #4]
1000310e:	794b      	ldrb	r3, [r1, #5]
10003110:	217f      	movs	r1, #127	@ 0x7f
10003112:	4039      	ands	r1, r7
10003114:	09fc      	lsrs	r4, r7, #7
10003116:	021b      	lsls	r3, r3, #8
10003118:	004e      	lsls	r6, r1, #1
1000311a:	4313      	orrs	r3, r2
1000311c:	4d33      	ldr	r5, [pc, #204]	@ (100031ec <dcd_edpt_open+0xf4>)
1000311e:	1932      	adds	r2, r6, r4
10003120:	0152      	lsls	r2, r2, #5
10003122:	18aa      	adds	r2, r5, r2
10003124:	7097      	strb	r7, [r2, #2]
10003126:	2701      	movs	r7, #1
10003128:	4067      	eors	r7, r4
1000312a:	7057      	strb	r7, [r2, #1]
1000312c:	2700      	movs	r7, #0
1000312e:	055b      	lsls	r3, r3, #21
10003130:	0d5b      	lsrs	r3, r3, #21
10003132:	70d7      	strb	r7, [r2, #3]
10003134:	8313      	strh	r3, [r2, #24]
10003136:	76d0      	strb	r0, [r2, #27]
10003138:	46b8      	mov	r8, r7
1000313a:	00ca      	lsls	r2, r1, #3
1000313c:	2c01      	cmp	r4, #1
1000313e:	d032      	beq.n	100031a6 <dcd_edpt_open+0xae>
10003140:	4f2b      	ldr	r7, [pc, #172]	@ (100031f0 <dcd_edpt_open+0xf8>)
10003142:	46bc      	mov	ip, r7
10003144:	018f      	lsls	r7, r1, #6
10003146:	4462      	add	r2, ip
10003148:	46bc      	mov	ip, r7
1000314a:	44ac      	add	ip, r5
1000314c:	4667      	mov	r7, ip
1000314e:	60ba      	str	r2, [r7, #8]
10003150:	4647      	mov	r7, r8
10003152:	6017      	str	r7, [r2, #0]
10003154:	2900      	cmp	r1, #0
10003156:	d032      	beq.n	100031be <dcd_edpt_open+0xc6>
10003158:	4a26      	ldr	r2, [pc, #152]	@ (100031f4 <dcd_edpt_open+0xfc>)
1000315a:	00c9      	lsls	r1, r1, #3
1000315c:	4690      	mov	r8, r2
1000315e:	4662      	mov	r2, ip
10003160:	4441      	add	r1, r8
10003162:	6051      	str	r1, [r2, #4]
10003164:	223f      	movs	r2, #63	@ 0x3f
10003166:	333f      	adds	r3, #63	@ 0x3f
10003168:	4393      	bics	r3, r2
1000316a:	2802      	cmp	r0, #2
1000316c:	d037      	beq.n	100031de <dcd_edpt_open+0xe6>
1000316e:	4922      	ldr	r1, [pc, #136]	@ (100031f8 <dcd_edpt_open+0x100>)
10003170:	1937      	adds	r7, r6, r4
10003172:	680a      	ldr	r2, [r1, #0]
10003174:	017f      	lsls	r7, r7, #5
10003176:	18d3      	adds	r3, r2, r3
10003178:	600b      	str	r3, [r1, #0]
1000317a:	4920      	ldr	r1, [pc, #128]	@ (100031fc <dcd_edpt_open+0x104>)
1000317c:	19ef      	adds	r7, r5, r7
1000317e:	60fa      	str	r2, [r7, #12]
10003180:	428b      	cmp	r3, r1
10003182:	d82e      	bhi.n	100031e2 <dcd_edpt_open+0xea>
10003184:	1936      	adds	r6, r6, r4
10003186:	0176      	lsls	r6, r6, #5
10003188:	19ad      	adds	r5, r5, r6
1000318a:	7eeb      	ldrb	r3, [r5, #27]
1000318c:	491c      	ldr	r1, [pc, #112]	@ (10003200 <dcd_edpt_open+0x108>)
1000318e:	069b      	lsls	r3, r3, #26
10003190:	404a      	eors	r2, r1
10003192:	4313      	orrs	r3, r2
10003194:	2280      	movs	r2, #128	@ 0x80
10003196:	0612      	lsls	r2, r2, #24
10003198:	4313      	orrs	r3, r2
1000319a:	686a      	ldr	r2, [r5, #4]
1000319c:	6013      	str	r3, [r2, #0]
1000319e:	2001      	movs	r0, #1
100031a0:	bc80      	pop	{r7}
100031a2:	46b8      	mov	r8, r7
100031a4:	bdf0      	pop	{r4, r5, r6, r7, pc}
100031a6:	4f17      	ldr	r7, [pc, #92]	@ (10003204 <dcd_edpt_open+0x10c>)
100031a8:	46bc      	mov	ip, r7
100031aa:	018f      	lsls	r7, r1, #6
100031ac:	4462      	add	r2, ip
100031ae:	46bc      	mov	ip, r7
100031b0:	44ac      	add	ip, r5
100031b2:	4667      	mov	r7, ip
100031b4:	62ba      	str	r2, [r7, #40]	@ 0x28
100031b6:	4647      	mov	r7, r8
100031b8:	6017      	str	r7, [r2, #0]
100031ba:	2900      	cmp	r1, #0
100031bc:	d108      	bne.n	100031d0 <dcd_edpt_open+0xd8>
100031be:	2300      	movs	r3, #0
100031c0:	0164      	lsls	r4, r4, #5
100031c2:	192c      	adds	r4, r5, r4
100031c4:	6063      	str	r3, [r4, #4]
100031c6:	4b10      	ldr	r3, [pc, #64]	@ (10003208 <dcd_edpt_open+0x110>)
100031c8:	60e3      	str	r3, [r4, #12]
100031ca:	e7e8      	b.n	1000319e <dcd_edpt_open+0xa6>
100031cc:	2000      	movs	r0, #0
100031ce:	e7e7      	b.n	100031a0 <dcd_edpt_open+0xa8>
100031d0:	4a0b      	ldr	r2, [pc, #44]	@ (10003200 <dcd_edpt_open+0x108>)
100031d2:	00c9      	lsls	r1, r1, #3
100031d4:	4690      	mov	r8, r2
100031d6:	4662      	mov	r2, ip
100031d8:	4441      	add	r1, r8
100031da:	6251      	str	r1, [r2, #36]	@ 0x24
100031dc:	e7c2      	b.n	10003164 <dcd_edpt_open+0x6c>
100031de:	005b      	lsls	r3, r3, #1
100031e0:	e7c5      	b.n	1000316e <dcd_edpt_open+0x76>
100031e2:	f7fe fcd3 	bl	10001b8c <hard_assertion_failure>
100031e6:	68fa      	ldr	r2, [r7, #12]
100031e8:	e7cc      	b.n	10003184 <dcd_edpt_open+0x8c>
100031ea:	46c0      	nop			@ (mov r8, r8)
100031ec:	20001bf4 	.word	0x20001bf4
100031f0:	50100084 	.word	0x50100084
100031f4:	50100004 	.word	0x50100004
100031f8:	20002004 	.word	0x20002004
100031fc:	50100fff 	.word	0x50100fff
10003200:	50100000 	.word	0x50100000
10003204:	50100080 	.word	0x50100080
10003208:	50100100 	.word	0x50100100

1000320c <dcd_edpt_close_all>:
1000320c:	b510      	push	{r4, lr}
1000320e:	f004 fadb 	bl	100077c8 <__reset_non_control_endpoints_veneer>
10003212:	bd10      	pop	{r4, pc}

10003214 <dcd_edpt_xfer>:
10003214:	b510      	push	{r4, lr}
10003216:	207f      	movs	r0, #127	@ 0x7f
10003218:	000c      	movs	r4, r1
1000321a:	4020      	ands	r0, r4
1000321c:	0040      	lsls	r0, r0, #1
1000321e:	09e4      	lsrs	r4, r4, #7
10003220:	0011      	movs	r1, r2
10003222:	1900      	adds	r0, r0, r4
10003224:	001a      	movs	r2, r3
10003226:	4b03      	ldr	r3, [pc, #12]	@ (10003234 <dcd_edpt_xfer+0x20>)
10003228:	0140      	lsls	r0, r0, #5
1000322a:	18c0      	adds	r0, r0, r3
1000322c:	f000 f856 	bl	100032dc <hw_endpoint_xfer_start>
10003230:	2001      	movs	r0, #1
10003232:	bd10      	pop	{r4, pc}
10003234:	20001bf4 	.word	0x20001bf4

10003238 <dcd_edpt_stall>:
10003238:	237f      	movs	r3, #127	@ 0x7f
1000323a:	0018      	movs	r0, r3
1000323c:	b510      	push	{r4, lr}
1000323e:	4008      	ands	r0, r1
10003240:	09ca      	lsrs	r2, r1, #7
10003242:	420b      	tst	r3, r1
10003244:	d103      	bne.n	1000324e <dcd_edpt_stall+0x16>
10003246:	4907      	ldr	r1, [pc, #28]	@ (10003264 <dcd_edpt_stall+0x2c>)
10003248:	3b7d      	subs	r3, #125	@ 0x7d
1000324a:	1a9b      	subs	r3, r3, r2
1000324c:	668b      	str	r3, [r1, #104]	@ 0x68
1000324e:	0040      	lsls	r0, r0, #1
10003250:	1880      	adds	r0, r0, r2
10003252:	2280      	movs	r2, #128	@ 0x80
10003254:	4b04      	ldr	r3, [pc, #16]	@ (10003268 <dcd_edpt_stall+0x30>)
10003256:	0140      	lsls	r0, r0, #5
10003258:	2100      	movs	r1, #0
1000325a:	18c0      	adds	r0, r0, r3
1000325c:	0112      	lsls	r2, r2, #4
1000325e:	f004 faab 	bl	100077b8 <___hw_endpoint_buffer_control_update32_veneer>
10003262:	bd10      	pop	{r4, pc}
10003264:	50112000 	.word	0x50112000
10003268:	20001bf4 	.word	0x20001bf4

1000326c <dcd_edpt_clear_stall>:
1000326c:	227f      	movs	r2, #127	@ 0x7f
1000326e:	0013      	movs	r3, r2
10003270:	b510      	push	{r4, lr}
10003272:	400b      	ands	r3, r1
10003274:	420a      	tst	r2, r1
10003276:	d100      	bne.n	1000327a <dcd_edpt_clear_stall+0xe>
10003278:	bd10      	pop	{r4, pc}
1000327a:	09c9      	lsrs	r1, r1, #7
1000327c:	005b      	lsls	r3, r3, #1
1000327e:	185b      	adds	r3, r3, r1
10003280:	4804      	ldr	r0, [pc, #16]	@ (10003294 <dcd_edpt_clear_stall+0x28>)
10003282:	015b      	lsls	r3, r3, #5
10003284:	18c0      	adds	r0, r0, r3
10003286:	2300      	movs	r3, #0
10003288:	2200      	movs	r2, #0
1000328a:	4903      	ldr	r1, [pc, #12]	@ (10003298 <dcd_edpt_clear_stall+0x2c>)
1000328c:	70c3      	strb	r3, [r0, #3]
1000328e:	f004 fa93 	bl	100077b8 <___hw_endpoint_buffer_control_update32_veneer>
10003292:	e7f1      	b.n	10003278 <dcd_edpt_clear_stall+0xc>
10003294:	20001bf4 	.word	0x20001bf4
10003298:	fffff7ff 	.word	0xfffff7ff

1000329c <rp2040_usb_init>:
1000329c:	2280      	movs	r2, #128	@ 0x80
1000329e:	4b0a      	ldr	r3, [pc, #40]	@ (100032c8 <rp2040_usb_init+0x2c>)
100032a0:	0452      	lsls	r2, r2, #17
100032a2:	b510      	push	{r4, lr}
100032a4:	601a      	str	r2, [r3, #0]
100032a6:	4b09      	ldr	r3, [pc, #36]	@ (100032cc <rp2040_usb_init+0x30>)
100032a8:	4909      	ldr	r1, [pc, #36]	@ (100032d0 <rp2040_usb_init+0x34>)
100032aa:	601a      	str	r2, [r3, #0]
100032ac:	0010      	movs	r0, r2
100032ae:	680b      	ldr	r3, [r1, #0]
100032b0:	4398      	bics	r0, r3
100032b2:	d1fb      	bne.n	100032ac <rp2040_usb_init+0x10>
100032b4:	2280      	movs	r2, #128	@ 0x80
100032b6:	2100      	movs	r1, #0
100032b8:	0152      	lsls	r2, r2, #5
100032ba:	4806      	ldr	r0, [pc, #24]	@ (100032d4 <rp2040_usb_init+0x38>)
100032bc:	f7ff f932 	bl	10002524 <__wrap_memset>
100032c0:	2209      	movs	r2, #9
100032c2:	4b05      	ldr	r3, [pc, #20]	@ (100032d8 <rp2040_usb_init+0x3c>)
100032c4:	675a      	str	r2, [r3, #116]	@ 0x74
100032c6:	bd10      	pop	{r4, pc}
100032c8:	4000e000 	.word	0x4000e000
100032cc:	4000f000 	.word	0x4000f000
100032d0:	4000c008 	.word	0x4000c008
100032d4:	50100000 	.word	0x50100000
100032d8:	50110000 	.word	0x50110000

100032dc <hw_endpoint_xfer_start>:
100032dc:	2300      	movs	r3, #0
100032de:	b510      	push	{r4, lr}
100032e0:	82c3      	strh	r3, [r0, #22]
100032e2:	3301      	adds	r3, #1
100032e4:	8282      	strh	r2, [r0, #20]
100032e6:	7683      	strb	r3, [r0, #26]
100032e8:	6101      	str	r1, [r0, #16]
100032ea:	0004      	movs	r4, r0
100032ec:	f004 fa5c 	bl	100077a8 <__e15_is_bulkin_ep_veneer>
100032f0:	2800      	cmp	r0, #0
100032f2:	d004      	beq.n	100032fe <hw_endpoint_xfer_start+0x22>
100032f4:	2180      	movs	r1, #128	@ 0x80
100032f6:	2390      	movs	r3, #144	@ 0x90
100032f8:	4a07      	ldr	r2, [pc, #28]	@ (10003318 <hw_endpoint_xfer_start+0x3c>)
100032fa:	0289      	lsls	r1, r1, #10
100032fc:	50d1      	str	r1, [r2, r3]
100032fe:	0020      	movs	r0, r4
10003300:	f004 fa4a 	bl	10007798 <__e15_is_critical_frame_period_veneer>
10003304:	2800      	cmp	r0, #0
10003306:	d002      	beq.n	1000330e <hw_endpoint_xfer_start+0x32>
10003308:	2301      	movs	r3, #1
1000330a:	7723      	strb	r3, [r4, #28]
1000330c:	bd10      	pop	{r4, pc}
1000330e:	0020      	movs	r0, r4
10003310:	f004 fa3a 	bl	10007788 <__hw_endpoint_start_next_buffer_veneer>
10003314:	e7fa      	b.n	1000330c <hw_endpoint_xfer_start+0x30>
10003316:	46c0      	nop			@ (mov r8, r8)
10003318:	50112000 	.word	0x50112000

1000331c <tud_event_hook_cb>:
1000331c:	4770      	bx	lr
1000331e:	46c0      	nop			@ (mov r8, r8)

10003320 <tud_sof_cb>:
10003320:	4770      	bx	lr
10003322:	46c0      	nop			@ (mov r8, r8)

10003324 <tud_descriptor_device_qualifier_cb>:
10003324:	2000      	movs	r0, #0
10003326:	4770      	bx	lr

10003328 <tud_descriptor_other_speed_configuration_cb>:
10003328:	2000      	movs	r0, #0
1000332a:	4770      	bx	lr

1000332c <tud_mount_cb>:
1000332c:	4770      	bx	lr
1000332e:	46c0      	nop			@ (mov r8, r8)

10003330 <tud_umount_cb>:
10003330:	4770      	bx	lr
10003332:	46c0      	nop			@ (mov r8, r8)

10003334 <tud_suspend_cb>:
10003334:	4770      	bx	lr
10003336:	46c0      	nop			@ (mov r8, r8)

10003338 <tud_resume_cb>:
10003338:	4770      	bx	lr
1000333a:	46c0      	nop			@ (mov r8, r8)

1000333c <tud_mounted>:
1000333c:	4b02      	ldr	r3, [pc, #8]	@ (10003348 <tud_mounted+0xc>)
1000333e:	7858      	ldrb	r0, [r3, #1]
10003340:	1e43      	subs	r3, r0, #1
10003342:	4198      	sbcs	r0, r3
10003344:	b2c0      	uxtb	r0, r0
10003346:	4770      	bx	lr
10003348:	200016a0 	.word	0x200016a0

1000334c <tud_suspended>:
1000334c:	4b02      	ldr	r3, [pc, #8]	@ (10003358 <tud_suspended+0xc>)
1000334e:	7818      	ldrb	r0, [r3, #0]
10003350:	0740      	lsls	r0, r0, #29
10003352:	0fc0      	lsrs	r0, r0, #31
10003354:	4770      	bx	lr
10003356:	46c0      	nop			@ (mov r8, r8)
10003358:	200016a0 	.word	0x200016a0

1000335c <tud_rhport_init>:
1000335c:	b5f0      	push	{r4, r5, r6, r7, lr}
1000335e:	46d6      	mov	lr, sl
10003360:	464f      	mov	r7, r9
10003362:	4646      	mov	r6, r8
10003364:	b5c0      	push	{r6, r7, lr}
10003366:	4b31      	ldr	r3, [pc, #196]	@ (1000342c <tud_rhport_init+0xd0>)
10003368:	0007      	movs	r7, r0
1000336a:	469a      	mov	sl, r3
1000336c:	781b      	ldrb	r3, [r3, #0]
1000336e:	000e      	movs	r6, r1
10003370:	2bff      	cmp	r3, #255	@ 0xff
10003372:	d001      	beq.n	10003378 <tud_rhport_init+0x1c>
10003374:	2001      	movs	r0, #1
10003376:	e044      	b.n	10003402 <tud_rhport_init+0xa6>
10003378:	2900      	cmp	r1, #0
1000337a:	d041      	beq.n	10003400 <tud_rhport_init+0xa4>
1000337c:	2100      	movs	r1, #0
1000337e:	2254      	movs	r2, #84	@ 0x54
10003380:	482b      	ldr	r0, [pc, #172]	@ (10003430 <tud_rhport_init+0xd4>)
10003382:	f7ff f8cf 	bl	10002524 <__wrap_memset>
10003386:	2200      	movs	r2, #0
10003388:	4c2a      	ldr	r4, [pc, #168]	@ (10003434 <tud_rhport_init+0xd8>)
1000338a:	4b2b      	ldr	r3, [pc, #172]	@ (10003438 <tud_rhport_init+0xdc>)
1000338c:	0020      	movs	r0, r4
1000338e:	701a      	strb	r2, [r3, #0]
10003390:	f7fd fdb4 	bl	10000efc <mutex_init>
10003394:	4b29      	ldr	r3, [pc, #164]	@ (1000343c <tud_rhport_init+0xe0>)
10003396:	601c      	str	r4, [r3, #0]
10003398:	4c29      	ldr	r4, [pc, #164]	@ (10003440 <tud_rhport_init+0xe4>)
1000339a:	0020      	movs	r0, r4
1000339c:	3c14      	subs	r4, #20
1000339e:	f7fd fdbb 	bl	10000f18 <critical_section_init>
100033a2:	0020      	movs	r0, r4
100033a4:	f001 fe0c 	bl	10004fc0 <tu_fifo_clear>
100033a8:	4b26      	ldr	r3, [pc, #152]	@ (10003444 <tud_rhport_init+0xe8>)
100033aa:	4d27      	ldr	r5, [pc, #156]	@ (10003448 <tud_rhport_init+0xec>)
100033ac:	601c      	str	r4, [r3, #0]
100033ae:	4b27      	ldr	r3, [pc, #156]	@ (1000344c <tud_rhport_init+0xf0>)
100033b0:	2b00      	cmp	r3, #0
100033b2:	d02b      	beq.n	1000340c <tud_rhport_init+0xb0>
100033b4:	0028      	movs	r0, r5
100033b6:	f7ff fabf 	bl	10002938 <usbd_app_driver_get_cb>
100033ba:	4b25      	ldr	r3, [pc, #148]	@ (10003450 <tud_rhport_init+0xf4>)
100033bc:	782a      	ldrb	r2, [r5, #0]
100033be:	6018      	str	r0, [r3, #0]
100033c0:	4924      	ldr	r1, [pc, #144]	@ (10003454 <tud_rhport_init+0xf8>)
100033c2:	2400      	movs	r4, #0
100033c4:	4689      	mov	r9, r1
100033c6:	4922      	ldr	r1, [pc, #136]	@ (10003450 <tud_rhport_init+0xf4>)
100033c8:	2300      	movs	r3, #0
100033ca:	4688      	mov	r8, r1
100033cc:	e010      	b.n	100033f0 <tud_rhport_init+0x94>
100033ce:	4643      	mov	r3, r8
100033d0:	681b      	ldr	r3, [r3, #0]
100033d2:	0162      	lsls	r2, r4, #5
100033d4:	189b      	adds	r3, r3, r2
100033d6:	2b00      	cmp	r3, #0
100033d8:	d012      	beq.n	10003400 <tud_rhport_init+0xa4>
100033da:	685b      	ldr	r3, [r3, #4]
100033dc:	2b00      	cmp	r3, #0
100033de:	d00f      	beq.n	10003400 <tud_rhport_init+0xa4>
100033e0:	4798      	blx	r3
100033e2:	782a      	ldrb	r2, [r5, #0]
100033e4:	3401      	adds	r4, #1
100033e6:	b2e4      	uxtb	r4, r4
100033e8:	1c51      	adds	r1, r2, #1
100033ea:	0023      	movs	r3, r4
100033ec:	42a1      	cmp	r1, r4
100033ee:	db0f      	blt.n	10003410 <tud_rhport_init+0xb4>
100033f0:	42a2      	cmp	r2, r4
100033f2:	d8ec      	bhi.n	100033ce <tud_rhport_init+0x72>
100033f4:	1a9b      	subs	r3, r3, r2
100033f6:	015b      	lsls	r3, r3, #5
100033f8:	444b      	add	r3, r9
100033fa:	685b      	ldr	r3, [r3, #4]
100033fc:	2b00      	cmp	r3, #0
100033fe:	d1ef      	bne.n	100033e0 <tud_rhport_init+0x84>
10003400:	2000      	movs	r0, #0
10003402:	bce0      	pop	{r5, r6, r7}
10003404:	46ba      	mov	sl, r7
10003406:	46b1      	mov	r9, r6
10003408:	46a8      	mov	r8, r5
1000340a:	bdf0      	pop	{r4, r5, r6, r7, pc}
1000340c:	782a      	ldrb	r2, [r5, #0]
1000340e:	e7d7      	b.n	100033c0 <tud_rhport_init+0x64>
10003410:	4653      	mov	r3, sl
10003412:	0031      	movs	r1, r6
10003414:	0038      	movs	r0, r7
10003416:	701f      	strb	r7, [r3, #0]
10003418:	f7ff fdfa 	bl	10003010 <dcd_init>
1000341c:	2800      	cmp	r0, #0
1000341e:	d0ef      	beq.n	10003400 <tud_rhport_init+0xa4>
10003420:	0038      	movs	r0, r7
10003422:	f7ff fe3d 	bl	100030a0 <dcd_int_enable>
10003426:	2001      	movs	r0, #1
10003428:	e7eb      	b.n	10003402 <tud_rhport_init+0xa6>
1000342a:	46c0      	nop			@ (mov r8, r8)
1000342c:	20001064 	.word	0x20001064
10003430:	200016a0 	.word	0x200016a0
10003434:	20001698 	.word	0x20001698
10003438:	2002253e 	.word	0x2002253e
1000343c:	200016f4 	.word	0x200016f4
10003440:	2000105c 	.word	0x2000105c
10003444:	200016f8 	.word	0x200016f8
10003448:	2002253c 	.word	0x2002253c
1000344c:	10002939 	.word	0x10002939
10003450:	200014f0 	.word	0x200014f0
10003454:	10007cbc 	.word	0x10007cbc

10003458 <tud_task_ext>:
10003458:	b5f0      	push	{r4, r5, r6, r7, lr}
1000345a:	46de      	mov	lr, fp
1000345c:	4657      	mov	r7, sl
1000345e:	464e      	mov	r6, r9
10003460:	4645      	mov	r5, r8
10003462:	b5e0      	push	{r5, r6, r7, lr}
10003464:	4bc8      	ldr	r3, [pc, #800]	@ (10003788 <tud_task_ext+0x330>)
10003466:	b091      	sub	sp, #68	@ 0x44
10003468:	9302      	str	r3, [sp, #8]
1000346a:	781b      	ldrb	r3, [r3, #0]
1000346c:	2bff      	cmp	r3, #255	@ 0xff
1000346e:	d100      	bne.n	10003472 <tud_task_ext+0x1a>
10003470:	e13e      	b.n	100036f0 <tud_task_ext+0x298>
10003472:	4bc6      	ldr	r3, [pc, #792]	@ (1000378c <tud_task_ext+0x334>)
10003474:	4ec6      	ldr	r6, [pc, #792]	@ (10003790 <tud_task_ext+0x338>)
10003476:	469b      	mov	fp, r3
10003478:	465f      	mov	r7, fp
1000347a:	4bc6      	ldr	r3, [pc, #792]	@ (10003794 <tud_task_ext+0x33c>)
1000347c:	ac0d      	add	r4, sp, #52	@ 0x34
1000347e:	9301      	str	r3, [sp, #4]
10003480:	4bc5      	ldr	r3, [pc, #788]	@ (10003798 <tud_task_ext+0x340>)
10003482:	9300      	str	r3, [sp, #0]
10003484:	6835      	ldr	r5, [r6, #0]
10003486:	696a      	ldr	r2, [r5, #20]
10003488:	f3ef 8110 	mrs	r1, PRIMASK
1000348c:	b672      	cpsid	i
1000348e:	6813      	ldr	r3, [r2, #0]
10003490:	2b00      	cmp	r3, #0
10003492:	d0fc      	beq.n	1000348e <tud_task_ext+0x36>
10003494:	f3bf 8f5f 	dmb	sy
10003498:	61a9      	str	r1, [r5, #24]
1000349a:	0028      	movs	r0, r5
1000349c:	0021      	movs	r1, r4
1000349e:	f001 fbbd 	bl	10004c1c <tu_fifo_read>
100034a2:	696a      	ldr	r2, [r5, #20]
100034a4:	69ab      	ldr	r3, [r5, #24]
100034a6:	f3bf 8f5f 	dmb	sy
100034aa:	2100      	movs	r1, #0
100034ac:	6011      	str	r1, [r2, #0]
100034ae:	f383 8810 	msr	PRIMASK, r3
100034b2:	2800      	cmp	r0, #0
100034b4:	d100      	bne.n	100034b8 <tud_task_ext+0x60>
100034b6:	e11b      	b.n	100036f0 <tud_task_ext+0x298>
100034b8:	7863      	ldrb	r3, [r4, #1]
100034ba:	2b08      	cmp	r3, #8
100034bc:	d8e2      	bhi.n	10003484 <tud_task_ext+0x2c>
100034be:	009b      	lsls	r3, r3, #2
100034c0:	58fb      	ldr	r3, [r7, r3]
100034c2:	469f      	mov	pc, r3
100034c4:	6863      	ldr	r3, [r4, #4]
100034c6:	2b00      	cmp	r3, #0
100034c8:	d0dc      	beq.n	10003484 <tud_task_ext+0x2c>
100034ca:	68a0      	ldr	r0, [r4, #8]
100034cc:	4798      	blx	r3
100034ce:	e7d9      	b.n	10003484 <tud_task_ext+0x2c>
100034d0:	227f      	movs	r2, #127	@ 0x7f
100034d2:	7921      	ldrb	r1, [r4, #4]
100034d4:	4daf      	ldr	r5, [pc, #700]	@ (10003794 <tud_task_ext+0x33c>)
100034d6:	400a      	ands	r2, r1
100034d8:	0053      	lsls	r3, r2, #1
100034da:	18eb      	adds	r3, r5, r3
100034dc:	4698      	mov	r8, r3
100034de:	09c8      	lsrs	r0, r1, #7
100034e0:	4480      	add	r8, r0
100034e2:	4640      	mov	r0, r8
100034e4:	2301      	movs	r3, #1
100034e6:	3030      	adds	r0, #48	@ 0x30
100034e8:	7905      	ldrb	r5, [r0, #4]
100034ea:	439d      	bics	r5, r3
100034ec:	7105      	strb	r5, [r0, #4]
100034ee:	7905      	ldrb	r5, [r0, #4]
100034f0:	3303      	adds	r3, #3
100034f2:	439d      	bics	r5, r3
100034f4:	7105      	strb	r5, [r0, #4]
100034f6:	2a00      	cmp	r2, #0
100034f8:	d100      	bne.n	100034fc <tud_task_ext+0xa4>
100034fa:	e100      	b.n	100036fe <tud_task_ext+0x2a6>
100034fc:	4643      	mov	r3, r8
100034fe:	4aa7      	ldr	r2, [pc, #668]	@ (1000379c <tud_task_ext+0x344>)
10003500:	7d1b      	ldrb	r3, [r3, #20]
10003502:	7812      	ldrb	r2, [r2, #0]
10003504:	4293      	cmp	r3, r2
10003506:	d300      	bcc.n	1000350a <tud_task_ext+0xb2>
10003508:	e0ef      	b.n	100036ea <tud_task_ext+0x292>
1000350a:	4aa5      	ldr	r2, [pc, #660]	@ (100037a0 <tud_task_ext+0x348>)
1000350c:	015b      	lsls	r3, r3, #5
1000350e:	6815      	ldr	r5, [r2, #0]
10003510:	18ed      	adds	r5, r5, r3
10003512:	2d00      	cmp	r5, #0
10003514:	d100      	bne.n	10003518 <tud_task_ext+0xc0>
10003516:	e0eb      	b.n	100036f0 <tud_task_ext+0x298>
10003518:	68a3      	ldr	r3, [r4, #8]
1000351a:	7962      	ldrb	r2, [r4, #5]
1000351c:	7820      	ldrb	r0, [r4, #0]
1000351e:	69ad      	ldr	r5, [r5, #24]
10003520:	47a8      	blx	r5
10003522:	e7af      	b.n	10003484 <tud_task_ext+0x2c>
10003524:	4a9f      	ldr	r2, [pc, #636]	@ (100037a4 <tud_task_ext+0x34c>)
10003526:	7813      	ldrb	r3, [r2, #0]
10003528:	2b00      	cmp	r3, #0
1000352a:	d100      	bne.n	1000352e <tud_task_ext+0xd6>
1000352c:	e0e0      	b.n	100036f0 <tud_task_ext+0x298>
1000352e:	7813      	ldrb	r3, [r2, #0]
10003530:	3b01      	subs	r3, #1
10003532:	b2db      	uxtb	r3, r3
10003534:	7013      	strb	r3, [r2, #0]
10003536:	7813      	ldrb	r3, [r2, #0]
10003538:	2b00      	cmp	r3, #0
1000353a:	d1a3      	bne.n	10003484 <tud_task_ext+0x2c>
1000353c:	2201      	movs	r2, #1
1000353e:	4d95      	ldr	r5, [pc, #596]	@ (10003794 <tud_task_ext+0x33c>)
10003540:	2101      	movs	r1, #1
10003542:	782b      	ldrb	r3, [r5, #0]
10003544:	2004      	movs	r0, #4
10003546:	4313      	orrs	r3, r2
10003548:	702b      	strb	r3, [r5, #0]
1000354a:	2334      	movs	r3, #52	@ 0x34
1000354c:	5cea      	ldrb	r2, [r5, r3]
1000354e:	438a      	bics	r2, r1
10003550:	54ea      	strb	r2, [r5, r3]
10003552:	5cea      	ldrb	r2, [r5, r3]
10003554:	4382      	bics	r2, r0
10003556:	54ea      	strb	r2, [r5, r3]
10003558:	3301      	adds	r3, #1
1000355a:	5cea      	ldrb	r2, [r5, r3]
1000355c:	438a      	bics	r2, r1
1000355e:	54ea      	strb	r2, [r5, r3]
10003560:	5cea      	ldrb	r2, [r5, r3]
10003562:	4382      	bics	r2, r0
10003564:	54ea      	strb	r2, [r5, r3]
10003566:	7823      	ldrb	r3, [r4, #0]
10003568:	2000      	movs	r0, #0
1000356a:	469b      	mov	fp, r3
1000356c:	f000 fca0 	bl	10003eb0 <usbd_control_set_complete_callback>
10003570:	2260      	movs	r2, #96	@ 0x60
10003572:	7923      	ldrb	r3, [r4, #4]
10003574:	401a      	ands	r2, r3
10003576:	2a60      	cmp	r2, #96	@ 0x60
10003578:	d100      	bne.n	1000357c <tud_task_ext+0x124>
1000357a:	e0ef      	b.n	1000375c <tud_task_ext+0x304>
1000357c:	2a40      	cmp	r2, #64	@ 0x40
1000357e:	d100      	bne.n	10003582 <tud_task_ext+0x12a>
10003580:	e0f5      	b.n	1000376e <tud_task_ext+0x316>
10003582:	06db      	lsls	r3, r3, #27
10003584:	0edb      	lsrs	r3, r3, #27
10003586:	2b01      	cmp	r3, #1
10003588:	d100      	bne.n	1000358c <tud_task_ext+0x134>
1000358a:	e113      	b.n	100037b4 <tud_task_ext+0x35c>
1000358c:	2b02      	cmp	r3, #2
1000358e:	d100      	bne.n	10003592 <tud_task_ext+0x13a>
10003590:	e0c7      	b.n	10003722 <tud_task_ext+0x2ca>
10003592:	2b00      	cmp	r3, #0
10003594:	d000      	beq.n	10003598 <tud_task_ext+0x140>
10003596:	e0e1      	b.n	1000375c <tud_task_ext+0x304>
10003598:	2a20      	cmp	r2, #32
1000359a:	d100      	bne.n	1000359e <tud_task_ext+0x146>
1000359c:	e21c      	b.n	100039d8 <tud_task_ext+0x580>
1000359e:	2a00      	cmp	r2, #0
100035a0:	d000      	beq.n	100035a4 <tud_task_ext+0x14c>
100035a2:	e0db      	b.n	1000375c <tud_task_ext+0x304>
100035a4:	7963      	ldrb	r3, [r4, #5]
100035a6:	2b09      	cmp	r3, #9
100035a8:	d900      	bls.n	100035ac <tud_task_ext+0x154>
100035aa:	e0d7      	b.n	1000375c <tud_task_ext+0x304>
100035ac:	4a7e      	ldr	r2, [pc, #504]	@ (100037a8 <tud_task_ext+0x350>)
100035ae:	009b      	lsls	r3, r3, #2
100035b0:	58d3      	ldr	r3, [r2, r3]
100035b2:	469f      	mov	pc, r3
100035b4:	4d77      	ldr	r5, [pc, #476]	@ (10003794 <tud_task_ext+0x33c>)
100035b6:	782b      	ldrb	r3, [r5, #0]
100035b8:	07db      	lsls	r3, r3, #31
100035ba:	d400      	bmi.n	100035be <tud_task_ext+0x166>
100035bc:	e762      	b.n	10003484 <tud_task_ext+0x2c>
100035be:	f7ff febb 	bl	10003338 <tud_resume_cb>
100035c2:	e75f      	b.n	10003484 <tud_task_ext+0x2c>
100035c4:	9b01      	ldr	r3, [sp, #4]
100035c6:	78db      	ldrb	r3, [r3, #3]
100035c8:	07db      	lsls	r3, r3, #31
100035ca:	d400      	bmi.n	100035ce <tud_task_ext+0x176>
100035cc:	e75a      	b.n	10003484 <tud_task_ext+0x2c>
100035ce:	6860      	ldr	r0, [r4, #4]
100035d0:	f7ff fea6 	bl	10003320 <tud_sof_cb>
100035d4:	e756      	b.n	10003484 <tud_task_ext+0x2c>
100035d6:	4d6f      	ldr	r5, [pc, #444]	@ (10003794 <tud_task_ext+0x33c>)
100035d8:	782b      	ldrb	r3, [r5, #0]
100035da:	07db      	lsls	r3, r3, #31
100035dc:	d400      	bmi.n	100035e0 <tud_task_ext+0x188>
100035de:	e751      	b.n	10003484 <tud_task_ext+0x2c>
100035e0:	7828      	ldrb	r0, [r5, #0]
100035e2:	0700      	lsls	r0, r0, #28
100035e4:	0fc0      	lsrs	r0, r0, #31
100035e6:	f7ff fea5 	bl	10003334 <tud_suspend_cb>
100035ea:	e74b      	b.n	10003484 <tud_task_ext+0x2c>
100035ec:	7823      	ldrb	r3, [r4, #0]
100035ee:	496a      	ldr	r1, [pc, #424]	@ (10003798 <tud_task_ext+0x340>)
100035f0:	4699      	mov	r9, r3
100035f2:	468b      	mov	fp, r1
100035f4:	4b69      	ldr	r3, [pc, #420]	@ (1000379c <tud_task_ext+0x344>)
100035f6:	496a      	ldr	r1, [pc, #424]	@ (100037a0 <tud_task_ext+0x348>)
100035f8:	4698      	mov	r8, r3
100035fa:	468a      	mov	sl, r1
100035fc:	0039      	movs	r1, r7
100035fe:	781a      	ldrb	r2, [r3, #0]
10003600:	4647      	mov	r7, r8
10003602:	2300      	movs	r3, #0
10003604:	46b0      	mov	r8, r6
10003606:	2500      	movs	r5, #0
10003608:	464e      	mov	r6, r9
1000360a:	4689      	mov	r9, r1
1000360c:	e010      	b.n	10003630 <tud_task_ext+0x1d8>
1000360e:	4653      	mov	r3, sl
10003610:	681b      	ldr	r3, [r3, #0]
10003612:	016a      	lsls	r2, r5, #5
10003614:	189b      	adds	r3, r3, r2
10003616:	2b00      	cmp	r3, #0
10003618:	d100      	bne.n	1000361c <tud_task_ext+0x1c4>
1000361a:	e076      	b.n	1000370a <tud_task_ext+0x2b2>
1000361c:	68db      	ldr	r3, [r3, #12]
1000361e:	0030      	movs	r0, r6
10003620:	4798      	blx	r3
10003622:	783a      	ldrb	r2, [r7, #0]
10003624:	3501      	adds	r5, #1
10003626:	b2ed      	uxtb	r5, r5
10003628:	1c51      	adds	r1, r2, #1
1000362a:	002b      	movs	r3, r5
1000362c:	428d      	cmp	r5, r1
1000362e:	dc44      	bgt.n	100036ba <tud_task_ext+0x262>
10003630:	4295      	cmp	r5, r2
10003632:	d3ec      	bcc.n	1000360e <tud_task_ext+0x1b6>
10003634:	1a9b      	subs	r3, r3, r2
10003636:	015b      	lsls	r3, r3, #5
10003638:	445b      	add	r3, fp
1000363a:	e7ef      	b.n	1000361c <tud_task_ext+0x1c4>
1000363c:	7823      	ldrb	r3, [r4, #0]
1000363e:	4958      	ldr	r1, [pc, #352]	@ (100037a0 <tud_task_ext+0x348>)
10003640:	4699      	mov	r9, r3
10003642:	4b56      	ldr	r3, [pc, #344]	@ (1000379c <tud_task_ext+0x344>)
10003644:	468a      	mov	sl, r1
10003646:	4698      	mov	r8, r3
10003648:	0031      	movs	r1, r6
1000364a:	46bb      	mov	fp, r7
1000364c:	464e      	mov	r6, r9
1000364e:	781a      	ldrb	r2, [r3, #0]
10003650:	2500      	movs	r5, #0
10003652:	2300      	movs	r3, #0
10003654:	4647      	mov	r7, r8
10003656:	4689      	mov	r9, r1
10003658:	e00f      	b.n	1000367a <tud_task_ext+0x222>
1000365a:	4653      	mov	r3, sl
1000365c:	681b      	ldr	r3, [r3, #0]
1000365e:	016a      	lsls	r2, r5, #5
10003660:	189b      	adds	r3, r3, r2
10003662:	2b00      	cmp	r3, #0
10003664:	d055      	beq.n	10003712 <tud_task_ext+0x2ba>
10003666:	68db      	ldr	r3, [r3, #12]
10003668:	0030      	movs	r0, r6
1000366a:	4798      	blx	r3
1000366c:	783a      	ldrb	r2, [r7, #0]
1000366e:	3501      	adds	r5, #1
10003670:	b2ed      	uxtb	r5, r5
10003672:	1c51      	adds	r1, r2, #1
10003674:	002b      	movs	r3, r5
10003676:	428d      	cmp	r5, r1
10003678:	dc07      	bgt.n	1000368a <tud_task_ext+0x232>
1000367a:	4295      	cmp	r5, r2
1000367c:	d3ed      	bcc.n	1000365a <tud_task_ext+0x202>
1000367e:	1a9b      	subs	r3, r3, r2
10003680:	9a00      	ldr	r2, [sp, #0]
10003682:	015b      	lsls	r3, r3, #5
10003684:	4694      	mov	ip, r2
10003686:	4463      	add	r3, ip
10003688:	e7ed      	b.n	10003666 <tud_task_ext+0x20e>
1000368a:	9d01      	ldr	r5, [sp, #4]
1000368c:	2254      	movs	r2, #84	@ 0x54
1000368e:	2100      	movs	r1, #0
10003690:	0028      	movs	r0, r5
10003692:	f7fe ff47 	bl	10002524 <__wrap_memset>
10003696:	2210      	movs	r2, #16
10003698:	21ff      	movs	r1, #255	@ 0xff
1000369a:	4844      	ldr	r0, [pc, #272]	@ (100037ac <tud_task_ext+0x354>)
1000369c:	f7fe ff42 	bl	10002524 <__wrap_memset>
100036a0:	0028      	movs	r0, r5
100036a2:	2220      	movs	r2, #32
100036a4:	21ff      	movs	r1, #255	@ 0xff
100036a6:	3014      	adds	r0, #20
100036a8:	464e      	mov	r6, r9
100036aa:	465f      	mov	r7, fp
100036ac:	f7fe ff3a 	bl	10002524 <__wrap_memset>
100036b0:	f000 fbf4 	bl	10003e9c <usbd_control_reset>
100036b4:	f7ff fe3c 	bl	10003330 <tud_umount_cb>
100036b8:	e6e4      	b.n	10003484 <tud_task_ext+0x2c>
100036ba:	4d36      	ldr	r5, [pc, #216]	@ (10003794 <tud_task_ext+0x33c>)
100036bc:	2254      	movs	r2, #84	@ 0x54
100036be:	2100      	movs	r1, #0
100036c0:	0028      	movs	r0, r5
100036c2:	f7fe ff2f 	bl	10002524 <__wrap_memset>
100036c6:	2210      	movs	r2, #16
100036c8:	21ff      	movs	r1, #255	@ 0xff
100036ca:	1d28      	adds	r0, r5, #4
100036cc:	f7fe ff2a 	bl	10002524 <__wrap_memset>
100036d0:	0028      	movs	r0, r5
100036d2:	2220      	movs	r2, #32
100036d4:	21ff      	movs	r1, #255	@ 0xff
100036d6:	3014      	adds	r0, #20
100036d8:	4646      	mov	r6, r8
100036da:	464f      	mov	r7, r9
100036dc:	f7fe ff22 	bl	10002524 <__wrap_memset>
100036e0:	f000 fbdc 	bl	10003e9c <usbd_control_reset>
100036e4:	7923      	ldrb	r3, [r4, #4]
100036e6:	70ab      	strb	r3, [r5, #2]
100036e8:	e6cc      	b.n	10003484 <tud_task_ext+0x2c>
100036ea:	1c50      	adds	r0, r2, #1
100036ec:	4298      	cmp	r0, r3
100036ee:	da13      	bge.n	10003718 <tud_task_ext+0x2c0>
100036f0:	b011      	add	sp, #68	@ 0x44
100036f2:	bcf0      	pop	{r4, r5, r6, r7}
100036f4:	46bb      	mov	fp, r7
100036f6:	46b2      	mov	sl, r6
100036f8:	46a9      	mov	r9, r5
100036fa:	46a0      	mov	r8, r4
100036fc:	bdf0      	pop	{r4, r5, r6, r7, pc}
100036fe:	68a3      	ldr	r3, [r4, #8]
10003700:	7962      	ldrb	r2, [r4, #5]
10003702:	7820      	ldrb	r0, [r4, #0]
10003704:	f000 fbe8 	bl	10003ed8 <usbd_control_xfer_cb>
10003708:	e6bc      	b.n	10003484 <tud_task_ext+0x2c>
1000370a:	4646      	mov	r6, r8
1000370c:	464f      	mov	r7, r9
1000370e:	4d21      	ldr	r5, [pc, #132]	@ (10003794 <tud_task_ext+0x33c>)
10003710:	e7e6      	b.n	100036e0 <tud_task_ext+0x288>
10003712:	464e      	mov	r6, r9
10003714:	465f      	mov	r7, fp
10003716:	e7cb      	b.n	100036b0 <tud_task_ext+0x258>
10003718:	4d1f      	ldr	r5, [pc, #124]	@ (10003798 <tud_task_ext+0x340>)
1000371a:	1a9b      	subs	r3, r3, r2
1000371c:	015b      	lsls	r3, r3, #5
1000371e:	195d      	adds	r5, r3, r5
10003720:	e6fa      	b.n	10003518 <tud_task_ext+0xc0>
10003722:	2370      	movs	r3, #112	@ 0x70
10003724:	7a21      	ldrb	r1, [r4, #8]
10003726:	420b      	tst	r3, r1
10003728:	d118      	bne.n	1000375c <tud_task_ext+0x304>
1000372a:	09c8      	lsrs	r0, r1, #7
1000372c:	4682      	mov	sl, r0
1000372e:	330f      	adds	r3, #15
10003730:	400b      	ands	r3, r1
10003732:	005b      	lsls	r3, r3, #1
10003734:	4698      	mov	r8, r3
10003736:	4819      	ldr	r0, [pc, #100]	@ (1000379c <tud_task_ext+0x344>)
10003738:	18eb      	adds	r3, r5, r3
1000373a:	4453      	add	r3, sl
1000373c:	7d1b      	ldrb	r3, [r3, #20]
1000373e:	7800      	ldrb	r0, [r0, #0]
10003740:	4699      	mov	r9, r3
10003742:	4283      	cmp	r3, r0
10003744:	d266      	bcs.n	10003814 <tud_task_ext+0x3bc>
10003746:	4816      	ldr	r0, [pc, #88]	@ (100037a0 <tud_task_ext+0x348>)
10003748:	015b      	lsls	r3, r3, #5
1000374a:	6800      	ldr	r0, [r0, #0]
1000374c:	4681      	mov	r9, r0
1000374e:	4499      	add	r9, r3
10003750:	2a00      	cmp	r2, #0
10003752:	d100      	bne.n	10003756 <tud_task_ext+0x2fe>
10003754:	e15f      	b.n	10003a16 <tud_task_ext+0x5be>
10003756:	464b      	mov	r3, r9
10003758:	2b00      	cmp	r3, #0
1000375a:	d168      	bne.n	1000382e <tud_task_ext+0x3d6>
1000375c:	7820      	ldrb	r0, [r4, #0]
1000375e:	2100      	movs	r1, #0
10003760:	f7ff fd6a 	bl	10003238 <dcd_edpt_stall>
10003764:	2180      	movs	r1, #128	@ 0x80
10003766:	7820      	ldrb	r0, [r4, #0]
10003768:	f7ff fd66 	bl	10003238 <dcd_edpt_stall>
1000376c:	e68a      	b.n	10003484 <tud_task_ext+0x2c>
1000376e:	4810      	ldr	r0, [pc, #64]	@ (100037b0 <tud_task_ext+0x358>)
10003770:	f000 fb9e 	bl	10003eb0 <usbd_control_set_complete_callback>
10003774:	2101      	movs	r1, #1
10003776:	4658      	mov	r0, fp
10003778:	aa0e      	add	r2, sp, #56	@ 0x38
1000377a:	f7ff f8c3 	bl	10002904 <tud_vendor_control_xfer_cb>
1000377e:	2800      	cmp	r0, #0
10003780:	d000      	beq.n	10003784 <tud_task_ext+0x32c>
10003782:	e67f      	b.n	10003484 <tud_task_ext+0x2c>
10003784:	e7ea      	b.n	1000375c <tud_task_ext+0x304>
10003786:	46c0      	nop			@ (mov r8, r8)
10003788:	20001064 	.word	0x20001064
1000378c:	10007c14 	.word	0x10007c14
10003790:	200016f8 	.word	0x200016f8
10003794:	200016a0 	.word	0x200016a0
10003798:	10007cbc 	.word	0x10007cbc
1000379c:	2002253c 	.word	0x2002253c
100037a0:	200014f0 	.word	0x200014f0
100037a4:	2002253e 	.word	0x2002253e
100037a8:	10007c38 	.word	0x10007c38
100037ac:	200016a4 	.word	0x200016a4
100037b0:	10002905 	.word	0x10002905
100037b4:	7a23      	ldrb	r3, [r4, #8]
100037b6:	2b0f      	cmp	r3, #15
100037b8:	d8d0      	bhi.n	1000375c <tud_task_ext+0x304>
100037ba:	4acf      	ldr	r2, [pc, #828]	@ (10003af8 <tud_task_ext+0x6a0>)
100037bc:	18eb      	adds	r3, r5, r3
100037be:	791b      	ldrb	r3, [r3, #4]
100037c0:	7815      	ldrb	r5, [r2, #0]
100037c2:	42ab      	cmp	r3, r5
100037c4:	d33e      	bcc.n	10003844 <tud_task_ext+0x3ec>
100037c6:	1c69      	adds	r1, r5, #1
100037c8:	4299      	cmp	r1, r3
100037ca:	dbc7      	blt.n	1000375c <tud_task_ext+0x304>
100037cc:	1b5d      	subs	r5, r3, r5
100037ce:	4bcb      	ldr	r3, [pc, #812]	@ (10003afc <tud_task_ext+0x6a4>)
100037d0:	016d      	lsls	r5, r5, #5
100037d2:	18ed      	adds	r5, r5, r3
100037d4:	6968      	ldr	r0, [r5, #20]
100037d6:	f000 fb6b 	bl	10003eb0 <usbd_control_set_complete_callback>
100037da:	2101      	movs	r1, #1
100037dc:	4658      	mov	r0, fp
100037de:	696b      	ldr	r3, [r5, #20]
100037e0:	aa0e      	add	r2, sp, #56	@ 0x38
100037e2:	4798      	blx	r3
100037e4:	2800      	cmp	r0, #0
100037e6:	d000      	beq.n	100037ea <tud_task_ext+0x392>
100037e8:	e64c      	b.n	10003484 <tud_task_ext+0x2c>
100037ea:	2260      	movs	r2, #96	@ 0x60
100037ec:	0015      	movs	r5, r2
100037ee:	7923      	ldrb	r3, [r4, #4]
100037f0:	401d      	ands	r5, r3
100037f2:	421a      	tst	r2, r3
100037f4:	d1b2      	bne.n	1000375c <tud_task_ext+0x304>
100037f6:	7963      	ldrb	r3, [r4, #5]
100037f8:	3b0a      	subs	r3, #10
100037fa:	2b01      	cmp	r3, #1
100037fc:	d8ae      	bhi.n	1000375c <tud_task_ext+0x304>
100037fe:	f000 fb57 	bl	10003eb0 <usbd_control_set_complete_callback>
10003802:	7963      	ldrb	r3, [r4, #5]
10003804:	2b0a      	cmp	r3, #10
10003806:	d100      	bne.n	1000380a <tud_task_ext+0x3b2>
10003808:	e199      	b.n	10003b3e <tud_task_ext+0x6e6>
1000380a:	4658      	mov	r0, fp
1000380c:	a90e      	add	r1, sp, #56	@ 0x38
1000380e:	f000 fad9 	bl	10003dc4 <tud_control_status>
10003812:	e637      	b.n	10003484 <tud_task_ext+0x2c>
10003814:	1c43      	adds	r3, r0, #1
10003816:	454b      	cmp	r3, r9
10003818:	da00      	bge.n	1000381c <tud_task_ext+0x3c4>
1000381a:	e0f7      	b.n	10003a0c <tud_task_ext+0x5b4>
1000381c:	464b      	mov	r3, r9
1000381e:	1a1b      	subs	r3, r3, r0
10003820:	015b      	lsls	r3, r3, #5
10003822:	4699      	mov	r9, r3
10003824:	48b5      	ldr	r0, [pc, #724]	@ (10003afc <tud_task_ext+0x6a4>)
10003826:	4481      	add	r9, r0
10003828:	2a00      	cmp	r2, #0
1000382a:	d100      	bne.n	1000382e <tud_task_ext+0x3d6>
1000382c:	e0f3      	b.n	10003a16 <tud_task_ext+0x5be>
1000382e:	464b      	mov	r3, r9
10003830:	6958      	ldr	r0, [r3, #20]
10003832:	f000 fb3d 	bl	10003eb0 <usbd_control_set_complete_callback>
10003836:	464b      	mov	r3, r9
10003838:	2101      	movs	r1, #1
1000383a:	4658      	mov	r0, fp
1000383c:	695b      	ldr	r3, [r3, #20]
1000383e:	aa0e      	add	r2, sp, #56	@ 0x38
10003840:	4798      	blx	r3
10003842:	e79c      	b.n	1000377e <tud_task_ext+0x326>
10003844:	4aae      	ldr	r2, [pc, #696]	@ (10003b00 <tud_task_ext+0x6a8>)
10003846:	015b      	lsls	r3, r3, #5
10003848:	6815      	ldr	r5, [r2, #0]
1000384a:	18ed      	adds	r5, r5, r3
1000384c:	2d00      	cmp	r5, #0
1000384e:	d1c1      	bne.n	100037d4 <tud_task_ext+0x37c>
10003850:	e784      	b.n	1000375c <tud_task_ext+0x304>
10003852:	79a3      	ldrb	r3, [r4, #6]
10003854:	4699      	mov	r9, r3
10003856:	786b      	ldrb	r3, [r5, #1]
10003858:	4599      	cmp	r9, r3
1000385a:	d0d6      	beq.n	1000380a <tud_task_ext+0x3b2>
1000385c:	786b      	ldrb	r3, [r5, #1]
1000385e:	2b00      	cmp	r3, #0
10003860:	d000      	beq.n	10003864 <tud_task_ext+0x40c>
10003862:	e133      	b.n	10003acc <tud_task_ext+0x674>
10003864:	464b      	mov	r3, r9
10003866:	706b      	strb	r3, [r5, #1]
10003868:	2b00      	cmp	r3, #0
1000386a:	d100      	bne.n	1000386e <tud_task_ext+0x416>
1000386c:	e12b      	b.n	10003ac6 <tud_task_ext+0x66e>
1000386e:	4648      	mov	r0, r9
10003870:	3801      	subs	r0, #1
10003872:	b2c0      	uxtb	r0, r0
10003874:	f7ff fa92 	bl	10002d9c <tud_descriptor_configuration_cb>
10003878:	2800      	cmp	r0, #0
1000387a:	d100      	bne.n	1000387e <tud_task_ext+0x426>
1000387c:	e17e      	b.n	10003b7c <tud_task_ext+0x724>
1000387e:	7843      	ldrb	r3, [r0, #1]
10003880:	9307      	str	r3, [sp, #28]
10003882:	2b02      	cmp	r3, #2
10003884:	d000      	beq.n	10003888 <tud_task_ext+0x430>
10003886:	e179      	b.n	10003b7c <tud_task_ext+0x724>
10003888:	2201      	movs	r2, #1
1000388a:	79c1      	ldrb	r1, [r0, #7]
1000388c:	46b1      	mov	r9, r6
1000388e:	118b      	asrs	r3, r1, #6
10003890:	1149      	asrs	r1, r1, #5
10003892:	4013      	ands	r3, r2
10003894:	400a      	ands	r2, r1
10003896:	2130      	movs	r1, #48	@ 0x30
10003898:	0112      	lsls	r2, r2, #4
1000389a:	015b      	lsls	r3, r3, #5
1000389c:	4313      	orrs	r3, r2
1000389e:	782a      	ldrb	r2, [r5, #0]
100038a0:	46a8      	mov	r8, r5
100038a2:	438a      	bics	r2, r1
100038a4:	4313      	orrs	r3, r2
100038a6:	702b      	strb	r3, [r5, #0]
100038a8:	2309      	movs	r3, #9
100038aa:	469a      	mov	sl, r3
100038ac:	4482      	add	sl, r0
100038ae:	4656      	mov	r6, sl
100038b0:	46ba      	mov	sl, r7
100038b2:	78c3      	ldrb	r3, [r0, #3]
100038b4:	7882      	ldrb	r2, [r0, #2]
100038b6:	021b      	lsls	r3, r3, #8
100038b8:	4313      	orrs	r3, r2
100038ba:	18c3      	adds	r3, r0, r3
100038bc:	9305      	str	r3, [sp, #20]
100038be:	4b8e      	ldr	r3, [pc, #568]	@ (10003af8 <tud_task_ext+0x6a0>)
100038c0:	9304      	str	r3, [sp, #16]
100038c2:	4b8e      	ldr	r3, [pc, #568]	@ (10003afc <tud_task_ext+0x6a4>)
100038c4:	9308      	str	r3, [sp, #32]
100038c6:	4b8e      	ldr	r3, [pc, #568]	@ (10003b00 <tud_task_ext+0x6a8>)
100038c8:	9309      	str	r3, [sp, #36]	@ 0x24
100038ca:	4b8e      	ldr	r3, [pc, #568]	@ (10003b04 <tud_task_ext+0x6ac>)
100038cc:	930a      	str	r3, [sp, #40]	@ 0x28
100038ce:	9b05      	ldr	r3, [sp, #20]
100038d0:	42b3      	cmp	r3, r6
100038d2:	d800      	bhi.n	100038d6 <tud_task_ext+0x47e>
100038d4:	e155      	b.n	10003b82 <tud_task_ext+0x72a>
100038d6:	7873      	ldrb	r3, [r6, #1]
100038d8:	2201      	movs	r2, #1
100038da:	2b0b      	cmp	r3, #11
100038dc:	d103      	bne.n	100038e6 <tud_task_ext+0x48e>
100038de:	7833      	ldrb	r3, [r6, #0]
100038e0:	78f2      	ldrb	r2, [r6, #3]
100038e2:	18f6      	adds	r6, r6, r3
100038e4:	7873      	ldrb	r3, [r6, #1]
100038e6:	2b04      	cmp	r3, #4
100038e8:	d000      	beq.n	100038ec <tud_task_ext+0x494>
100038ea:	e144      	b.n	10003b76 <tud_task_ext+0x71e>
100038ec:	9b05      	ldr	r3, [sp, #20]
100038ee:	2700      	movs	r7, #0
100038f0:	1b9b      	subs	r3, r3, r6
100038f2:	b29b      	uxth	r3, r3
100038f4:	9306      	str	r3, [sp, #24]
100038f6:	9b04      	ldr	r3, [sp, #16]
100038f8:	920b      	str	r2, [sp, #44]	@ 0x2c
100038fa:	781d      	ldrb	r5, [r3, #0]
100038fc:	2300      	movs	r3, #0
100038fe:	9303      	str	r3, [sp, #12]
10003900:	e01b      	b.n	1000393a <tud_task_ext+0x4e2>
10003902:	9a09      	ldr	r2, [sp, #36]	@ 0x24
10003904:	017b      	lsls	r3, r7, #5
10003906:	6815      	ldr	r5, [r2, #0]
10003908:	18ed      	adds	r5, r5, r3
1000390a:	2d00      	cmp	r5, #0
1000390c:	d100      	bne.n	10003910 <tud_task_ext+0x4b8>
1000390e:	e132      	b.n	10003b76 <tud_task_ext+0x71e>
10003910:	0031      	movs	r1, r6
10003912:	4658      	mov	r0, fp
10003914:	692b      	ldr	r3, [r5, #16]
10003916:	9a06      	ldr	r2, [sp, #24]
10003918:	4798      	blx	r3
1000391a:	4684      	mov	ip, r0
1000391c:	2808      	cmp	r0, #8
1000391e:	d903      	bls.n	10003928 <tud_task_ext+0x4d0>
10003920:	9a06      	ldr	r2, [sp, #24]
10003922:	4282      	cmp	r2, r0
10003924:	d300      	bcc.n	10003928 <tud_task_ext+0x4d0>
10003926:	e113      	b.n	10003b50 <tud_task_ext+0x6f8>
10003928:	9b04      	ldr	r3, [sp, #16]
1000392a:	3701      	adds	r7, #1
1000392c:	781d      	ldrb	r5, [r3, #0]
1000392e:	b2ff      	uxtb	r7, r7
10003930:	1c6b      	adds	r3, r5, #1
10003932:	9703      	str	r7, [sp, #12]
10003934:	429f      	cmp	r7, r3
10003936:	dd00      	ble.n	1000393a <tud_task_ext+0x4e2>
10003938:	e11d      	b.n	10003b76 <tud_task_ext+0x71e>
1000393a:	42bd      	cmp	r5, r7
1000393c:	d8e1      	bhi.n	10003902 <tud_task_ext+0x4aa>
1000393e:	9b03      	ldr	r3, [sp, #12]
10003940:	1b5d      	subs	r5, r3, r5
10003942:	9b08      	ldr	r3, [sp, #32]
10003944:	016d      	lsls	r5, r5, #5
10003946:	469c      	mov	ip, r3
10003948:	4465      	add	r5, ip
1000394a:	e7e1      	b.n	10003910 <tud_task_ext+0x4b8>
1000394c:	786b      	ldrb	r3, [r5, #1]
1000394e:	aa0c      	add	r2, sp, #48	@ 0x30
10003950:	3202      	adds	r2, #2
10003952:	7013      	strb	r3, [r2, #0]
10003954:	4658      	mov	r0, fp
10003956:	2301      	movs	r3, #1
10003958:	a90e      	add	r1, sp, #56	@ 0x38
1000395a:	f000 fa49 	bl	10003df0 <tud_control_xfer>
1000395e:	e591      	b.n	10003484 <tud_task_ext+0x2c>
10003960:	88e3      	ldrh	r3, [r4, #6]
10003962:	0a1a      	lsrs	r2, r3, #8
10003964:	b2d8      	uxtb	r0, r3
10003966:	2a0f      	cmp	r2, #15
10003968:	d900      	bls.n	1000396c <tud_task_ext+0x514>
1000396a:	e6f7      	b.n	1000375c <tud_task_ext+0x304>
1000396c:	4966      	ldr	r1, [pc, #408]	@ (10003b08 <tud_task_ext+0x6b0>)
1000396e:	0093      	lsls	r3, r2, #2
10003970:	58cb      	ldr	r3, [r1, r3]
10003972:	469f      	mov	pc, r3
10003974:	a80e      	add	r0, sp, #56	@ 0x38
10003976:	f000 faa1 	bl	10003ebc <usbd_control_set_request>
1000397a:	4658      	mov	r0, fp
1000397c:	79a1      	ldrb	r1, [r4, #6]
1000397e:	f7ff fb95 	bl	100030ac <dcd_set_address>
10003982:	2202      	movs	r2, #2
10003984:	782b      	ldrb	r3, [r5, #0]
10003986:	4313      	orrs	r3, r2
10003988:	702b      	strb	r3, [r5, #0]
1000398a:	e57b      	b.n	10003484 <tud_task_ext+0x2c>
1000398c:	88e3      	ldrh	r3, [r4, #6]
1000398e:	2b01      	cmp	r3, #1
10003990:	d000      	beq.n	10003994 <tud_task_ext+0x53c>
10003992:	e6e3      	b.n	1000375c <tud_task_ext+0x304>
10003994:	2208      	movs	r2, #8
10003996:	782b      	ldrb	r3, [r5, #0]
10003998:	4658      	mov	r0, fp
1000399a:	4393      	bics	r3, r2
1000399c:	a90e      	add	r1, sp, #56	@ 0x38
1000399e:	702b      	strb	r3, [r5, #0]
100039a0:	f000 fa10 	bl	10003dc4 <tud_control_status>
100039a4:	e56e      	b.n	10003484 <tud_task_ext+0x2c>
100039a6:	2002      	movs	r0, #2
100039a8:	7829      	ldrb	r1, [r5, #0]
100039aa:	ab0c      	add	r3, sp, #48	@ 0x30
100039ac:	1c9a      	adds	r2, r3, #2
100039ae:	068b      	lsls	r3, r1, #26
100039b0:	0889      	lsrs	r1, r1, #2
100039b2:	0fdb      	lsrs	r3, r3, #31
100039b4:	4001      	ands	r1, r0
100039b6:	430b      	orrs	r3, r1
100039b8:	8013      	strh	r3, [r2, #0]
100039ba:	4658      	mov	r0, fp
100039bc:	2302      	movs	r3, #2
100039be:	a90e      	add	r1, sp, #56	@ 0x38
100039c0:	f000 fa16 	bl	10003df0 <tud_control_xfer>
100039c4:	e55e      	b.n	10003484 <tud_task_ext+0x2c>
100039c6:	88e3      	ldrh	r3, [r4, #6]
100039c8:	2b01      	cmp	r3, #1
100039ca:	d000      	beq.n	100039ce <tud_task_ext+0x576>
100039cc:	e6c6      	b.n	1000375c <tud_task_ext+0x304>
100039ce:	2208      	movs	r2, #8
100039d0:	782b      	ldrb	r3, [r5, #0]
100039d2:	4313      	orrs	r3, r2
100039d4:	702b      	strb	r3, [r5, #0]
100039d6:	e718      	b.n	1000380a <tud_task_ext+0x3b2>
100039d8:	7a23      	ldrb	r3, [r4, #8]
100039da:	2b0f      	cmp	r3, #15
100039dc:	d900      	bls.n	100039e0 <tud_task_ext+0x588>
100039de:	e6bd      	b.n	1000375c <tud_task_ext+0x304>
100039e0:	18eb      	adds	r3, r5, r3
100039e2:	791d      	ldrb	r5, [r3, #4]
100039e4:	4b44      	ldr	r3, [pc, #272]	@ (10003af8 <tud_task_ext+0x6a0>)
100039e6:	781b      	ldrb	r3, [r3, #0]
100039e8:	429d      	cmp	r5, r3
100039ea:	d228      	bcs.n	10003a3e <tud_task_ext+0x5e6>
100039ec:	4b44      	ldr	r3, [pc, #272]	@ (10003b00 <tud_task_ext+0x6a8>)
100039ee:	016d      	lsls	r5, r5, #5
100039f0:	681b      	ldr	r3, [r3, #0]
100039f2:	195d      	adds	r5, r3, r5
100039f4:	2d00      	cmp	r5, #0
100039f6:	d100      	bne.n	100039fa <tud_task_ext+0x5a2>
100039f8:	e6b0      	b.n	1000375c <tud_task_ext+0x304>
100039fa:	6968      	ldr	r0, [r5, #20]
100039fc:	f000 fa58 	bl	10003eb0 <usbd_control_set_complete_callback>
10003a00:	2101      	movs	r1, #1
10003a02:	4658      	mov	r0, fp
10003a04:	696b      	ldr	r3, [r5, #20]
10003a06:	aa0e      	add	r2, sp, #56	@ 0x38
10003a08:	4798      	blx	r3
10003a0a:	e6b8      	b.n	1000377e <tud_task_ext+0x326>
10003a0c:	2a00      	cmp	r2, #0
10003a0e:	d000      	beq.n	10003a12 <tud_task_ext+0x5ba>
10003a10:	e6a4      	b.n	1000375c <tud_task_ext+0x304>
10003a12:	2300      	movs	r3, #0
10003a14:	4699      	mov	r9, r3
10003a16:	7962      	ldrb	r2, [r4, #5]
10003a18:	2002      	movs	r0, #2
10003a1a:	0013      	movs	r3, r2
10003a1c:	9203      	str	r2, [sp, #12]
10003a1e:	4383      	bics	r3, r0
10003a20:	2b01      	cmp	r3, #1
10003a22:	d015      	beq.n	10003a50 <tud_task_ext+0x5f8>
10003a24:	2a00      	cmp	r2, #0
10003a26:	d000      	beq.n	10003a2a <tud_task_ext+0x5d2>
10003a28:	e698      	b.n	1000375c <tud_task_ext+0x304>
10003a2a:	002b      	movs	r3, r5
10003a2c:	4443      	add	r3, r8
10003a2e:	4453      	add	r3, sl
10003a30:	3330      	adds	r3, #48	@ 0x30
10003a32:	791b      	ldrb	r3, [r3, #4]
10003a34:	aa0c      	add	r2, sp, #48	@ 0x30
10003a36:	079b      	lsls	r3, r3, #30
10003a38:	0fdb      	lsrs	r3, r3, #31
10003a3a:	3202      	adds	r2, #2
10003a3c:	e7bc      	b.n	100039b8 <tud_task_ext+0x560>
10003a3e:	1c5a      	adds	r2, r3, #1
10003a40:	42aa      	cmp	r2, r5
10003a42:	da00      	bge.n	10003a46 <tud_task_ext+0x5ee>
10003a44:	e68a      	b.n	1000375c <tud_task_ext+0x304>
10003a46:	1aed      	subs	r5, r5, r3
10003a48:	4b2c      	ldr	r3, [pc, #176]	@ (10003afc <tud_task_ext+0x6a4>)
10003a4a:	016d      	lsls	r5, r5, #5
10003a4c:	18ed      	adds	r5, r5, r3
10003a4e:	e7d4      	b.n	100039fa <tud_task_ext+0x5a2>
10003a50:	88e3      	ldrh	r3, [r4, #6]
10003a52:	2b00      	cmp	r3, #0
10003a54:	d112      	bne.n	10003a7c <tud_task_ext+0x624>
10003a56:	9b02      	ldr	r3, [sp, #8]
10003a58:	7818      	ldrb	r0, [r3, #0]
10003a5a:	9b03      	ldr	r3, [sp, #12]
10003a5c:	2b01      	cmp	r3, #1
10003a5e:	d023      	beq.n	10003aa8 <tud_task_ext+0x650>
10003a60:	f7ff fbea 	bl	10003238 <dcd_edpt_stall>
10003a64:	4643      	mov	r3, r8
10003a66:	2102      	movs	r1, #2
10003a68:	18eb      	adds	r3, r5, r3
10003a6a:	4453      	add	r3, sl
10003a6c:	3330      	adds	r3, #48	@ 0x30
10003a6e:	791a      	ldrb	r2, [r3, #4]
10003a70:	430a      	orrs	r2, r1
10003a72:	2101      	movs	r1, #1
10003a74:	711a      	strb	r2, [r3, #4]
10003a76:	791a      	ldrb	r2, [r3, #4]
10003a78:	430a      	orrs	r2, r1
10003a7a:	711a      	strb	r2, [r3, #4]
10003a7c:	464b      	mov	r3, r9
10003a7e:	2b00      	cmp	r3, #0
10003a80:	d100      	bne.n	10003a84 <tud_task_ext+0x62c>
10003a82:	e4ff      	b.n	10003484 <tud_task_ext+0x2c>
10003a84:	6958      	ldr	r0, [r3, #20]
10003a86:	f000 fa13 	bl	10003eb0 <usbd_control_set_complete_callback>
10003a8a:	464b      	mov	r3, r9
10003a8c:	2101      	movs	r1, #1
10003a8e:	695b      	ldr	r3, [r3, #20]
10003a90:	aa0e      	add	r2, sp, #56	@ 0x38
10003a92:	4658      	mov	r0, fp
10003a94:	4798      	blx	r3
10003a96:	2000      	movs	r0, #0
10003a98:	f000 fa0a 	bl	10003eb0 <usbd_control_set_complete_callback>
10003a9c:	2335      	movs	r3, #53	@ 0x35
10003a9e:	5ceb      	ldrb	r3, [r5, r3]
10003aa0:	07db      	lsls	r3, r3, #31
10003aa2:	d500      	bpl.n	10003aa6 <tud_task_ext+0x64e>
10003aa4:	e4ee      	b.n	10003484 <tud_task_ext+0x2c>
10003aa6:	e6b0      	b.n	1000380a <tud_task_ext+0x3b2>
10003aa8:	f7ff fbe0 	bl	1000326c <dcd_edpt_clear_stall>
10003aac:	4643      	mov	r3, r8
10003aae:	2102      	movs	r1, #2
10003ab0:	18eb      	adds	r3, r5, r3
10003ab2:	4453      	add	r3, sl
10003ab4:	3330      	adds	r3, #48	@ 0x30
10003ab6:	791a      	ldrb	r2, [r3, #4]
10003ab8:	438a      	bics	r2, r1
10003aba:	711a      	strb	r2, [r3, #4]
10003abc:	791a      	ldrb	r2, [r3, #4]
10003abe:	9903      	ldr	r1, [sp, #12]
10003ac0:	438a      	bics	r2, r1
10003ac2:	711a      	strb	r2, [r3, #4]
10003ac4:	e7da      	b.n	10003a7c <tud_task_ext+0x624>
10003ac6:	f7ff fc33 	bl	10003330 <tud_umount_cb>
10003aca:	e69e      	b.n	1000380a <tud_task_ext+0x3b2>
10003acc:	2100      	movs	r1, #0
10003ace:	4658      	mov	r0, fp
10003ad0:	f7ff faf6 	bl	100030c0 <dcd_sof_enable>
10003ad4:	4658      	mov	r0, fp
10003ad6:	f7ff fb99 	bl	1000320c <dcd_edpt_close_all>
10003ada:	78ab      	ldrb	r3, [r5, #2]
10003adc:	4907      	ldr	r1, [pc, #28]	@ (10003afc <tud_task_ext+0x6a4>)
10003ade:	9303      	str	r3, [sp, #12]
10003ae0:	9104      	str	r1, [sp, #16]
10003ae2:	4b05      	ldr	r3, [pc, #20]	@ (10003af8 <tud_task_ext+0x6a0>)
10003ae4:	4906      	ldr	r1, [pc, #24]	@ (10003b00 <tud_task_ext+0x6a8>)
10003ae6:	4698      	mov	r8, r3
10003ae8:	781a      	ldrb	r2, [r3, #0]
10003aea:	9105      	str	r1, [sp, #20]
10003aec:	2300      	movs	r3, #0
10003aee:	0029      	movs	r1, r5
10003af0:	001d      	movs	r5, r3
10003af2:	468a      	mov	sl, r1
10003af4:	e01b      	b.n	10003b2e <tud_task_ext+0x6d6>
10003af6:	46c0      	nop			@ (mov r8, r8)
10003af8:	2002253c 	.word	0x2002253c
10003afc:	10007cbc 	.word	0x10007cbc
10003b00:	200014f0 	.word	0x200014f0
10003b04:	200016b4 	.word	0x200016b4
10003b08:	10007c60 	.word	0x10007c60
10003b0c:	9b05      	ldr	r3, [sp, #20]
10003b0e:	016a      	lsls	r2, r5, #5
10003b10:	681b      	ldr	r3, [r3, #0]
10003b12:	189b      	adds	r3, r3, r2
10003b14:	2b00      	cmp	r3, #0
10003b16:	d04d      	beq.n	10003bb4 <tud_task_ext+0x75c>
10003b18:	68db      	ldr	r3, [r3, #12]
10003b1a:	4658      	mov	r0, fp
10003b1c:	4798      	blx	r3
10003b1e:	4643      	mov	r3, r8
10003b20:	781a      	ldrb	r2, [r3, #0]
10003b22:	3501      	adds	r5, #1
10003b24:	b2ed      	uxtb	r5, r5
10003b26:	1c51      	adds	r1, r2, #1
10003b28:	002b      	movs	r3, r5
10003b2a:	428d      	cmp	r5, r1
10003b2c:	dc2e      	bgt.n	10003b8c <tud_task_ext+0x734>
10003b2e:	4295      	cmp	r5, r2
10003b30:	d3ec      	bcc.n	10003b0c <tud_task_ext+0x6b4>
10003b32:	1a9b      	subs	r3, r3, r2
10003b34:	9a04      	ldr	r2, [sp, #16]
10003b36:	015b      	lsls	r3, r3, #5
10003b38:	4694      	mov	ip, r2
10003b3a:	4463      	add	r3, ip
10003b3c:	e7ec      	b.n	10003b18 <tud_task_ext+0x6c0>
10003b3e:	ab0c      	add	r3, sp, #48	@ 0x30
10003b40:	1c9a      	adds	r2, r3, #2
10003b42:	4658      	mov	r0, fp
10003b44:	2301      	movs	r3, #1
10003b46:	a90e      	add	r1, sp, #56	@ 0x38
10003b48:	7015      	strb	r5, [r2, #0]
10003b4a:	f000 f951 	bl	10003df0 <tud_control_xfer>
10003b4e:	e499      	b.n	10003484 <tud_task_ext+0x2c>
10003b50:	9a0b      	ldr	r2, [sp, #44]	@ 0x2c
10003b52:	2a01      	cmp	r2, #1
10003b54:	d04f      	beq.n	10003bf6 <tud_task_ext+0x79e>
10003b56:	2a00      	cmp	r2, #0
10003b58:	d03c      	beq.n	10003bd4 <tud_task_ext+0x77c>
10003b5a:	2300      	movs	r3, #0
10003b5c:	78b0      	ldrb	r0, [r6, #2]
10003b5e:	e004      	b.n	10003b6a <tud_task_ext+0x712>
10003b60:	3301      	adds	r3, #1
10003b62:	b2db      	uxtb	r3, r3
10003b64:	710f      	strb	r7, [r1, #4]
10003b66:	4293      	cmp	r3, r2
10003b68:	d234      	bcs.n	10003bd4 <tud_task_ext+0x77c>
10003b6a:	18c1      	adds	r1, r0, r3
10003b6c:	b2c9      	uxtb	r1, r1
10003b6e:	4441      	add	r1, r8
10003b70:	790d      	ldrb	r5, [r1, #4]
10003b72:	2dff      	cmp	r5, #255	@ 0xff
10003b74:	d0f4      	beq.n	10003b60 <tud_task_ext+0x708>
10003b76:	464e      	mov	r6, r9
10003b78:	4645      	mov	r5, r8
10003b7a:	4657      	mov	r7, sl
10003b7c:	2300      	movs	r3, #0
10003b7e:	706b      	strb	r3, [r5, #1]
10003b80:	e5ec      	b.n	1000375c <tud_task_ext+0x304>
10003b82:	464e      	mov	r6, r9
10003b84:	4657      	mov	r7, sl
10003b86:	f7ff fbd1 	bl	1000332c <tud_mount_cb>
10003b8a:	e63e      	b.n	1000380a <tud_task_ext+0x3b2>
10003b8c:	4655      	mov	r5, sl
10003b8e:	2254      	movs	r2, #84	@ 0x54
10003b90:	2100      	movs	r1, #0
10003b92:	0028      	movs	r0, r5
10003b94:	f7fe fcc6 	bl	10002524 <__wrap_memset>
10003b98:	2210      	movs	r2, #16
10003b9a:	21ff      	movs	r1, #255	@ 0xff
10003b9c:	1d28      	adds	r0, r5, #4
10003b9e:	f7fe fcc1 	bl	10002524 <__wrap_memset>
10003ba2:	0028      	movs	r0, r5
10003ba4:	2220      	movs	r2, #32
10003ba6:	21ff      	movs	r1, #255	@ 0xff
10003ba8:	3014      	adds	r0, #20
10003baa:	f7fe fcbb 	bl	10002524 <__wrap_memset>
10003bae:	9b03      	ldr	r3, [sp, #12]
10003bb0:	70ab      	strb	r3, [r5, #2]
10003bb2:	e657      	b.n	10003864 <tud_task_ext+0x40c>
10003bb4:	4655      	mov	r5, sl
10003bb6:	e7fa      	b.n	10003bae <tud_task_ext+0x756>
10003bb8:	f7fe fea0 	bl	100028fc <tud_descriptor_bos_cb>
10003bbc:	1e02      	subs	r2, r0, #0
10003bbe:	d100      	bne.n	10003bc2 <tud_task_ext+0x76a>
10003bc0:	e5cc      	b.n	1000375c <tud_task_ext+0x304>
10003bc2:	78d3      	ldrb	r3, [r2, #3]
10003bc4:	7891      	ldrb	r1, [r2, #2]
10003bc6:	021b      	lsls	r3, r3, #8
10003bc8:	430b      	orrs	r3, r1
10003bca:	4658      	mov	r0, fp
10003bcc:	a90e      	add	r1, sp, #56	@ 0x38
10003bce:	f000 f90f 	bl	10003df0 <tud_control_xfer>
10003bd2:	e5d4      	b.n	1000377e <tud_task_ext+0x326>
10003bd4:	4665      	mov	r5, ip
10003bd6:	003b      	movs	r3, r7
10003bd8:	002a      	movs	r2, r5
10003bda:	0031      	movs	r1, r6
10003bdc:	980a      	ldr	r0, [sp, #40]	@ 0x28
10003bde:	f000 fe8d 	bl	100048fc <tu_edpt_bind_driver>
10003be2:	46ac      	mov	ip, r5
10003be4:	9b04      	ldr	r3, [sp, #16]
10003be6:	9a03      	ldr	r2, [sp, #12]
10003be8:	781b      	ldrb	r3, [r3, #0]
10003bea:	4466      	add	r6, ip
10003bec:	3301      	adds	r3, #1
10003bee:	4293      	cmp	r3, r2
10003bf0:	db00      	blt.n	10003bf4 <tud_task_ext+0x79c>
10003bf2:	e66c      	b.n	100038ce <tud_task_ext+0x476>
10003bf4:	e7bf      	b.n	10003b76 <tud_task_ext+0x71e>
10003bf6:	4b17      	ldr	r3, [pc, #92]	@ (10003c54 <tud_task_ext+0x7fc>)
10003bf8:	6929      	ldr	r1, [r5, #16]
10003bfa:	4299      	cmp	r1, r3
10003bfc:	d1ad      	bne.n	10003b5a <tud_task_ext+0x702>
10003bfe:	9a07      	ldr	r2, [sp, #28]
10003c00:	e7ab      	b.n	10003b5a <tud_task_ext+0x702>
10003c02:	f7ff fb8f 	bl	10003324 <tud_descriptor_device_qualifier_cb>
10003c06:	1e02      	subs	r2, r0, #0
10003c08:	d100      	bne.n	10003c0c <tud_task_ext+0x7b4>
10003c0a:	e5a7      	b.n	1000375c <tud_task_ext+0x304>
10003c0c:	4658      	mov	r0, fp
10003c0e:	7813      	ldrb	r3, [r2, #0]
10003c10:	a90e      	add	r1, sp, #56	@ 0x38
10003c12:	f000 f8ed 	bl	10003df0 <tud_control_xfer>
10003c16:	e5b2      	b.n	1000377e <tud_task_ext+0x326>
10003c18:	8921      	ldrh	r1, [r4, #8]
10003c1a:	f7ff f8c3 	bl	10002da4 <tud_descriptor_string_cb>
10003c1e:	1e02      	subs	r2, r0, #0
10003c20:	d1f4      	bne.n	10003c0c <tud_task_ext+0x7b4>
10003c22:	e59b      	b.n	1000375c <tud_task_ext+0x304>
10003c24:	2a02      	cmp	r2, #2
10003c26:	d00f      	beq.n	10003c48 <tud_task_ext+0x7f0>
10003c28:	f7ff fb7e 	bl	10003328 <tud_descriptor_other_speed_configuration_cb>
10003c2c:	1e02      	subs	r2, r0, #0
10003c2e:	d1c8      	bne.n	10003bc2 <tud_task_ext+0x76a>
10003c30:	e594      	b.n	1000375c <tud_task_ext+0x304>
10003c32:	f7ff f8af 	bl	10002d94 <tud_descriptor_device_cb>
10003c36:	1e02      	subs	r2, r0, #0
10003c38:	d100      	bne.n	10003c3c <tud_task_ext+0x7e4>
10003c3a:	e58f      	b.n	1000375c <tud_task_ext+0x304>
10003c3c:	2312      	movs	r3, #18
10003c3e:	4658      	mov	r0, fp
10003c40:	a90e      	add	r1, sp, #56	@ 0x38
10003c42:	f000 f8d5 	bl	10003df0 <tud_control_xfer>
10003c46:	e59a      	b.n	1000377e <tud_task_ext+0x326>
10003c48:	f7ff f8a8 	bl	10002d9c <tud_descriptor_configuration_cb>
10003c4c:	1e02      	subs	r2, r0, #0
10003c4e:	d1b8      	bne.n	10003bc2 <tud_task_ext+0x76a>
10003c50:	e584      	b.n	1000375c <tud_task_ext+0x304>
10003c52:	46c0      	nop			@ (mov r8, r8)
10003c54:	100042bd 	.word	0x100042bd

10003c58 <usbd_open_edpt_pair>:
10003c58:	b5f8      	push	{r3, r4, r5, r6, r7, lr}
10003c5a:	4657      	mov	r7, sl
10003c5c:	464e      	mov	r6, r9
10003c5e:	46de      	mov	lr, fp
10003c60:	4645      	mov	r5, r8
10003c62:	000c      	movs	r4, r1
10003c64:	b5e0      	push	{r5, r6, r7, lr}
10003c66:	0016      	movs	r6, r2
10003c68:	001f      	movs	r7, r3
10003c6a:	2a00      	cmp	r2, #0
10003c6c:	d03c      	beq.n	10003ce8 <usbd_open_edpt_pair+0x90>
10003c6e:	4b1f      	ldr	r3, [pc, #124]	@ (10003cec <usbd_open_edpt_pair+0x94>)
10003c70:	2500      	movs	r5, #0
10003c72:	469a      	mov	sl, r3
10003c74:	2370      	movs	r3, #112	@ 0x70
10003c76:	4699      	mov	r9, r3
10003c78:	4b1d      	ldr	r3, [pc, #116]	@ (10003cf0 <usbd_open_edpt_pair+0x98>)
10003c7a:	469b      	mov	fp, r3
10003c7c:	e017      	b.n	10003cae <usbd_open_edpt_pair+0x56>
10003c7e:	465b      	mov	r3, fp
10003c80:	0020      	movs	r0, r4
10003c82:	7899      	ldrb	r1, [r3, #2]
10003c84:	f000 fdfc 	bl	10004880 <tu_edpt_validate>
10003c88:	2800      	cmp	r0, #0
10003c8a:	d01f      	beq.n	10003ccc <usbd_open_edpt_pair+0x74>
10003c8c:	0021      	movs	r1, r4
10003c8e:	4640      	mov	r0, r8
10003c90:	f7ff fa32 	bl	100030f8 <dcd_edpt_open>
10003c94:	2800      	cmp	r0, #0
10003c96:	d019      	beq.n	10003ccc <usbd_open_edpt_pair+0x74>
10003c98:	78a3      	ldrb	r3, [r4, #2]
10003c9a:	09da      	lsrs	r2, r3, #7
10003c9c:	2a01      	cmp	r2, #1
10003c9e:	d01c      	beq.n	10003cda <usbd_open_edpt_pair+0x82>
10003ca0:	9a0a      	ldr	r2, [sp, #40]	@ 0x28
10003ca2:	3501      	adds	r5, #1
10003ca4:	7013      	strb	r3, [r2, #0]
10003ca6:	7823      	ldrb	r3, [r4, #0]
10003ca8:	18e4      	adds	r4, r4, r3
10003caa:	42b5      	cmp	r5, r6
10003cac:	da1c      	bge.n	10003ce8 <usbd_open_edpt_pair+0x90>
10003cae:	7863      	ldrb	r3, [r4, #1]
10003cb0:	2b05      	cmp	r3, #5
10003cb2:	d10b      	bne.n	10003ccc <usbd_open_edpt_pair+0x74>
10003cb4:	78e3      	ldrb	r3, [r4, #3]
10003cb6:	079b      	lsls	r3, r3, #30
10003cb8:	0f9b      	lsrs	r3, r3, #30
10003cba:	42bb      	cmp	r3, r7
10003cbc:	d106      	bne.n	10003ccc <usbd_open_edpt_pair+0x74>
10003cbe:	4653      	mov	r3, sl
10003cc0:	464a      	mov	r2, r9
10003cc2:	781b      	ldrb	r3, [r3, #0]
10003cc4:	4698      	mov	r8, r3
10003cc6:	78a3      	ldrb	r3, [r4, #2]
10003cc8:	421a      	tst	r2, r3
10003cca:	d0d8      	beq.n	10003c7e <usbd_open_edpt_pair+0x26>
10003ccc:	2000      	movs	r0, #0
10003cce:	bcf0      	pop	{r4, r5, r6, r7}
10003cd0:	46bb      	mov	fp, r7
10003cd2:	46b2      	mov	sl, r6
10003cd4:	46a9      	mov	r9, r5
10003cd6:	46a0      	mov	r8, r4
10003cd8:	bdf8      	pop	{r3, r4, r5, r6, r7, pc}
10003cda:	9a0b      	ldr	r2, [sp, #44]	@ 0x2c
10003cdc:	3501      	adds	r5, #1
10003cde:	7013      	strb	r3, [r2, #0]
10003ce0:	7823      	ldrb	r3, [r4, #0]
10003ce2:	18e4      	adds	r4, r4, r3
10003ce4:	42b5      	cmp	r5, r6
10003ce6:	dbe2      	blt.n	10003cae <usbd_open_edpt_pair+0x56>
10003ce8:	2001      	movs	r0, #1
10003cea:	e7f0      	b.n	10003cce <usbd_open_edpt_pair+0x76>
10003cec:	20001064 	.word	0x20001064
10003cf0:	200016a0 	.word	0x200016a0

10003cf4 <usbd_edpt_open>:
10003cf4:	2270      	movs	r2, #112	@ 0x70
10003cf6:	b570      	push	{r4, r5, r6, lr}
10003cf8:	4b09      	ldr	r3, [pc, #36]	@ (10003d20 <usbd_edpt_open+0x2c>)
10003cfa:	000c      	movs	r4, r1
10003cfc:	781d      	ldrb	r5, [r3, #0]
10003cfe:	788b      	ldrb	r3, [r1, #2]
10003d00:	421a      	tst	r2, r3
10003d02:	d001      	beq.n	10003d08 <usbd_edpt_open+0x14>
10003d04:	2000      	movs	r0, #0
10003d06:	bd70      	pop	{r4, r5, r6, pc}
10003d08:	4b06      	ldr	r3, [pc, #24]	@ (10003d24 <usbd_edpt_open+0x30>)
10003d0a:	0020      	movs	r0, r4
10003d0c:	7899      	ldrb	r1, [r3, #2]
10003d0e:	f000 fdb7 	bl	10004880 <tu_edpt_validate>
10003d12:	2800      	cmp	r0, #0
10003d14:	d0f6      	beq.n	10003d04 <usbd_edpt_open+0x10>
10003d16:	0021      	movs	r1, r4
10003d18:	0028      	movs	r0, r5
10003d1a:	f7ff f9ed 	bl	100030f8 <dcd_edpt_open>
10003d1e:	e7f2      	b.n	10003d06 <usbd_edpt_open+0x12>
10003d20:	20001064 	.word	0x20001064
10003d24:	200016a0 	.word	0x200016a0

10003d28 <usbd_edpt_claim>:
10003d28:	000b      	movs	r3, r1
10003d2a:	207f      	movs	r0, #127	@ 0x7f
10003d2c:	b510      	push	{r4, lr}
10003d2e:	4018      	ands	r0, r3
10003d30:	09db      	lsrs	r3, r3, #7
10003d32:	3334      	adds	r3, #52	@ 0x34
10003d34:	0040      	lsls	r0, r0, #1
10003d36:	4a04      	ldr	r2, [pc, #16]	@ (10003d48 <usbd_edpt_claim+0x20>)
10003d38:	18c0      	adds	r0, r0, r3
10003d3a:	4b04      	ldr	r3, [pc, #16]	@ (10003d4c <usbd_edpt_claim+0x24>)
10003d3c:	6811      	ldr	r1, [r2, #0]
10003d3e:	18c0      	adds	r0, r0, r3
10003d40:	f000 fd5a 	bl	100047f8 <tu_edpt_claim>
10003d44:	bd10      	pop	{r4, pc}
10003d46:	46c0      	nop			@ (mov r8, r8)
10003d48:	200016f4 	.word	0x200016f4
10003d4c:	200016a0 	.word	0x200016a0

10003d50 <usbd_edpt_release>:
10003d50:	000b      	movs	r3, r1
10003d52:	207f      	movs	r0, #127	@ 0x7f
10003d54:	b510      	push	{r4, lr}
10003d56:	4018      	ands	r0, r3
10003d58:	09db      	lsrs	r3, r3, #7
10003d5a:	3334      	adds	r3, #52	@ 0x34
10003d5c:	0040      	lsls	r0, r0, #1
10003d5e:	4a04      	ldr	r2, [pc, #16]	@ (10003d70 <usbd_edpt_release+0x20>)
10003d60:	18c0      	adds	r0, r0, r3
10003d62:	4b04      	ldr	r3, [pc, #16]	@ (10003d74 <usbd_edpt_release+0x24>)
10003d64:	6811      	ldr	r1, [r2, #0]
10003d66:	18c0      	adds	r0, r0, r3
10003d68:	f000 fd6e 	bl	10004848 <tu_edpt_release>
10003d6c:	bd10      	pop	{r4, pc}
10003d6e:	46c0      	nop			@ (mov r8, r8)
10003d70:	200016f4 	.word	0x200016f4
10003d74:	200016a0 	.word	0x200016a0

10003d78 <usbd_edpt_xfer>:
10003d78:	b570      	push	{r4, r5, r6, lr}
10003d7a:	247f      	movs	r4, #127	@ 0x7f
10003d7c:	480f      	ldr	r0, [pc, #60]	@ (10003dbc <usbd_edpt_xfer+0x44>)
10003d7e:	400c      	ands	r4, r1
10003d80:	0064      	lsls	r4, r4, #1
10003d82:	1904      	adds	r4, r0, r4
10003d84:	09cd      	lsrs	r5, r1, #7
10003d86:	1964      	adds	r4, r4, r5
10003d88:	3430      	adds	r4, #48	@ 0x30
10003d8a:	7920      	ldrb	r0, [r4, #4]
10003d8c:	07c0      	lsls	r0, r0, #31
10003d8e:	d501      	bpl.n	10003d94 <usbd_edpt_xfer+0x1c>
10003d90:	2000      	movs	r0, #0
10003d92:	bd70      	pop	{r4, r5, r6, pc}
10003d94:	2601      	movs	r6, #1
10003d96:	7925      	ldrb	r5, [r4, #4]
10003d98:	4809      	ldr	r0, [pc, #36]	@ (10003dc0 <usbd_edpt_xfer+0x48>)
10003d9a:	4335      	orrs	r5, r6
10003d9c:	7800      	ldrb	r0, [r0, #0]
10003d9e:	7125      	strb	r5, [r4, #4]
10003da0:	f7ff fa38 	bl	10003214 <dcd_edpt_xfer>
10003da4:	2800      	cmp	r0, #0
10003da6:	d1f4      	bne.n	10003d92 <usbd_edpt_xfer+0x1a>
10003da8:	2201      	movs	r2, #1
10003daa:	7923      	ldrb	r3, [r4, #4]
10003dac:	4393      	bics	r3, r2
10003dae:	7123      	strb	r3, [r4, #4]
10003db0:	7923      	ldrb	r3, [r4, #4]
10003db2:	3203      	adds	r2, #3
10003db4:	4393      	bics	r3, r2
10003db6:	7123      	strb	r3, [r4, #4]
10003db8:	e7ea      	b.n	10003d90 <usbd_edpt_xfer+0x18>
10003dba:	46c0      	nop			@ (mov r8, r8)
10003dbc:	200016a0 	.word	0x200016a0
10003dc0:	20001064 	.word	0x20001064

10003dc4 <tud_control_status>:
10003dc4:	b570      	push	{r4, r5, r6, lr}
10003dc6:	4c09      	ldr	r4, [pc, #36]	@ (10003dec <tud_control_status+0x28>)
10003dc8:	0006      	movs	r6, r0
10003dca:	2208      	movs	r2, #8
10003dcc:	0020      	movs	r0, r4
10003dce:	000d      	movs	r5, r1
10003dd0:	f7fe fbae 	bl	10002530 <__wrap___aeabi_memcpy>
10003dd4:	2300      	movs	r3, #0
10003dd6:	2180      	movs	r1, #128	@ 0x80
10003dd8:	60e3      	str	r3, [r4, #12]
10003dda:	60a3      	str	r3, [r4, #8]
10003ddc:	782b      	ldrb	r3, [r5, #0]
10003dde:	0030      	movs	r0, r6
10003de0:	4399      	bics	r1, r3
10003de2:	2200      	movs	r2, #0
10003de4:	2300      	movs	r3, #0
10003de6:	f7ff ffc7 	bl	10003d78 <usbd_edpt_xfer>
10003dea:	bd70      	pop	{r4, r5, r6, pc}
10003dec:	20001680 	.word	0x20001680

10003df0 <tud_control_xfer>:
10003df0:	b5f8      	push	{r3, r4, r5, r6, r7, lr}
10003df2:	46ce      	mov	lr, r9
10003df4:	4647      	mov	r7, r8
10003df6:	4690      	mov	r8, r2
10003df8:	4e26      	ldr	r6, [pc, #152]	@ (10003e94 <tud_control_xfer+0xa4>)
10003dfa:	b580      	push	{r7, lr}
10003dfc:	4681      	mov	r9, r0
10003dfe:	2208      	movs	r2, #8
10003e00:	0030      	movs	r0, r6
10003e02:	000d      	movs	r5, r1
10003e04:	001f      	movs	r7, r3
10003e06:	f7fe fb93 	bl	10002530 <__wrap___aeabi_memcpy>
10003e0a:	4643      	mov	r3, r8
10003e0c:	60b3      	str	r3, [r6, #8]
10003e0e:	2300      	movs	r3, #0
10003e10:	81f3      	strh	r3, [r6, #14]
10003e12:	79ec      	ldrb	r4, [r5, #7]
10003e14:	79ab      	ldrb	r3, [r5, #6]
10003e16:	0224      	lsls	r4, r4, #8
10003e18:	431c      	orrs	r4, r3
10003e1a:	1c23      	adds	r3, r4, #0
10003e1c:	42bc      	cmp	r4, r7
10003e1e:	d900      	bls.n	10003e22 <tud_control_xfer+0x32>
10003e20:	1c3b      	adds	r3, r7, #0
10003e22:	b29f      	uxth	r7, r3
10003e24:	81b3      	strh	r3, [r6, #12]
10003e26:	2c00      	cmp	r4, #0
10003e28:	d00e      	beq.n	10003e48 <tud_control_xfer+0x58>
10003e2a:	2f00      	cmp	r7, #0
10003e2c:	d018      	beq.n	10003e60 <tud_control_xfer+0x70>
10003e2e:	4643      	mov	r3, r8
10003e30:	2b00      	cmp	r3, #0
10003e32:	d02c      	beq.n	10003e8e <tud_control_xfer+0x9e>
10003e34:	1c3b      	adds	r3, r7, #0
10003e36:	2f40      	cmp	r7, #64	@ 0x40
10003e38:	d81b      	bhi.n	10003e72 <tud_control_xfer+0x82>
10003e3a:	b29f      	uxth	r7, r3
10003e3c:	7833      	ldrb	r3, [r6, #0]
10003e3e:	2b7f      	cmp	r3, #127	@ 0x7f
10003e40:	d81c      	bhi.n	10003e7c <tud_control_xfer+0x8c>
10003e42:	2100      	movs	r1, #0
10003e44:	4a14      	ldr	r2, [pc, #80]	@ (10003e98 <tud_control_xfer+0xa8>)
10003e46:	e00f      	b.n	10003e68 <tud_control_xfer+0x78>
10003e48:	2180      	movs	r1, #128	@ 0x80
10003e4a:	782b      	ldrb	r3, [r5, #0]
10003e4c:	2200      	movs	r2, #0
10003e4e:	4399      	bics	r1, r3
10003e50:	4648      	mov	r0, r9
10003e52:	2300      	movs	r3, #0
10003e54:	f7ff ff90 	bl	10003d78 <usbd_edpt_xfer>
10003e58:	bcc0      	pop	{r6, r7}
10003e5a:	46b9      	mov	r9, r7
10003e5c:	46b0      	mov	r8, r6
10003e5e:	bdf8      	pop	{r3, r4, r5, r6, r7, pc}
10003e60:	237f      	movs	r3, #127	@ 0x7f
10003e62:	2200      	movs	r2, #0
10003e64:	7831      	ldrb	r1, [r6, #0]
10003e66:	4399      	bics	r1, r3
10003e68:	003b      	movs	r3, r7
10003e6a:	4648      	mov	r0, r9
10003e6c:	f7ff ff84 	bl	10003d78 <usbd_edpt_xfer>
10003e70:	e7f2      	b.n	10003e58 <tud_control_xfer+0x68>
10003e72:	2340      	movs	r3, #64	@ 0x40
10003e74:	b29f      	uxth	r7, r3
10003e76:	7833      	ldrb	r3, [r6, #0]
10003e78:	2b7f      	cmp	r3, #127	@ 0x7f
10003e7a:	d9e2      	bls.n	10003e42 <tud_control_xfer+0x52>
10003e7c:	4c06      	ldr	r4, [pc, #24]	@ (10003e98 <tud_control_xfer+0xa8>)
10003e7e:	003a      	movs	r2, r7
10003e80:	4641      	mov	r1, r8
10003e82:	0020      	movs	r0, r4
10003e84:	f7fe fb54 	bl	10002530 <__wrap___aeabi_memcpy>
10003e88:	2180      	movs	r1, #128	@ 0x80
10003e8a:	0022      	movs	r2, r4
10003e8c:	e7ec      	b.n	10003e68 <tud_control_xfer+0x78>
10003e8e:	2000      	movs	r0, #0
10003e90:	e7e2      	b.n	10003e58 <tud_control_xfer+0x68>
10003e92:	46c0      	nop			@ (mov r8, r8)
10003e94:	20001680 	.word	0x20001680
10003e98:	20001640 	.word	0x20001640

10003e9c <usbd_control_reset>:
10003e9c:	b510      	push	{r4, lr}
10003e9e:	2214      	movs	r2, #20
10003ea0:	2100      	movs	r1, #0
10003ea2:	4802      	ldr	r0, [pc, #8]	@ (10003eac <usbd_control_reset+0x10>)
10003ea4:	f7fe fb3e 	bl	10002524 <__wrap_memset>
10003ea8:	bd10      	pop	{r4, pc}
10003eaa:	46c0      	nop			@ (mov r8, r8)
10003eac:	20001680 	.word	0x20001680

10003eb0 <usbd_control_set_complete_callback>:
10003eb0:	4b01      	ldr	r3, [pc, #4]	@ (10003eb8 <usbd_control_set_complete_callback+0x8>)
10003eb2:	6118      	str	r0, [r3, #16]
10003eb4:	4770      	bx	lr
10003eb6:	46c0      	nop			@ (mov r8, r8)
10003eb8:	20001680 	.word	0x20001680

10003ebc <usbd_control_set_request>:
10003ebc:	b510      	push	{r4, lr}
10003ebe:	4c05      	ldr	r4, [pc, #20]	@ (10003ed4 <usbd_control_set_request+0x18>)
10003ec0:	0001      	movs	r1, r0
10003ec2:	2208      	movs	r2, #8
10003ec4:	0020      	movs	r0, r4
10003ec6:	f7fe fb33 	bl	10002530 <__wrap___aeabi_memcpy>
10003eca:	2300      	movs	r3, #0
10003ecc:	60a3      	str	r3, [r4, #8]
10003ece:	60e3      	str	r3, [r4, #12]
10003ed0:	bd10      	pop	{r4, pc}
10003ed2:	46c0      	nop			@ (mov r8, r8)
10003ed4:	20001680 	.word	0x20001680

10003ed8 <usbd_control_xfer_cb>:
10003ed8:	b570      	push	{r4, r5, r6, lr}
10003eda:	4c38      	ldr	r4, [pc, #224]	@ (10003fbc <usbd_control_xfer_cb+0xe4>)
10003edc:	001d      	movs	r5, r3
10003ede:	7823      	ldrb	r3, [r4, #0]
10003ee0:	0006      	movs	r6, r0
10003ee2:	09da      	lsrs	r2, r3, #7
10003ee4:	09c9      	lsrs	r1, r1, #7
10003ee6:	428a      	cmp	r2, r1
10003ee8:	d010      	beq.n	10003f0c <usbd_control_xfer_cb+0x34>
10003eea:	2000      	movs	r0, #0
10003eec:	2d00      	cmp	r5, #0
10003eee:	d000      	beq.n	10003ef2 <usbd_control_xfer_cb+0x1a>
10003ef0:	bd70      	pop	{r4, r5, r6, pc}
10003ef2:	0021      	movs	r1, r4
10003ef4:	0030      	movs	r0, r6
10003ef6:	f7ff f8f1 	bl	100030dc <dcd_edpt0_status_complete>
10003efa:	6923      	ldr	r3, [r4, #16]
10003efc:	2b00      	cmp	r3, #0
10003efe:	d003      	beq.n	10003f08 <usbd_control_xfer_cb+0x30>
10003f00:	0022      	movs	r2, r4
10003f02:	2103      	movs	r1, #3
10003f04:	0030      	movs	r0, r6
10003f06:	4798      	blx	r3
10003f08:	2001      	movs	r0, #1
10003f0a:	e7f1      	b.n	10003ef0 <usbd_control_xfer_cb+0x18>
10003f0c:	68a0      	ldr	r0, [r4, #8]
10003f0e:	2b7f      	cmp	r3, #127	@ 0x7f
10003f10:	d805      	bhi.n	10003f1e <usbd_control_xfer_cb+0x46>
10003f12:	2800      	cmp	r0, #0
10003f14:	d034      	beq.n	10003f80 <usbd_control_xfer_cb+0xa8>
10003f16:	002a      	movs	r2, r5
10003f18:	4929      	ldr	r1, [pc, #164]	@ (10003fc0 <usbd_control_xfer_cb+0xe8>)
10003f1a:	f7fe fb09 	bl	10002530 <__wrap___aeabi_memcpy>
10003f1e:	89e2      	ldrh	r2, [r4, #14]
10003f20:	68a1      	ldr	r1, [r4, #8]
10003f22:	1952      	adds	r2, r2, r5
10003f24:	88e3      	ldrh	r3, [r4, #6]
10003f26:	b292      	uxth	r2, r2
10003f28:	1949      	adds	r1, r1, r5
10003f2a:	81e2      	strh	r2, [r4, #14]
10003f2c:	60a1      	str	r1, [r4, #8]
10003f2e:	4293      	cmp	r3, r2
10003f30:	d014      	beq.n	10003f5c <usbd_control_xfer_cb+0x84>
10003f32:	2d3f      	cmp	r5, #63	@ 0x3f
10003f34:	d912      	bls.n	10003f5c <usbd_control_xfer_cb+0x84>
10003f36:	89a3      	ldrh	r3, [r4, #12]
10003f38:	1a98      	subs	r0, r3, r2
10003f3a:	1c05      	adds	r5, r0, #0
10003f3c:	b280      	uxth	r0, r0
10003f3e:	2840      	cmp	r0, #64	@ 0x40
10003f40:	d82a      	bhi.n	10003f98 <usbd_control_xfer_cb+0xc0>
10003f42:	7820      	ldrb	r0, [r4, #0]
10003f44:	b2ad      	uxth	r5, r5
10003f46:	287f      	cmp	r0, #127	@ 0x7f
10003f48:	d828      	bhi.n	10003f9c <usbd_control_xfer_cb+0xc4>
10003f4a:	2100      	movs	r1, #0
10003f4c:	429a      	cmp	r2, r3
10003f4e:	d032      	beq.n	10003fb6 <usbd_control_xfer_cb+0xde>
10003f50:	4a1b      	ldr	r2, [pc, #108]	@ (10003fc0 <usbd_control_xfer_cb+0xe8>)
10003f52:	002b      	movs	r3, r5
10003f54:	0030      	movs	r0, r6
10003f56:	f7ff ff0f 	bl	10003d78 <usbd_edpt_xfer>
10003f5a:	e7c9      	b.n	10003ef0 <usbd_control_xfer_cb+0x18>
10003f5c:	6923      	ldr	r3, [r4, #16]
10003f5e:	2b00      	cmp	r3, #0
10003f60:	d005      	beq.n	10003f6e <usbd_control_xfer_cb+0x96>
10003f62:	0022      	movs	r2, r4
10003f64:	2102      	movs	r1, #2
10003f66:	0030      	movs	r0, r6
10003f68:	4798      	blx	r3
10003f6a:	2800      	cmp	r0, #0
10003f6c:	d00a      	beq.n	10003f84 <usbd_control_xfer_cb+0xac>
10003f6e:	2180      	movs	r1, #128	@ 0x80
10003f70:	7823      	ldrb	r3, [r4, #0]
10003f72:	2200      	movs	r2, #0
10003f74:	4399      	bics	r1, r3
10003f76:	0030      	movs	r0, r6
10003f78:	2300      	movs	r3, #0
10003f7a:	f7ff fefd 	bl	10003d78 <usbd_edpt_xfer>
10003f7e:	e7b7      	b.n	10003ef0 <usbd_control_xfer_cb+0x18>
10003f80:	2000      	movs	r0, #0
10003f82:	e7b5      	b.n	10003ef0 <usbd_control_xfer_cb+0x18>
10003f84:	2100      	movs	r1, #0
10003f86:	0030      	movs	r0, r6
10003f88:	f7ff f956 	bl	10003238 <dcd_edpt_stall>
10003f8c:	0030      	movs	r0, r6
10003f8e:	2180      	movs	r1, #128	@ 0x80
10003f90:	f7ff f952 	bl	10003238 <dcd_edpt_stall>
10003f94:	2001      	movs	r0, #1
10003f96:	e7ab      	b.n	10003ef0 <usbd_control_xfer_cb+0x18>
10003f98:	2540      	movs	r5, #64	@ 0x40
10003f9a:	e7d2      	b.n	10003f42 <usbd_control_xfer_cb+0x6a>
10003f9c:	429a      	cmp	r2, r3
10003f9e:	d007      	beq.n	10003fb0 <usbd_control_xfer_cb+0xd8>
10003fa0:	4c07      	ldr	r4, [pc, #28]	@ (10003fc0 <usbd_control_xfer_cb+0xe8>)
10003fa2:	002a      	movs	r2, r5
10003fa4:	0020      	movs	r0, r4
10003fa6:	f7fe fac3 	bl	10002530 <__wrap___aeabi_memcpy>
10003faa:	2180      	movs	r1, #128	@ 0x80
10003fac:	0022      	movs	r2, r4
10003fae:	e7d0      	b.n	10003f52 <usbd_control_xfer_cb+0x7a>
10003fb0:	2180      	movs	r1, #128	@ 0x80
10003fb2:	2200      	movs	r2, #0
10003fb4:	e7cd      	b.n	10003f52 <usbd_control_xfer_cb+0x7a>
10003fb6:	2200      	movs	r2, #0
10003fb8:	e7cb      	b.n	10003f52 <usbd_control_xfer_cb+0x7a>
10003fba:	46c0      	nop			@ (mov r8, r8)
10003fbc:	20001680 	.word	0x20001680
10003fc0:	20001640 	.word	0x20001640

10003fc4 <_prep_out_transaction.isra.0>:
10003fc4:	b570      	push	{r4, r5, r6, lr}
10003fc6:	0005      	movs	r5, r0
10003fc8:	f7ff f9b8 	bl	1000333c <tud_mounted>
10003fcc:	2800      	cmp	r0, #0
10003fce:	d100      	bne.n	10003fd2 <_prep_out_transaction.isra.0+0xe>
10003fd0:	bd70      	pop	{r4, r5, r6, pc}
10003fd2:	f7ff f9bb 	bl	1000334c <tud_suspended>
10003fd6:	2800      	cmp	r0, #0
10003fd8:	d1fa      	bne.n	10003fd0 <_prep_out_transaction.isra.0+0xc>
10003fda:	23c8      	movs	r3, #200	@ 0xc8
10003fdc:	436b      	muls	r3, r5
10003fde:	4c12      	ldr	r4, [pc, #72]	@ (10004028 <_prep_out_transaction.isra.0+0x64>)
10003fe0:	18e6      	adds	r6, r4, r3
10003fe2:	78f1      	ldrb	r1, [r6, #3]
10003fe4:	2900      	cmp	r1, #0
10003fe6:	d0f3      	beq.n	10003fd0 <_prep_out_transaction.isra.0+0xc>
10003fe8:	3310      	adds	r3, #16
10003fea:	191c      	adds	r4, r3, r4
10003fec:	0020      	movs	r0, r4
10003fee:	f000 fdff 	bl	10004bf0 <tu_fifo_remaining>
10003ff2:	283f      	cmp	r0, #63	@ 0x3f
10003ff4:	d9ec      	bls.n	10003fd0 <_prep_out_transaction.isra.0+0xc>
10003ff6:	2000      	movs	r0, #0
10003ff8:	78f1      	ldrb	r1, [r6, #3]
10003ffa:	f7ff fe95 	bl	10003d28 <usbd_edpt_claim>
10003ffe:	2800      	cmp	r0, #0
10004000:	d0e6      	beq.n	10003fd0 <_prep_out_transaction.isra.0+0xc>
10004002:	0020      	movs	r0, r4
10004004:	f000 fdf4 	bl	10004bf0 <tu_fifo_remaining>
10004008:	283f      	cmp	r0, #63	@ 0x3f
1000400a:	d908      	bls.n	1000401e <_prep_out_transaction.isra.0+0x5a>
1000400c:	4b07      	ldr	r3, [pc, #28]	@ (1000402c <_prep_out_transaction.isra.0+0x68>)
1000400e:	01ea      	lsls	r2, r5, #7
10004010:	18d2      	adds	r2, r2, r3
10004012:	78f1      	ldrb	r1, [r6, #3]
10004014:	2340      	movs	r3, #64	@ 0x40
10004016:	2000      	movs	r0, #0
10004018:	f7ff feae 	bl	10003d78 <usbd_edpt_xfer>
1000401c:	e7d8      	b.n	10003fd0 <_prep_out_transaction.isra.0+0xc>
1000401e:	78f1      	ldrb	r1, [r6, #3]
10004020:	2000      	movs	r0, #0
10004022:	f7ff fe95 	bl	10003d50 <usbd_edpt_release>
10004026:	e7d3      	b.n	10003fd0 <_prep_out_transaction.isra.0+0xc>
10004028:	20001578 	.word	0x20001578
1000402c:	200014f4 	.word	0x200014f4

10004030 <tud_cdc_n_connected>:
10004030:	b510      	push	{r4, lr}
10004032:	0004      	movs	r4, r0
10004034:	f7ff f982 	bl	1000333c <tud_mounted>
10004038:	2800      	cmp	r0, #0
1000403a:	d101      	bne.n	10004040 <tud_cdc_n_connected+0x10>
1000403c:	2000      	movs	r0, #0
1000403e:	bd10      	pop	{r4, pc}
10004040:	f7ff f984 	bl	1000334c <tud_suspended>
10004044:	2800      	cmp	r0, #0
10004046:	d1f9      	bne.n	1000403c <tud_cdc_n_connected+0xc>
10004048:	22c8      	movs	r2, #200	@ 0xc8
1000404a:	4362      	muls	r2, r4
1000404c:	4b02      	ldr	r3, [pc, #8]	@ (10004058 <tud_cdc_n_connected+0x28>)
1000404e:	3001      	adds	r0, #1
10004050:	189b      	adds	r3, r3, r2
10004052:	791b      	ldrb	r3, [r3, #4]
10004054:	4018      	ands	r0, r3
10004056:	e7f2      	b.n	1000403e <tud_cdc_n_connected+0xe>
10004058:	20001578 	.word	0x20001578

1000405c <tud_cdc_n_available>:
1000405c:	23c8      	movs	r3, #200	@ 0xc8
1000405e:	b510      	push	{r4, lr}
10004060:	4343      	muls	r3, r0
10004062:	4802      	ldr	r0, [pc, #8]	@ (1000406c <tud_cdc_n_available+0x10>)
10004064:	1818      	adds	r0, r3, r0
10004066:	f000 fda5 	bl	10004bb4 <tu_fifo_count>
1000406a:	bd10      	pop	{r4, pc}
1000406c:	20001588 	.word	0x20001588

10004070 <tud_cdc_n_read>:
10004070:	b5f0      	push	{r4, r5, r6, r7, lr}
10004072:	24c8      	movs	r4, #200	@ 0xc8
10004074:	46c6      	mov	lr, r8
10004076:	2380      	movs	r3, #128	@ 0x80
10004078:	4344      	muls	r4, r0
1000407a:	4f1f      	ldr	r7, [pc, #124]	@ (100040f8 <tud_cdc_n_read+0x88>)
1000407c:	3410      	adds	r4, #16
1000407e:	0005      	movs	r5, r0
10004080:	b500      	push	{lr}
10004082:	193c      	adds	r4, r7, r4
10004084:	025b      	lsls	r3, r3, #9
10004086:	429a      	cmp	r2, r3
10004088:	d300      	bcc.n	1000408c <tud_cdc_n_read+0x1c>
1000408a:	4a1c      	ldr	r2, [pc, #112]	@ (100040fc <tud_cdc_n_read+0x8c>)
1000408c:	0020      	movs	r0, r4
1000408e:	b292      	uxth	r2, r2
10004090:	f000 fe12 	bl	10004cb8 <tu_fifo_read_n>
10004094:	4680      	mov	r8, r0
10004096:	f7ff f951 	bl	1000333c <tud_mounted>
1000409a:	2800      	cmp	r0, #0
1000409c:	d103      	bne.n	100040a6 <tud_cdc_n_read+0x36>
1000409e:	4640      	mov	r0, r8
100040a0:	bc80      	pop	{r7}
100040a2:	46b8      	mov	r8, r7
100040a4:	bdf0      	pop	{r4, r5, r6, r7, pc}
100040a6:	f7ff f951 	bl	1000334c <tud_suspended>
100040aa:	2800      	cmp	r0, #0
100040ac:	d1f7      	bne.n	1000409e <tud_cdc_n_read+0x2e>
100040ae:	26c8      	movs	r6, #200	@ 0xc8
100040b0:	436e      	muls	r6, r5
100040b2:	19be      	adds	r6, r7, r6
100040b4:	78f3      	ldrb	r3, [r6, #3]
100040b6:	2b00      	cmp	r3, #0
100040b8:	d0f1      	beq.n	1000409e <tud_cdc_n_read+0x2e>
100040ba:	0020      	movs	r0, r4
100040bc:	f000 fd98 	bl	10004bf0 <tu_fifo_remaining>
100040c0:	283f      	cmp	r0, #63	@ 0x3f
100040c2:	d9ec      	bls.n	1000409e <tud_cdc_n_read+0x2e>
100040c4:	2000      	movs	r0, #0
100040c6:	78f1      	ldrb	r1, [r6, #3]
100040c8:	f7ff fe2e 	bl	10003d28 <usbd_edpt_claim>
100040cc:	2800      	cmp	r0, #0
100040ce:	d0e6      	beq.n	1000409e <tud_cdc_n_read+0x2e>
100040d0:	0020      	movs	r0, r4
100040d2:	f000 fd8d 	bl	10004bf0 <tu_fifo_remaining>
100040d6:	283f      	cmp	r0, #63	@ 0x3f
100040d8:	d908      	bls.n	100040ec <tud_cdc_n_read+0x7c>
100040da:	4b09      	ldr	r3, [pc, #36]	@ (10004100 <tud_cdc_n_read+0x90>)
100040dc:	01ea      	lsls	r2, r5, #7
100040de:	18d2      	adds	r2, r2, r3
100040e0:	78f1      	ldrb	r1, [r6, #3]
100040e2:	2340      	movs	r3, #64	@ 0x40
100040e4:	2000      	movs	r0, #0
100040e6:	f7ff fe47 	bl	10003d78 <usbd_edpt_xfer>
100040ea:	e7d8      	b.n	1000409e <tud_cdc_n_read+0x2e>
100040ec:	78f1      	ldrb	r1, [r6, #3]
100040ee:	2000      	movs	r0, #0
100040f0:	f7ff fe2e 	bl	10003d50 <usbd_edpt_release>
100040f4:	e7d3      	b.n	1000409e <tud_cdc_n_read+0x2e>
100040f6:	46c0      	nop			@ (mov r8, r8)
100040f8:	20001578 	.word	0x20001578
100040fc:	0000ffff 	.word	0x0000ffff
10004100:	200014f4 	.word	0x200014f4

10004104 <tud_cdc_n_write_flush>:
10004104:	b5f8      	push	{r3, r4, r5, r6, r7, lr}
10004106:	0006      	movs	r6, r0
10004108:	f7ff f918 	bl	1000333c <tud_mounted>
1000410c:	2800      	cmp	r0, #0
1000410e:	d101      	bne.n	10004114 <tud_cdc_n_write_flush+0x10>
10004110:	2000      	movs	r0, #0
10004112:	bdf8      	pop	{r3, r4, r5, r6, r7, pc}
10004114:	f7ff f91a 	bl	1000334c <tud_suspended>
10004118:	2800      	cmp	r0, #0
1000411a:	d1f9      	bne.n	10004110 <tud_cdc_n_write_flush+0xc>
1000411c:	24c8      	movs	r4, #200	@ 0xc8
1000411e:	4374      	muls	r4, r6
10004120:	0025      	movs	r5, r4
10004122:	4f13      	ldr	r7, [pc, #76]	@ (10004170 <tud_cdc_n_write_flush+0x6c>)
10004124:	3524      	adds	r5, #36	@ 0x24
10004126:	19ed      	adds	r5, r5, r7
10004128:	0028      	movs	r0, r5
1000412a:	f000 fd43 	bl	10004bb4 <tu_fifo_count>
1000412e:	2800      	cmp	r0, #0
10004130:	d0ee      	beq.n	10004110 <tud_cdc_n_write_flush+0xc>
10004132:	193f      	adds	r7, r7, r4
10004134:	2000      	movs	r0, #0
10004136:	78b9      	ldrb	r1, [r7, #2]
10004138:	f7ff fdf6 	bl	10003d28 <usbd_edpt_claim>
1000413c:	2800      	cmp	r0, #0
1000413e:	d0e7      	beq.n	10004110 <tud_cdc_n_write_flush+0xc>
10004140:	4b0c      	ldr	r3, [pc, #48]	@ (10004174 <tud_cdc_n_write_flush+0x70>)
10004142:	01f4      	lsls	r4, r6, #7
10004144:	18e4      	adds	r4, r4, r3
10004146:	0021      	movs	r1, r4
10004148:	0028      	movs	r0, r5
1000414a:	2240      	movs	r2, #64	@ 0x40
1000414c:	f000 fdb4 	bl	10004cb8 <tu_fifo_read_n>
10004150:	78b9      	ldrb	r1, [r7, #2]
10004152:	1e05      	subs	r5, r0, #0
10004154:	d008      	beq.n	10004168 <tud_cdc_n_write_flush+0x64>
10004156:	0003      	movs	r3, r0
10004158:	0022      	movs	r2, r4
1000415a:	2000      	movs	r0, #0
1000415c:	f7ff fe0c 	bl	10003d78 <usbd_edpt_xfer>
10004160:	2800      	cmp	r0, #0
10004162:	d0d5      	beq.n	10004110 <tud_cdc_n_write_flush+0xc>
10004164:	0028      	movs	r0, r5
10004166:	e7d4      	b.n	10004112 <tud_cdc_n_write_flush+0xe>
10004168:	2000      	movs	r0, #0
1000416a:	f7ff fdf1 	bl	10003d50 <usbd_edpt_release>
1000416e:	e7cf      	b.n	10004110 <tud_cdc_n_write_flush+0xc>
10004170:	20001578 	.word	0x20001578
10004174:	20001534 	.word	0x20001534

10004178 <tud_cdc_n_write>:
10004178:	b570      	push	{r4, r5, r6, lr}
1000417a:	24c8      	movs	r4, #200	@ 0xc8
1000417c:	4344      	muls	r4, r0
1000417e:	4b0c      	ldr	r3, [pc, #48]	@ (100041b0 <tud_cdc_n_write+0x38>)
10004180:	0005      	movs	r5, r0
10004182:	18e4      	adds	r4, r4, r3
10004184:	2380      	movs	r3, #128	@ 0x80
10004186:	025b      	lsls	r3, r3, #9
10004188:	429a      	cmp	r2, r3
1000418a:	d300      	bcc.n	1000418e <tud_cdc_n_write+0x16>
1000418c:	4a09      	ldr	r2, [pc, #36]	@ (100041b4 <tud_cdc_n_write+0x3c>)
1000418e:	0020      	movs	r0, r4
10004190:	b292      	uxth	r2, r2
10004192:	f000 fe59 	bl	10004e48 <tu_fifo_write_n>
10004196:	0006      	movs	r6, r0
10004198:	0020      	movs	r0, r4
1000419a:	f000 fd0b 	bl	10004bb4 <tu_fifo_count>
1000419e:	283f      	cmp	r0, #63	@ 0x3f
100041a0:	d801      	bhi.n	100041a6 <tud_cdc_n_write+0x2e>
100041a2:	0030      	movs	r0, r6
100041a4:	bd70      	pop	{r4, r5, r6, pc}
100041a6:	0028      	movs	r0, r5
100041a8:	f7ff ffac 	bl	10004104 <tud_cdc_n_write_flush>
100041ac:	e7f9      	b.n	100041a2 <tud_cdc_n_write+0x2a>
100041ae:	46c0      	nop			@ (mov r8, r8)
100041b0:	2000159c 	.word	0x2000159c
100041b4:	0000ffff 	.word	0x0000ffff

100041b8 <tud_cdc_n_write_available>:
100041b8:	23c8      	movs	r3, #200	@ 0xc8
100041ba:	b510      	push	{r4, lr}
100041bc:	4343      	muls	r3, r0
100041be:	4802      	ldr	r0, [pc, #8]	@ (100041c8 <tud_cdc_n_write_available+0x10>)
100041c0:	1818      	adds	r0, r3, r0
100041c2:	f000 fd15 	bl	10004bf0 <tu_fifo_remaining>
100041c6:	bd10      	pop	{r4, pc}
100041c8:	2000159c 	.word	0x2000159c

100041cc <cdcd_init>:
100041cc:	b5f0      	push	{r4, r5, r6, r7, lr}
100041ce:	2500      	movs	r5, #0
100041d0:	4c18      	ldr	r4, [pc, #96]	@ (10004234 <cdcd_init+0x68>)
100041d2:	b083      	sub	sp, #12
100041d4:	22c8      	movs	r2, #200	@ 0xc8
100041d6:	2100      	movs	r1, #0
100041d8:	0020      	movs	r0, r4
100041da:	f7fe f9a3 	bl	10002524 <__wrap_memset>
100041de:	4b16      	ldr	r3, [pc, #88]	@ (10004238 <cdcd_init+0x6c>)
100041e0:	0021      	movs	r1, r4
100041e2:	701d      	strb	r5, [r3, #0]
100041e4:	23ff      	movs	r3, #255	@ 0xff
100041e6:	7163      	strb	r3, [r4, #5]
100041e8:	23e1      	movs	r3, #225	@ 0xe1
100041ea:	025b      	lsls	r3, r3, #9
100041ec:	60a3      	str	r3, [r4, #8]
100041ee:	0020      	movs	r0, r4
100041f0:	2308      	movs	r3, #8
100041f2:	2240      	movs	r2, #64	@ 0x40
100041f4:	73a3      	strb	r3, [r4, #14]
100041f6:	3138      	adds	r1, #56	@ 0x38
100041f8:	9500      	str	r5, [sp, #0]
100041fa:	3b07      	subs	r3, #7
100041fc:	3010      	adds	r0, #16
100041fe:	f000 fca3 	bl	10004b48 <tu_fifo_config>
10004202:	0027      	movs	r7, r4
10004204:	2301      	movs	r3, #1
10004206:	0021      	movs	r1, r4
10004208:	0020      	movs	r0, r4
1000420a:	0026      	movs	r6, r4
1000420c:	2240      	movs	r2, #64	@ 0x40
1000420e:	3178      	adds	r1, #120	@ 0x78
10004210:	9300      	str	r3, [sp, #0]
10004212:	37b8      	adds	r7, #184	@ 0xb8
10004214:	3024      	adds	r0, #36	@ 0x24
10004216:	f000 fc97 	bl	10004b48 <tu_fifo_config>
1000421a:	36c0      	adds	r6, #192	@ 0xc0
1000421c:	0038      	movs	r0, r7
1000421e:	f7fc fe6d 	bl	10000efc <mutex_init>
10004222:	0030      	movs	r0, r6
10004224:	f7fc fe6a 	bl	10000efc <mutex_init>
10004228:	61e5      	str	r5, [r4, #28]
1000422a:	6227      	str	r7, [r4, #32]
1000422c:	6326      	str	r6, [r4, #48]	@ 0x30
1000422e:	6365      	str	r5, [r4, #52]	@ 0x34
10004230:	b003      	add	sp, #12
10004232:	bdf0      	pop	{r4, r5, r6, r7, pc}
10004234:	20001578 	.word	0x20001578
10004238:	20001574 	.word	0x20001574

1000423c <cdcd_deinit>:
1000423c:	4b0b      	ldr	r3, [pc, #44]	@ (1000426c <cdcd_deinit+0x30>)
1000423e:	6b19      	ldr	r1, [r3, #48]	@ 0x30
10004240:	2900      	cmp	r1, #0
10004242:	d00a      	beq.n	1000425a <cdcd_deinit+0x1e>
10004244:	6a1a      	ldr	r2, [r3, #32]
10004246:	2a00      	cmp	r2, #0
10004248:	d00d      	beq.n	10004266 <cdcd_deinit+0x2a>
1000424a:	2200      	movs	r2, #0
1000424c:	621a      	str	r2, [r3, #32]
1000424e:	631a      	str	r2, [r3, #48]	@ 0x30
10004250:	61da      	str	r2, [r3, #28]
10004252:	2200      	movs	r2, #0
10004254:	635a      	str	r2, [r3, #52]	@ 0x34
10004256:	2001      	movs	r0, #1
10004258:	4770      	bx	lr
1000425a:	6a1a      	ldr	r2, [r3, #32]
1000425c:	2a00      	cmp	r2, #0
1000425e:	d0fa      	beq.n	10004256 <cdcd_deinit+0x1a>
10004260:	61d9      	str	r1, [r3, #28]
10004262:	6219      	str	r1, [r3, #32]
10004264:	e7f7      	b.n	10004256 <cdcd_deinit+0x1a>
10004266:	631a      	str	r2, [r3, #48]	@ 0x30
10004268:	e7f3      	b.n	10004252 <cdcd_deinit+0x16>
1000426a:	46c0      	nop			@ (mov r8, r8)
1000426c:	20001578 	.word	0x20001578

10004270 <cdcd_reset>:
10004270:	b570      	push	{r4, r5, r6, lr}
10004272:	4c0f      	ldr	r4, [pc, #60]	@ (100042b0 <cdcd_reset+0x40>)
10004274:	2205      	movs	r2, #5
10004276:	2100      	movs	r1, #0
10004278:	0020      	movs	r0, r4
1000427a:	f7fe f953 	bl	10002524 <__wrap_memset>
1000427e:	4d0d      	ldr	r5, [pc, #52]	@ (100042b4 <cdcd_reset+0x44>)
10004280:	782b      	ldrb	r3, [r5, #0]
10004282:	07da      	lsls	r2, r3, #31
10004284:	d507      	bpl.n	10004296 <cdcd_reset+0x26>
10004286:	4c0c      	ldr	r4, [pc, #48]	@ (100042b8 <cdcd_reset+0x48>)
10004288:	079b      	lsls	r3, r3, #30
1000428a:	d50c      	bpl.n	100042a6 <cdcd_reset+0x36>
1000428c:	2101      	movs	r1, #1
1000428e:	0020      	movs	r0, r4
10004290:	f000 feb6 	bl	10005000 <tu_fifo_set_overwritable>
10004294:	bd70      	pop	{r4, r5, r6, pc}
10004296:	0020      	movs	r0, r4
10004298:	3010      	adds	r0, #16
1000429a:	f000 fe91 	bl	10004fc0 <tu_fifo_clear>
1000429e:	782b      	ldrb	r3, [r5, #0]
100042a0:	4c05      	ldr	r4, [pc, #20]	@ (100042b8 <cdcd_reset+0x48>)
100042a2:	079b      	lsls	r3, r3, #30
100042a4:	d4f2      	bmi.n	1000428c <cdcd_reset+0x1c>
100042a6:	0020      	movs	r0, r4
100042a8:	f000 fe8a 	bl	10004fc0 <tu_fifo_clear>
100042ac:	e7ee      	b.n	1000428c <cdcd_reset+0x1c>
100042ae:	46c0      	nop			@ (mov r8, r8)
100042b0:	20001578 	.word	0x20001578
100042b4:	20001574 	.word	0x20001574
100042b8:	2000159c 	.word	0x2000159c

100042bc <cdcd_open>:
100042bc:	b5f0      	push	{r4, r5, r6, r7, lr}
100042be:	794b      	ldrb	r3, [r1, #5]
100042c0:	0006      	movs	r6, r0
100042c2:	b083      	sub	sp, #12
100042c4:	2b02      	cmp	r3, #2
100042c6:	d102      	bne.n	100042ce <cdcd_open+0x12>
100042c8:	798b      	ldrb	r3, [r1, #6]
100042ca:	2b02      	cmp	r3, #2
100042cc:	d003      	beq.n	100042d6 <cdcd_open+0x1a>
100042ce:	2500      	movs	r5, #0
100042d0:	0028      	movs	r0, r5
100042d2:	b003      	add	sp, #12
100042d4:	bdf0      	pop	{r4, r5, r6, r7, pc}
100042d6:	4f21      	ldr	r7, [pc, #132]	@ (1000435c <cdcd_open+0xa0>)
100042d8:	78bb      	ldrb	r3, [r7, #2]
100042da:	2b00      	cmp	r3, #0
100042dc:	d1f7      	bne.n	100042ce <cdcd_open+0x12>
100042de:	788b      	ldrb	r3, [r1, #2]
100042e0:	2509      	movs	r5, #9
100042e2:	703b      	strb	r3, [r7, #0]
100042e4:	780c      	ldrb	r4, [r1, #0]
100042e6:	190c      	adds	r4, r1, r4
100042e8:	7863      	ldrb	r3, [r4, #1]
100042ea:	2b24      	cmp	r3, #36	@ 0x24
100042ec:	d10b      	bne.n	10004306 <cdcd_open+0x4a>
100042ee:	2a08      	cmp	r2, #8
100042f0:	d802      	bhi.n	100042f8 <cdcd_open+0x3c>
100042f2:	e00f      	b.n	10004314 <cdcd_open+0x58>
100042f4:	42aa      	cmp	r2, r5
100042f6:	d30d      	bcc.n	10004314 <cdcd_open+0x58>
100042f8:	7823      	ldrb	r3, [r4, #0]
100042fa:	18e4      	adds	r4, r4, r3
100042fc:	195d      	adds	r5, r3, r5
100042fe:	7863      	ldrb	r3, [r4, #1]
10004300:	b2ad      	uxth	r5, r5
10004302:	2b24      	cmp	r3, #36	@ 0x24
10004304:	d0f6      	beq.n	100042f4 <cdcd_open+0x38>
10004306:	2b05      	cmp	r3, #5
10004308:	d008      	beq.n	1000431c <cdcd_open+0x60>
1000430a:	2b04      	cmp	r3, #4
1000430c:	d102      	bne.n	10004314 <cdcd_open+0x58>
1000430e:	7963      	ldrb	r3, [r4, #5]
10004310:	2b0a      	cmp	r3, #10
10004312:	d011      	beq.n	10004338 <cdcd_open+0x7c>
10004314:	2000      	movs	r0, #0
10004316:	f7ff fe55 	bl	10003fc4 <_prep_out_transaction.isra.0>
1000431a:	e7d9      	b.n	100042d0 <cdcd_open+0x14>
1000431c:	0021      	movs	r1, r4
1000431e:	0030      	movs	r0, r6
10004320:	f7ff fce8 	bl	10003cf4 <usbd_edpt_open>
10004324:	2800      	cmp	r0, #0
10004326:	d0d2      	beq.n	100042ce <cdcd_open+0x12>
10004328:	78a3      	ldrb	r3, [r4, #2]
1000432a:	707b      	strb	r3, [r7, #1]
1000432c:	7823      	ldrb	r3, [r4, #0]
1000432e:	195d      	adds	r5, r3, r5
10004330:	18e4      	adds	r4, r4, r3
10004332:	7863      	ldrb	r3, [r4, #1]
10004334:	b2ad      	uxth	r5, r5
10004336:	e7e8      	b.n	1000430a <cdcd_open+0x4e>
10004338:	4b09      	ldr	r3, [pc, #36]	@ (10004360 <cdcd_open+0xa4>)
1000433a:	7827      	ldrb	r7, [r4, #0]
1000433c:	9301      	str	r3, [sp, #4]
1000433e:	3301      	adds	r3, #1
10004340:	9300      	str	r3, [sp, #0]
10004342:	2202      	movs	r2, #2
10004344:	2302      	movs	r3, #2
10004346:	0030      	movs	r0, r6
10004348:	19e1      	adds	r1, r4, r7
1000434a:	f7ff fc85 	bl	10003c58 <usbd_open_edpt_pair>
1000434e:	2800      	cmp	r0, #0
10004350:	d0bd      	beq.n	100042ce <cdcd_open+0x12>
10004352:	350e      	adds	r5, #14
10004354:	19ed      	adds	r5, r5, r7
10004356:	b2ad      	uxth	r5, r5
10004358:	e7dc      	b.n	10004314 <cdcd_open+0x58>
1000435a:	46c0      	nop			@ (mov r8, r8)
1000435c:	20001578 	.word	0x20001578
10004360:	2000157a 	.word	0x2000157a

10004364 <cdcd_control_xfer_cb>:
10004364:	b5f8      	push	{r3, r4, r5, r6, r7, lr}
10004366:	2360      	movs	r3, #96	@ 0x60
10004368:	0014      	movs	r4, r2
1000436a:	7812      	ldrb	r2, [r2, #0]
1000436c:	0005      	movs	r5, r0
1000436e:	4013      	ands	r3, r2
10004370:	2000      	movs	r0, #0
10004372:	2b20      	cmp	r3, #32
10004374:	d107      	bne.n	10004386 <cdcd_control_xfer_cb+0x22>
10004376:	4a30      	ldr	r2, [pc, #192]	@ (10004438 <cdcd_control_xfer_cb+0xd4>)
10004378:	7963      	ldrb	r3, [r4, #5]
1000437a:	7927      	ldrb	r7, [r4, #4]
1000437c:	7816      	ldrb	r6, [r2, #0]
1000437e:	021b      	lsls	r3, r3, #8
10004380:	433b      	orrs	r3, r7
10004382:	429e      	cmp	r6, r3
10004384:	d000      	beq.n	10004388 <cdcd_control_xfer_cb+0x24>
10004386:	bdf8      	pop	{r3, r4, r5, r6, r7, pc}
10004388:	7863      	ldrb	r3, [r4, #1]
1000438a:	2b22      	cmp	r3, #34	@ 0x22
1000438c:	d01a      	beq.n	100043c4 <cdcd_control_xfer_cb+0x60>
1000438e:	d807      	bhi.n	100043a0 <cdcd_control_xfer_cb+0x3c>
10004390:	2b20      	cmp	r3, #32
10004392:	d034      	beq.n	100043fe <cdcd_control_xfer_cb+0x9a>
10004394:	2b21      	cmp	r3, #33	@ 0x21
10004396:	d1f6      	bne.n	10004386 <cdcd_control_xfer_cb+0x22>
10004398:	2901      	cmp	r1, #1
1000439a:	d03e      	beq.n	1000441a <cdcd_control_xfer_cb+0xb6>
1000439c:	2001      	movs	r0, #1
1000439e:	e7f2      	b.n	10004386 <cdcd_control_xfer_cb+0x22>
100043a0:	2b23      	cmp	r3, #35	@ 0x23
100043a2:	d1f0      	bne.n	10004386 <cdcd_control_xfer_cb+0x22>
100043a4:	2901      	cmp	r1, #1
100043a6:	d040      	beq.n	1000442a <cdcd_control_xfer_cb+0xc6>
100043a8:	2903      	cmp	r1, #3
100043aa:	d1f7      	bne.n	1000439c <cdcd_control_xfer_cb+0x38>
100043ac:	4b23      	ldr	r3, [pc, #140]	@ (1000443c <cdcd_control_xfer_cb+0xd8>)
100043ae:	2b00      	cmp	r3, #0
100043b0:	d0f4      	beq.n	1000439c <cdcd_control_xfer_cb+0x38>
100043b2:	78e1      	ldrb	r1, [r4, #3]
100043b4:	78a3      	ldrb	r3, [r4, #2]
100043b6:	0209      	lsls	r1, r1, #8
100043b8:	2000      	movs	r0, #0
100043ba:	4319      	orrs	r1, r3
100043bc:	e000      	b.n	100043c0 <cdcd_control_xfer_cb+0x5c>
100043be:	bf00      	nop
100043c0:	2001      	movs	r0, #1
100043c2:	e7e0      	b.n	10004386 <cdcd_control_xfer_cb+0x22>
100043c4:	2901      	cmp	r1, #1
100043c6:	d030      	beq.n	1000442a <cdcd_control_xfer_cb+0xc6>
100043c8:	2903      	cmp	r1, #3
100043ca:	d1e7      	bne.n	1000439c <cdcd_control_xfer_cb+0x38>
100043cc:	2501      	movs	r5, #1
100043ce:	002e      	movs	r6, r5
100043d0:	78a3      	ldrb	r3, [r4, #2]
100043d2:	78e4      	ldrb	r4, [r4, #3]
100043d4:	3902      	subs	r1, #2
100043d6:	0224      	lsls	r4, r4, #8
100043d8:	431c      	orrs	r4, r3
100043da:	7114      	strb	r4, [r2, #4]
100043dc:	4026      	ands	r6, r4
100043de:	3224      	adds	r2, #36	@ 0x24
100043e0:	0010      	movs	r0, r2
100043e2:	4071      	eors	r1, r6
100043e4:	f000 fe0c 	bl	10005000 <tu_fifo_set_overwritable>
100043e8:	4b15      	ldr	r3, [pc, #84]	@ (10004440 <cdcd_control_xfer_cb+0xdc>)
100043ea:	2b00      	cmp	r3, #0
100043ec:	d0d6      	beq.n	1000439c <cdcd_control_xfer_cb+0x38>
100043ee:	0862      	lsrs	r2, r4, #1
100043f0:	2000      	movs	r0, #0
100043f2:	0031      	movs	r1, r6
100043f4:	402a      	ands	r2, r5
100043f6:	e000      	b.n	100043fa <cdcd_control_xfer_cb+0x96>
100043f8:	bf00      	nop
100043fa:	2001      	movs	r0, #1
100043fc:	e7c3      	b.n	10004386 <cdcd_control_xfer_cb+0x22>
100043fe:	2901      	cmp	r1, #1
10004400:	d00b      	beq.n	1000441a <cdcd_control_xfer_cb+0xb6>
10004402:	2903      	cmp	r1, #3
10004404:	d1ca      	bne.n	1000439c <cdcd_control_xfer_cb+0x38>
10004406:	4b0f      	ldr	r3, [pc, #60]	@ (10004444 <cdcd_control_xfer_cb+0xe0>)
10004408:	2b00      	cmp	r3, #0
1000440a:	d0c7      	beq.n	1000439c <cdcd_control_xfer_cb+0x38>
1000440c:	3208      	adds	r2, #8
1000440e:	2000      	movs	r0, #0
10004410:	0011      	movs	r1, r2
10004412:	f7fe fa97 	bl	10002944 <tud_cdc_line_coding_cb>
10004416:	2001      	movs	r0, #1
10004418:	e7b5      	b.n	10004386 <cdcd_control_xfer_cb+0x22>
1000441a:	2307      	movs	r3, #7
1000441c:	0021      	movs	r1, r4
1000441e:	0028      	movs	r0, r5
10004420:	4a09      	ldr	r2, [pc, #36]	@ (10004448 <cdcd_control_xfer_cb+0xe4>)
10004422:	f7ff fce5 	bl	10003df0 <tud_control_xfer>
10004426:	2001      	movs	r0, #1
10004428:	e7ad      	b.n	10004386 <cdcd_control_xfer_cb+0x22>
1000442a:	0021      	movs	r1, r4
1000442c:	0028      	movs	r0, r5
1000442e:	f7ff fcc9 	bl	10003dc4 <tud_control_status>
10004432:	2001      	movs	r0, #1
10004434:	e7a7      	b.n	10004386 <cdcd_control_xfer_cb+0x22>
10004436:	46c0      	nop			@ (mov r8, r8)
10004438:	20001578 	.word	0x20001578
	...
10004444:	10002945 	.word	0x10002945
10004448:	20001580 	.word	0x20001580

1000444c <cdcd_xfer_cb>:
1000444c:	b5f0      	push	{r4, r5, r6, r7, lr}
1000444e:	464f      	mov	r7, r9
10004450:	4646      	mov	r6, r8
10004452:	46d6      	mov	lr, sl
10004454:	4d36      	ldr	r5, [pc, #216]	@ (10004530 <cdcd_xfer_cb+0xe4>)
10004456:	b5c0      	push	{r6, r7, lr}
10004458:	78ea      	ldrb	r2, [r5, #3]
1000445a:	001f      	movs	r7, r3
1000445c:	4680      	mov	r8, r0
1000445e:	000c      	movs	r4, r1
10004460:	78ab      	ldrb	r3, [r5, #2]
10004462:	428a      	cmp	r2, r1
10004464:	d03b      	beq.n	100044de <cdcd_xfer_cb+0x92>
10004466:	428b      	cmp	r3, r1
10004468:	d010      	beq.n	1000448c <cdcd_xfer_cb+0x40>
1000446a:	2000      	movs	r0, #0
1000446c:	bce0      	pop	{r5, r6, r7}
1000446e:	46ba      	mov	sl, r7
10004470:	46b1      	mov	r9, r6
10004472:	46a8      	mov	r8, r5
10004474:	bdf0      	pop	{r4, r5, r6, r7, pc}
10004476:	4b2f      	ldr	r3, [pc, #188]	@ (10004534 <cdcd_xfer_cb+0xe8>)
10004478:	2b00      	cmp	r3, #0
1000447a:	d004      	beq.n	10004486 <cdcd_xfer_cb+0x3a>
1000447c:	482e      	ldr	r0, [pc, #184]	@ (10004538 <cdcd_xfer_cb+0xec>)
1000447e:	f000 fbaf 	bl	10004be0 <tu_fifo_empty>
10004482:	2800      	cmp	r0, #0
10004484:	d051      	beq.n	1000452a <cdcd_xfer_cb+0xde>
10004486:	2000      	movs	r0, #0
10004488:	f7ff fd9c 	bl	10003fc4 <_prep_out_transaction.isra.0>
1000448c:	78ab      	ldrb	r3, [r5, #2]
1000448e:	42a3      	cmp	r3, r4
10004490:	d001      	beq.n	10004496 <cdcd_xfer_cb+0x4a>
10004492:	2001      	movs	r0, #1
10004494:	e7ea      	b.n	1000446c <cdcd_xfer_cb+0x20>
10004496:	4b29      	ldr	r3, [pc, #164]	@ (1000453c <cdcd_xfer_cb+0xf0>)
10004498:	2b00      	cmp	r3, #0
1000449a:	d002      	beq.n	100044a2 <cdcd_xfer_cb+0x56>
1000449c:	2000      	movs	r0, #0
1000449e:	e000      	b.n	100044a2 <cdcd_xfer_cb+0x56>
100044a0:	bf00      	nop
100044a2:	2000      	movs	r0, #0
100044a4:	f7ff fe2e 	bl	10004104 <tud_cdc_n_write_flush>
100044a8:	2800      	cmp	r0, #0
100044aa:	d1f2      	bne.n	10004492 <cdcd_xfer_cb+0x46>
100044ac:	4c24      	ldr	r4, [pc, #144]	@ (10004540 <cdcd_xfer_cb+0xf4>)
100044ae:	0020      	movs	r0, r4
100044b0:	f000 fb80 	bl	10004bb4 <tu_fifo_count>
100044b4:	2800      	cmp	r0, #0
100044b6:	d1ec      	bne.n	10004492 <cdcd_xfer_cb+0x46>
100044b8:	2f00      	cmp	r7, #0
100044ba:	d0ea      	beq.n	10004492 <cdcd_xfer_cb+0x46>
100044bc:	06bf      	lsls	r7, r7, #26
100044be:	d1e8      	bne.n	10004492 <cdcd_xfer_cb+0x46>
100044c0:	3c24      	subs	r4, #36	@ 0x24
100044c2:	4640      	mov	r0, r8
100044c4:	78a1      	ldrb	r1, [r4, #2]
100044c6:	f7ff fc2f 	bl	10003d28 <usbd_edpt_claim>
100044ca:	2800      	cmp	r0, #0
100044cc:	d0e1      	beq.n	10004492 <cdcd_xfer_cb+0x46>
100044ce:	2300      	movs	r3, #0
100044d0:	2200      	movs	r2, #0
100044d2:	4640      	mov	r0, r8
100044d4:	78a1      	ldrb	r1, [r4, #2]
100044d6:	f7ff fc4f 	bl	10003d78 <usbd_edpt_xfer>
100044da:	2001      	movs	r0, #1
100044dc:	e7c6      	b.n	1000446c <cdcd_xfer_cb+0x20>
100044de:	2310      	movs	r3, #16
100044e0:	469a      	mov	sl, r3
100044e2:	4e18      	ldr	r6, [pc, #96]	@ (10004544 <cdcd_xfer_cb+0xf8>)
100044e4:	44aa      	add	sl, r5
100044e6:	0031      	movs	r1, r6
100044e8:	4650      	mov	r0, sl
100044ea:	b2ba      	uxth	r2, r7
100044ec:	f000 fcac 	bl	10004e48 <tu_fifo_write_n>
100044f0:	4b15      	ldr	r3, [pc, #84]	@ (10004548 <cdcd_xfer_cb+0xfc>)
100044f2:	2b00      	cmp	r3, #0
100044f4:	d0bf      	beq.n	10004476 <cdcd_xfer_cb+0x2a>
100044f6:	796b      	ldrb	r3, [r5, #5]
100044f8:	2bff      	cmp	r3, #255	@ 0xff
100044fa:	d0bc      	beq.n	10004476 <cdcd_xfer_cb+0x2a>
100044fc:	2f00      	cmp	r7, #0
100044fe:	d0ba      	beq.n	10004476 <cdcd_xfer_cb+0x2a>
10004500:	19f2      	adds	r2, r6, r7
10004502:	4691      	mov	r9, r2
10004504:	e003      	b.n	1000450e <cdcd_xfer_cb+0xc2>
10004506:	3601      	adds	r6, #1
10004508:	45b1      	cmp	r9, r6
1000450a:	d0b4      	beq.n	10004476 <cdcd_xfer_cb+0x2a>
1000450c:	796b      	ldrb	r3, [r5, #5]
1000450e:	7832      	ldrb	r2, [r6, #0]
10004510:	429a      	cmp	r2, r3
10004512:	d1f8      	bne.n	10004506 <cdcd_xfer_cb+0xba>
10004514:	4650      	mov	r0, sl
10004516:	f000 fb63 	bl	10004be0 <tu_fifo_empty>
1000451a:	2800      	cmp	r0, #0
1000451c:	d1f3      	bne.n	10004506 <cdcd_xfer_cb+0xba>
1000451e:	4653      	mov	r3, sl
10004520:	3b10      	subs	r3, #16
10004522:	7959      	ldrb	r1, [r3, #5]
10004524:	e000      	b.n	10004528 <cdcd_xfer_cb+0xdc>
10004526:	bf00      	nop
10004528:	e7ed      	b.n	10004506 <cdcd_xfer_cb+0xba>
1000452a:	e000      	b.n	1000452e <cdcd_xfer_cb+0xe2>
1000452c:	bf00      	nop
1000452e:	e7aa      	b.n	10004486 <cdcd_xfer_cb+0x3a>
10004530:	20001578 	.word	0x20001578
10004534:	00000000 	.word	0x00000000
10004538:	20001588 	.word	0x20001588
1000453c:	00000000 	.word	0x00000000
10004540:	2000159c 	.word	0x2000159c
10004544:	200014f4 	.word	0x200014f4
10004548:	00000000 	.word	0x00000000

1000454c <vendord_init>:
1000454c:	2293      	movs	r2, #147	@ 0x93
1000454e:	b5f0      	push	{r4, r5, r6, r7, lr}
10004550:	4c13      	ldr	r4, [pc, #76]	@ (100045a0 <vendord_init+0x54>)
10004552:	b085      	sub	sp, #20
10004554:	2100      	movs	r1, #0
10004556:	0020      	movs	r0, r4
10004558:	0092      	lsls	r2, r2, #2
1000455a:	f7fd ffe3 	bl	10002524 <__wrap_memset>
1000455e:	0023      	movs	r3, r4
10004560:	0020      	movs	r0, r4
10004562:	2680      	movs	r6, #128	@ 0x80
10004564:	2740      	movs	r7, #64	@ 0x40
10004566:	4d0f      	ldr	r5, [pc, #60]	@ (100045a4 <vendord_init+0x58>)
10004568:	334d      	adds	r3, #77	@ 0x4d
1000456a:	0076      	lsls	r6, r6, #1
1000456c:	33ff      	adds	r3, #255	@ 0xff
1000456e:	3029      	adds	r0, #41	@ 0x29
10004570:	9502      	str	r5, [sp, #8]
10004572:	9300      	str	r3, [sp, #0]
10004574:	2200      	movs	r2, #0
10004576:	2300      	movs	r3, #0
10004578:	2100      	movs	r1, #0
1000457a:	9703      	str	r7, [sp, #12]
1000457c:	9601      	str	r6, [sp, #4]
1000457e:	30ff      	adds	r0, #255	@ 0xff
10004580:	f000 f9d6 	bl	10004930 <tu_edpt_stream_init>
10004584:	3540      	adds	r5, #64	@ 0x40
10004586:	1d20      	adds	r0, r4, #4
10004588:	3428      	adds	r4, #40	@ 0x28
1000458a:	2300      	movs	r3, #0
1000458c:	2201      	movs	r2, #1
1000458e:	2100      	movs	r1, #0
10004590:	9703      	str	r7, [sp, #12]
10004592:	9502      	str	r5, [sp, #8]
10004594:	9601      	str	r6, [sp, #4]
10004596:	9400      	str	r4, [sp, #0]
10004598:	f000 f9ca 	bl	10004930 <tu_edpt_stream_init>
1000459c:	b005      	add	sp, #20
1000459e:	bdf0      	pop	{r4, r5, r6, r7, pc}
100045a0:	2000183c 	.word	0x2000183c
100045a4:	200017bc 	.word	0x200017bc

100045a8 <vendord_deinit>:
100045a8:	b510      	push	{r4, lr}
100045aa:	4c05      	ldr	r4, [pc, #20]	@ (100045c0 <vendord_deinit+0x18>)
100045ac:	0020      	movs	r0, r4
100045ae:	f000 f9f5 	bl	1000499c <tu_edpt_stream_deinit>
100045b2:	0020      	movs	r0, r4
100045b4:	3825      	subs	r0, #37	@ 0x25
100045b6:	38ff      	subs	r0, #255	@ 0xff
100045b8:	f000 f9f0 	bl	1000499c <tu_edpt_stream_deinit>
100045bc:	2001      	movs	r0, #1
100045be:	bd10      	pop	{r4, pc}
100045c0:	20001964 	.word	0x20001964

100045c4 <vendord_reset>:
100045c4:	b570      	push	{r4, r5, r6, lr}
100045c6:	4c08      	ldr	r4, [pc, #32]	@ (100045e8 <vendord_reset+0x24>)
100045c8:	2500      	movs	r5, #0
100045ca:	0020      	movs	r0, r4
100045cc:	3031      	adds	r0, #49	@ 0x31
100045ce:	30ff      	adds	r0, #255	@ 0xff
100045d0:	7025      	strb	r5, [r4, #0]
100045d2:	f000 fcf5 	bl	10004fc0 <tu_fifo_clear>
100045d6:	0020      	movs	r0, r4
100045d8:	300c      	adds	r0, #12
100045da:	f000 fcf1 	bl	10004fc0 <tu_fifo_clear>
100045de:	232a      	movs	r3, #42	@ 0x2a
100045e0:	33ff      	adds	r3, #255	@ 0xff
100045e2:	54e5      	strb	r5, [r4, r3]
100045e4:	7165      	strb	r5, [r4, #5]
100045e6:	bd70      	pop	{r4, r5, r6, pc}
100045e8:	2000183c 	.word	0x2000183c

100045ec <vendord_open>:
100045ec:	b5f8      	push	{r3, r4, r5, r6, r7, lr}
100045ee:	4657      	mov	r7, sl
100045f0:	4645      	mov	r5, r8
100045f2:	46de      	mov	lr, fp
100045f4:	464e      	mov	r6, r9
100045f6:	b5e0      	push	{r5, r6, r7, lr}
100045f8:	794b      	ldrb	r3, [r1, #5]
100045fa:	4680      	mov	r8, r0
100045fc:	000f      	movs	r7, r1
100045fe:	2bff      	cmp	r3, #255	@ 0xff
10004600:	d127      	bne.n	10004652 <vendord_open+0x66>
10004602:	4b42      	ldr	r3, [pc, #264]	@ (1000470c <vendord_open+0x120>)
10004604:	780c      	ldrb	r4, [r1, #0]
10004606:	4699      	mov	r9, r3
10004608:	232a      	movs	r3, #42	@ 0x2a
1000460a:	4649      	mov	r1, r9
1000460c:	33ff      	adds	r3, #255	@ 0xff
1000460e:	5ccb      	ldrb	r3, [r1, r3]
10004610:	2b00      	cmp	r3, #0
10004612:	d11e      	bne.n	10004652 <vendord_open+0x66>
10004614:	794e      	ldrb	r6, [r1, #5]
10004616:	2e00      	cmp	r6, #0
10004618:	d11b      	bne.n	10004652 <vendord_open+0x66>
1000461a:	78bb      	ldrb	r3, [r7, #2]
1000461c:	193c      	adds	r4, r7, r4
1000461e:	700b      	strb	r3, [r1, #0]
10004620:	793b      	ldrb	r3, [r7, #4]
10004622:	2b00      	cmp	r3, #0
10004624:	d012      	beq.n	1000464c <vendord_open+0x60>
10004626:	2398      	movs	r3, #152	@ 0x98
10004628:	005b      	lsls	r3, r3, #1
1000462a:	444b      	add	r3, r9
1000462c:	469a      	mov	sl, r3
1000462e:	230c      	movs	r3, #12
10004630:	444b      	add	r3, r9
10004632:	469b      	mov	fp, r3
10004634:	18a5      	adds	r5, r4, r2
10004636:	7863      	ldrb	r3, [r4, #1]
10004638:	2b05      	cmp	r3, #5
1000463a:	d105      	bne.n	10004648 <vendord_open+0x5c>
1000463c:	e010      	b.n	10004660 <vendord_open+0x74>
1000463e:	7823      	ldrb	r3, [r4, #0]
10004640:	18e4      	adds	r4, r4, r3
10004642:	7863      	ldrb	r3, [r4, #1]
10004644:	2b05      	cmp	r3, #5
10004646:	d00b      	beq.n	10004660 <vendord_open+0x74>
10004648:	42a5      	cmp	r5, r4
1000464a:	d8f8      	bhi.n	1000463e <vendord_open+0x52>
1000464c:	1be0      	subs	r0, r4, r7
1000464e:	b280      	uxth	r0, r0
10004650:	e000      	b.n	10004654 <vendord_open+0x68>
10004652:	2000      	movs	r0, #0
10004654:	bcf0      	pop	{r4, r5, r6, r7}
10004656:	46bb      	mov	fp, r7
10004658:	46b2      	mov	sl, r6
1000465a:	46a9      	mov	r9, r5
1000465c:	46a0      	mov	r8, r4
1000465e:	bdf8      	pop	{r3, r4, r5, r6, r7, pc}
10004660:	42a5      	cmp	r5, r4
10004662:	d9f3      	bls.n	1000464c <vendord_open+0x60>
10004664:	0021      	movs	r1, r4
10004666:	4640      	mov	r0, r8
10004668:	f7ff fb44 	bl	10003cf4 <usbd_edpt_open>
1000466c:	2800      	cmp	r0, #0
1000466e:	d0f0      	beq.n	10004652 <vendord_open+0x66>
10004670:	78a3      	ldrb	r3, [r4, #2]
10004672:	3601      	adds	r6, #1
10004674:	b2f6      	uxtb	r6, r6
10004676:	09db      	lsrs	r3, r3, #7
10004678:	2b01      	cmp	r3, #1
1000467a:	d029      	beq.n	100046d0 <vendord_open+0xe4>
1000467c:	4650      	mov	r0, sl
1000467e:	f000 fc9f 	bl	10004fc0 <tu_fifo_clear>
10004682:	232a      	movs	r3, #42	@ 0x2a
10004684:	4649      	mov	r1, r9
10004686:	78a2      	ldrb	r2, [r4, #2]
10004688:	33ff      	adds	r3, #255	@ 0xff
1000468a:	54ca      	strb	r2, [r1, r3]
1000468c:	7963      	ldrb	r3, [r4, #5]
1000468e:	7922      	ldrb	r2, [r4, #4]
10004690:	021b      	lsls	r3, r3, #8
10004692:	4313      	orrs	r3, r2
10004694:	4a1e      	ldr	r2, [pc, #120]	@ (10004710 <vendord_open+0x124>)
10004696:	055b      	lsls	r3, r3, #21
10004698:	4694      	mov	ip, r2
1000469a:	0d5b      	lsrs	r3, r3, #21
1000469c:	2194      	movs	r1, #148	@ 0x94
1000469e:	4463      	add	r3, ip
100046a0:	425a      	negs	r2, r3
100046a2:	4153      	adcs	r3, r2
100046a4:	464a      	mov	r2, r9
100046a6:	2002      	movs	r0, #2
100046a8:	0049      	lsls	r1, r1, #1
100046aa:	5c52      	ldrb	r2, [r2, r1]
100046ac:	005b      	lsls	r3, r3, #1
100046ae:	4382      	bics	r2, r0
100046b0:	4313      	orrs	r3, r2
100046b2:	464a      	mov	r2, r9
100046b4:	5453      	strb	r3, [r2, r1]
100046b6:	4651      	mov	r1, sl
100046b8:	4640      	mov	r0, r8
100046ba:	3908      	subs	r1, #8
100046bc:	f000 f9d6 	bl	10004a6c <tu_edpt_stream_read_xfer>
100046c0:	2800      	cmp	r0, #0
100046c2:	d0c6      	beq.n	10004652 <vendord_open+0x66>
100046c4:	7823      	ldrb	r3, [r4, #0]
100046c6:	18e4      	adds	r4, r4, r3
100046c8:	793b      	ldrb	r3, [r7, #4]
100046ca:	42b3      	cmp	r3, r6
100046cc:	d8b3      	bhi.n	10004636 <vendord_open+0x4a>
100046ce:	e7bd      	b.n	1000464c <vendord_open+0x60>
100046d0:	4658      	mov	r0, fp
100046d2:	f000 fc75 	bl	10004fc0 <tu_fifo_clear>
100046d6:	465a      	mov	r2, fp
100046d8:	78a3      	ldrb	r3, [r4, #2]
100046da:	3a0c      	subs	r2, #12
100046dc:	7153      	strb	r3, [r2, #5]
100046de:	7963      	ldrb	r3, [r4, #5]
100046e0:	7921      	ldrb	r1, [r4, #4]
100046e2:	021b      	lsls	r3, r3, #8
100046e4:	430b      	orrs	r3, r1
100046e6:	490a      	ldr	r1, [pc, #40]	@ (10004710 <vendord_open+0x124>)
100046e8:	055b      	lsls	r3, r3, #21
100046ea:	468c      	mov	ip, r1
100046ec:	0d5b      	lsrs	r3, r3, #21
100046ee:	4463      	add	r3, ip
100046f0:	4259      	negs	r1, r3
100046f2:	414b      	adcs	r3, r1
100046f4:	2002      	movs	r0, #2
100046f6:	7911      	ldrb	r1, [r2, #4]
100046f8:	005b      	lsls	r3, r3, #1
100046fa:	4381      	bics	r1, r0
100046fc:	430b      	orrs	r3, r1
100046fe:	4659      	mov	r1, fp
10004700:	2000      	movs	r0, #0
10004702:	3908      	subs	r1, #8
10004704:	7113      	strb	r3, [r2, #4]
10004706:	f000 f97f 	bl	10004a08 <tu_edpt_stream_write_xfer>
1000470a:	e7db      	b.n	100046c4 <vendord_open+0xd8>
1000470c:	2000183c 	.word	0x2000183c
10004710:	fffffe00 	.word	0xfffffe00

10004714 <vendord_xfer_cb>:
10004714:	b570      	push	{r4, r5, r6, lr}
10004716:	0005      	movs	r5, r0
10004718:	202a      	movs	r0, #42	@ 0x2a
1000471a:	4c1f      	ldr	r4, [pc, #124]	@ (10004798 <vendord_xfer_cb+0x84>)
1000471c:	30ff      	adds	r0, #255	@ 0xff
1000471e:	5c20      	ldrb	r0, [r4, r0]
10004720:	001e      	movs	r6, r3
10004722:	7963      	ldrb	r3, [r4, #5]
10004724:	4288      	cmp	r0, r1
10004726:	d003      	beq.n	10004730 <vendord_xfer_cb+0x1c>
10004728:	2000      	movs	r0, #0
1000472a:	428b      	cmp	r3, r1
1000472c:	d01d      	beq.n	1000476a <vendord_xfer_cb+0x56>
1000472e:	bd70      	pop	{r4, r5, r6, pc}
10004730:	239a      	movs	r3, #154	@ 0x9a
10004732:	005b      	lsls	r3, r3, #1
10004734:	5ae3      	ldrh	r3, [r4, r3]
10004736:	2b00      	cmp	r3, #0
10004738:	d10d      	bne.n	10004756 <vendord_xfer_cb+0x42>
1000473a:	4b18      	ldr	r3, [pc, #96]	@ (1000479c <vendord_xfer_cb+0x88>)
1000473c:	2b00      	cmp	r3, #0
1000473e:	d004      	beq.n	1000474a <vendord_xfer_cb+0x36>
10004740:	2000      	movs	r0, #0
10004742:	4917      	ldr	r1, [pc, #92]	@ (100047a0 <vendord_xfer_cb+0x8c>)
10004744:	b2b2      	uxth	r2, r6
10004746:	e000      	b.n	1000474a <vendord_xfer_cb+0x36>
10004748:	bf00      	nop
1000474a:	0028      	movs	r0, r5
1000474c:	4915      	ldr	r1, [pc, #84]	@ (100047a4 <vendord_xfer_cb+0x90>)
1000474e:	f000 f98d 	bl	10004a6c <tu_edpt_stream_read_xfer>
10004752:	2001      	movs	r0, #1
10004754:	e7eb      	b.n	1000472e <vendord_xfer_cb+0x1a>
10004756:	0020      	movs	r0, r4
10004758:	2396      	movs	r3, #150	@ 0x96
1000475a:	3031      	adds	r0, #49	@ 0x31
1000475c:	005b      	lsls	r3, r3, #1
1000475e:	58e1      	ldr	r1, [r4, r3]
10004760:	b2b2      	uxth	r2, r6
10004762:	30ff      	adds	r0, #255	@ 0xff
10004764:	f000 fb70 	bl	10004e48 <tu_fifo_write_n>
10004768:	e7e7      	b.n	1000473a <vendord_xfer_cb+0x26>
1000476a:	4b0f      	ldr	r3, [pc, #60]	@ (100047a8 <vendord_xfer_cb+0x94>)
1000476c:	2b00      	cmp	r3, #0
1000476e:	d004      	beq.n	1000477a <vendord_xfer_cb+0x66>
10004770:	0431      	lsls	r1, r6, #16
10004772:	2000      	movs	r0, #0
10004774:	0c09      	lsrs	r1, r1, #16
10004776:	e000      	b.n	1000477a <vendord_xfer_cb+0x66>
10004778:	bf00      	nop
1000477a:	4c0c      	ldr	r4, [pc, #48]	@ (100047ac <vendord_xfer_cb+0x98>)
1000477c:	0028      	movs	r0, r5
1000477e:	0021      	movs	r1, r4
10004780:	f000 f942 	bl	10004a08 <tu_edpt_stream_write_xfer>
10004784:	2800      	cmp	r0, #0
10004786:	d1e4      	bne.n	10004752 <vendord_xfer_cb+0x3e>
10004788:	0032      	movs	r2, r6
1000478a:	0021      	movs	r1, r4
1000478c:	0028      	movs	r0, r5
1000478e:	f000 f907 	bl	100049a0 <tu_edpt_stream_write_zlp_if_needed>
10004792:	2001      	movs	r0, #1
10004794:	e7cb      	b.n	1000472e <vendord_xfer_cb+0x1a>
10004796:	46c0      	nop			@ (mov r8, r8)
10004798:	2000183c 	.word	0x2000183c
1000479c:	00000000 	.word	0x00000000
100047a0:	200017bc 	.word	0x200017bc
100047a4:	20001964 	.word	0x20001964
100047a8:	00000000 	.word	0x00000000
100047ac:	20001840 	.word	0x20001840

100047b0 <tusb_rhport_init>:
100047b0:	b500      	push	{lr}
100047b2:	0003      	movs	r3, r0
100047b4:	b083      	sub	sp, #12
100047b6:	2900      	cmp	r1, #0
100047b8:	d010      	beq.n	100047dc <tusb_rhport_init+0x2c>
100047ba:	2000      	movs	r0, #0
100047bc:	2b01      	cmp	r3, #1
100047be:	d807      	bhi.n	100047d0 <tusb_rhport_init+0x20>
100047c0:	780a      	ldrb	r2, [r1, #0]
100047c2:	2a00      	cmp	r2, #0
100047c4:	d004      	beq.n	100047d0 <tusb_rhport_init+0x20>
100047c6:	480b      	ldr	r0, [pc, #44]	@ (100047f4 <tusb_rhport_init+0x44>)
100047c8:	54c2      	strb	r2, [r0, r3]
100047ca:	2001      	movs	r0, #1
100047cc:	2a01      	cmp	r2, #1
100047ce:	d001      	beq.n	100047d4 <tusb_rhport_init+0x24>
100047d0:	b003      	add	sp, #12
100047d2:	bd00      	pop	{pc}
100047d4:	0018      	movs	r0, r3
100047d6:	f7fe fdc1 	bl	1000335c <tud_rhport_init>
100047da:	e7f9      	b.n	100047d0 <tusb_rhport_init+0x20>
100047dc:	2301      	movs	r3, #1
100047de:	a901      	add	r1, sp, #4
100047e0:	2000      	movs	r0, #0
100047e2:	800b      	strh	r3, [r1, #0]
100047e4:	f7fe fdba 	bl	1000335c <tud_rhport_init>
100047e8:	2800      	cmp	r0, #0
100047ea:	d0f1      	beq.n	100047d0 <tusb_rhport_init+0x20>
100047ec:	2201      	movs	r2, #1
100047ee:	4b01      	ldr	r3, [pc, #4]	@ (100047f4 <tusb_rhport_init+0x44>)
100047f0:	701a      	strb	r2, [r3, #0]
100047f2:	e7ed      	b.n	100047d0 <tusb_rhport_init+0x20>
100047f4:	20001694 	.word	0x20001694

100047f8 <tu_edpt_claim>:
100047f8:	7803      	ldrb	r3, [r0, #0]
100047fa:	b570      	push	{r4, r5, r6, lr}
100047fc:	07db      	lsls	r3, r3, #31
100047fe:	0004      	movs	r4, r0
10004800:	000e      	movs	r6, r1
10004802:	0fdd      	lsrs	r5, r3, #31
10004804:	2b00      	cmp	r3, #0
10004806:	d117      	bne.n	10004838 <tu_edpt_claim+0x40>
10004808:	7803      	ldrb	r3, [r0, #0]
1000480a:	075b      	lsls	r3, r3, #29
1000480c:	d501      	bpl.n	10004812 <tu_edpt_claim+0x1a>
1000480e:	0028      	movs	r0, r5
10004810:	bd70      	pop	{r4, r5, r6, pc}
10004812:	2101      	movs	r1, #1
10004814:	0030      	movs	r0, r6
10004816:	4249      	negs	r1, r1
10004818:	f002 ffa6 	bl	10007768 <__mutex_enter_timeout_ms_veneer>
1000481c:	7823      	ldrb	r3, [r4, #0]
1000481e:	07db      	lsls	r3, r3, #31
10004820:	0fdd      	lsrs	r5, r3, #31
10004822:	2b00      	cmp	r3, #0
10004824:	d10a      	bne.n	1000483c <tu_edpt_claim+0x44>
10004826:	7823      	ldrb	r3, [r4, #0]
10004828:	075b      	lsls	r3, r3, #29
1000482a:	d408      	bmi.n	1000483e <tu_edpt_claim+0x46>
1000482c:	2204      	movs	r2, #4
1000482e:	7823      	ldrb	r3, [r4, #0]
10004830:	2501      	movs	r5, #1
10004832:	4313      	orrs	r3, r2
10004834:	7023      	strb	r3, [r4, #0]
10004836:	e002      	b.n	1000483e <tu_edpt_claim+0x46>
10004838:	2500      	movs	r5, #0
1000483a:	e7e8      	b.n	1000480e <tu_edpt_claim+0x16>
1000483c:	2500      	movs	r5, #0
1000483e:	0030      	movs	r0, r6
10004840:	f002 ff72 	bl	10007728 <__mutex_exit_veneer>
10004844:	e7e3      	b.n	1000480e <tu_edpt_claim+0x16>
10004846:	46c0      	nop			@ (mov r8, r8)

10004848 <tu_edpt_release>:
10004848:	b570      	push	{r4, r5, r6, lr}
1000484a:	000c      	movs	r4, r1
1000484c:	2101      	movs	r1, #1
1000484e:	0006      	movs	r6, r0
10004850:	4249      	negs	r1, r1
10004852:	0020      	movs	r0, r4
10004854:	f002 ff88 	bl	10007768 <__mutex_enter_timeout_ms_veneer>
10004858:	7833      	ldrb	r3, [r6, #0]
1000485a:	075b      	lsls	r3, r3, #29
1000485c:	0fdd      	lsrs	r5, r3, #31
1000485e:	2b00      	cmp	r3, #0
10004860:	db04      	blt.n	1000486c <tu_edpt_release+0x24>
10004862:	0020      	movs	r0, r4
10004864:	f002 ff60 	bl	10007728 <__mutex_exit_veneer>
10004868:	0028      	movs	r0, r5
1000486a:	bd70      	pop	{r4, r5, r6, pc}
1000486c:	7833      	ldrb	r3, [r6, #0]
1000486e:	07db      	lsls	r3, r3, #31
10004870:	d404      	bmi.n	1000487c <tu_edpt_release+0x34>
10004872:	2204      	movs	r2, #4
10004874:	7833      	ldrb	r3, [r6, #0]
10004876:	4393      	bics	r3, r2
10004878:	7033      	strb	r3, [r6, #0]
1000487a:	e7f2      	b.n	10004862 <tu_edpt_release+0x1a>
1000487c:	2500      	movs	r5, #0
1000487e:	e7f0      	b.n	10004862 <tu_edpt_release+0x1a>

10004880 <tu_edpt_validate>:
10004880:	7943      	ldrb	r3, [r0, #5]
10004882:	7902      	ldrb	r2, [r0, #4]
10004884:	021b      	lsls	r3, r3, #8
10004886:	4313      	orrs	r3, r2
10004888:	78c2      	ldrb	r2, [r0, #3]
1000488a:	055b      	lsls	r3, r3, #21
1000488c:	0792      	lsls	r2, r2, #30
1000488e:	0d5b      	lsrs	r3, r3, #21
10004890:	0f92      	lsrs	r2, r2, #30
10004892:	2a02      	cmp	r2, #2
10004894:	d01d      	beq.n	100048d2 <tu_edpt_validate+0x52>
10004896:	2a03      	cmp	r2, #3
10004898:	d00c      	beq.n	100048b4 <tu_edpt_validate+0x34>
1000489a:	2000      	movs	r0, #0
1000489c:	2a01      	cmp	r2, #1
1000489e:	d108      	bne.n	100048b2 <tu_edpt_validate+0x32>
100048a0:	3902      	subs	r1, #2
100048a2:	424a      	negs	r2, r1
100048a4:	4151      	adcs	r1, r2
100048a6:	4a12      	ldr	r2, [pc, #72]	@ (100048f0 <tu_edpt_validate+0x70>)
100048a8:	4694      	mov	ip, r2
100048aa:	4461      	add	r1, ip
100048ac:	4299      	cmp	r1, r3
100048ae:	4140      	adcs	r0, r0
100048b0:	b2c0      	uxtb	r0, r0
100048b2:	4770      	bx	lr
100048b4:	3902      	subs	r1, #2
100048b6:	1e4a      	subs	r2, r1, #1
100048b8:	4191      	sbcs	r1, r2
100048ba:	4a0e      	ldr	r2, [pc, #56]	@ (100048f4 <tu_edpt_validate+0x74>)
100048bc:	4249      	negs	r1, r1
100048be:	4011      	ands	r1, r2
100048c0:	2280      	movs	r2, #128	@ 0x80
100048c2:	00d2      	lsls	r2, r2, #3
100048c4:	4694      	mov	ip, r2
100048c6:	2000      	movs	r0, #0
100048c8:	4461      	add	r1, ip
100048ca:	4299      	cmp	r1, r3
100048cc:	4140      	adcs	r0, r0
100048ce:	b2c0      	uxtb	r0, r0
100048d0:	e7ef      	b.n	100048b2 <tu_edpt_validate+0x32>
100048d2:	2902      	cmp	r1, #2
100048d4:	d005      	beq.n	100048e2 <tu_edpt_validate+0x62>
100048d6:	2000      	movs	r0, #0
100048d8:	2240      	movs	r2, #64	@ 0x40
100048da:	429a      	cmp	r2, r3
100048dc:	4140      	adcs	r0, r0
100048de:	b2c0      	uxtb	r0, r0
100048e0:	e7e7      	b.n	100048b2 <tu_edpt_validate+0x32>
100048e2:	4a05      	ldr	r2, [pc, #20]	@ (100048f8 <tu_edpt_validate+0x78>)
100048e4:	1898      	adds	r0, r3, r2
100048e6:	4243      	negs	r3, r0
100048e8:	4158      	adcs	r0, r3
100048ea:	b2c0      	uxtb	r0, r0
100048ec:	e7e1      	b.n	100048b2 <tu_edpt_validate+0x32>
100048ee:	46c0      	nop			@ (mov r8, r8)
100048f0:	000003ff 	.word	0x000003ff
100048f4:	fffffc40 	.word	0xfffffc40
100048f8:	fffffe00 	.word	0xfffffe00

100048fc <tu_edpt_bind_driver>:
100048fc:	188a      	adds	r2, r1, r2
100048fe:	b570      	push	{r4, r5, r6, lr}
10004900:	4291      	cmp	r1, r2
10004902:	d207      	bcs.n	10004914 <tu_edpt_bind_driver+0x18>
10004904:	267f      	movs	r6, #127	@ 0x7f
10004906:	784c      	ldrb	r4, [r1, #1]
10004908:	2c05      	cmp	r4, #5
1000490a:	d004      	beq.n	10004916 <tu_edpt_bind_driver+0x1a>
1000490c:	780c      	ldrb	r4, [r1, #0]
1000490e:	1909      	adds	r1, r1, r4
10004910:	428a      	cmp	r2, r1
10004912:	d8f8      	bhi.n	10004906 <tu_edpt_bind_driver+0xa>
10004914:	bd70      	pop	{r4, r5, r6, pc}
10004916:	0034      	movs	r4, r6
10004918:	788d      	ldrb	r5, [r1, #2]
1000491a:	402c      	ands	r4, r5
1000491c:	0064      	lsls	r4, r4, #1
1000491e:	1904      	adds	r4, r0, r4
10004920:	09ed      	lsrs	r5, r5, #7
10004922:	5563      	strb	r3, [r4, r5]
10004924:	780c      	ldrb	r4, [r1, #0]
10004926:	1909      	adds	r1, r1, r4
10004928:	428a      	cmp	r2, r1
1000492a:	d8ec      	bhi.n	10004906 <tu_edpt_bind_driver+0xa>
1000492c:	e7f2      	b.n	10004914 <tu_edpt_bind_driver+0x18>
1000492e:	46c0      	nop			@ (mov r8, r8)

10004930 <tu_edpt_stream_init>:
10004930:	b5f0      	push	{r4, r5, r6, r7, lr}
10004932:	46c6      	mov	lr, r8
10004934:	b500      	push	{lr}
10004936:	b082      	sub	sp, #8
10004938:	0015      	movs	r5, r2
1000493a:	aa08      	add	r2, sp, #32
1000493c:	ca40      	ldmia	r2!, {r6}
1000493e:	0004      	movs	r4, r0
10004940:	8817      	ldrh	r7, [r2, #0]
10004942:	aa0b      	add	r2, sp, #44	@ 0x2c
10004944:	8812      	ldrh	r2, [r2, #0]
10004946:	2001      	movs	r0, #1
10004948:	4690      	mov	r8, r2
1000494a:	000a      	movs	r2, r1
1000494c:	7821      	ldrb	r1, [r4, #0]
1000494e:	4002      	ands	r2, r0
10004950:	4381      	bics	r1, r0
10004952:	0020      	movs	r0, r4
10004954:	4311      	orrs	r1, r2
10004956:	7021      	strb	r1, [r4, #0]
10004958:	003a      	movs	r2, r7
1000495a:	9300      	str	r3, [sp, #0]
1000495c:	0031      	movs	r1, r6
1000495e:	2301      	movs	r3, #1
10004960:	3008      	adds	r0, #8
10004962:	f000 f8f1 	bl	10004b48 <tu_fifo_config>
10004966:	2e00      	cmp	r6, #0
10004968:	d001      	beq.n	1000496e <tu_edpt_stream_init+0x3e>
1000496a:	2f00      	cmp	r7, #0
1000496c:	d108      	bne.n	10004980 <tu_edpt_stream_init+0x50>
1000496e:	9b0a      	ldr	r3, [sp, #40]	@ 0x28
10004970:	2001      	movs	r0, #1
10004972:	6063      	str	r3, [r4, #4]
10004974:	4643      	mov	r3, r8
10004976:	8063      	strh	r3, [r4, #2]
10004978:	b002      	add	sp, #8
1000497a:	bc80      	pop	{r7}
1000497c:	46b8      	mov	r8, r7
1000497e:	bdf0      	pop	{r4, r5, r6, r7, pc}
10004980:	0026      	movs	r6, r4
10004982:	361c      	adds	r6, #28
10004984:	0030      	movs	r0, r6
10004986:	f7fc fab9 	bl	10000efc <mutex_init>
1000498a:	2300      	movs	r3, #0
1000498c:	2d00      	cmp	r5, #0
1000498e:	d001      	beq.n	10004994 <tu_edpt_stream_init+0x64>
10004990:	0033      	movs	r3, r6
10004992:	2600      	movs	r6, #0
10004994:	6163      	str	r3, [r4, #20]
10004996:	61a6      	str	r6, [r4, #24]
10004998:	e7e9      	b.n	1000496e <tu_edpt_stream_init+0x3e>
1000499a:	46c0      	nop			@ (mov r8, r8)

1000499c <tu_edpt_stream_deinit>:
1000499c:	2001      	movs	r0, #1
1000499e:	4770      	bx	lr

100049a0 <tu_edpt_stream_write_zlp_if_needed>:
100049a0:	b5f8      	push	{r3, r4, r5, r6, r7, lr}
100049a2:	2402      	movs	r4, #2
100049a4:	780b      	ldrb	r3, [r1, #0]
100049a6:	0007      	movs	r7, r0
100049a8:	401c      	ands	r4, r3
100049aa:	4263      	negs	r3, r4
100049ac:	415c      	adcs	r4, r3
100049ae:	4b14      	ldr	r3, [pc, #80]	@ (10004a00 <tu_edpt_stream_write_zlp_if_needed+0x60>)
100049b0:	4264      	negs	r4, r4
100049b2:	401c      	ands	r4, r3
100049b4:	4b13      	ldr	r3, [pc, #76]	@ (10004a04 <tu_edpt_stream_write_zlp_if_needed+0x64>)
100049b6:	0008      	movs	r0, r1
100049b8:	469c      	mov	ip, r3
100049ba:	3008      	adds	r0, #8
100049bc:	000d      	movs	r5, r1
100049be:	0016      	movs	r6, r2
100049c0:	4464      	add	r4, ip
100049c2:	f000 f8f7 	bl	10004bb4 <tu_fifo_count>
100049c6:	2800      	cmp	r0, #0
100049c8:	d107      	bne.n	100049da <tu_edpt_stream_write_zlp_if_needed+0x3a>
100049ca:	2e00      	cmp	r6, #0
100049cc:	d005      	beq.n	100049da <tu_edpt_stream_write_zlp_if_needed+0x3a>
100049ce:	4234      	tst	r4, r6
100049d0:	d103      	bne.n	100049da <tu_edpt_stream_write_zlp_if_needed+0x3a>
100049d2:	2401      	movs	r4, #1
100049d4:	782b      	ldrb	r3, [r5, #0]
100049d6:	421c      	tst	r4, r3
100049d8:	d001      	beq.n	100049de <tu_edpt_stream_write_zlp_if_needed+0x3e>
100049da:	2000      	movs	r0, #0
100049dc:	bdf8      	pop	{r3, r4, r5, r6, r7, pc}
100049de:	0038      	movs	r0, r7
100049e0:	7869      	ldrb	r1, [r5, #1]
100049e2:	f7ff f9a1 	bl	10003d28 <usbd_edpt_claim>
100049e6:	2800      	cmp	r0, #0
100049e8:	d0f7      	beq.n	100049da <tu_edpt_stream_write_zlp_if_needed+0x3a>
100049ea:	782b      	ldrb	r3, [r5, #0]
100049ec:	421c      	tst	r4, r3
100049ee:	d1f4      	bne.n	100049da <tu_edpt_stream_write_zlp_if_needed+0x3a>
100049f0:	2300      	movs	r3, #0
100049f2:	2200      	movs	r2, #0
100049f4:	0038      	movs	r0, r7
100049f6:	7869      	ldrb	r1, [r5, #1]
100049f8:	f7ff f9be 	bl	10003d78 <usbd_edpt_xfer>
100049fc:	e7ee      	b.n	100049dc <tu_edpt_stream_write_zlp_if_needed+0x3c>
100049fe:	46c0      	nop			@ (mov r8, r8)
10004a00:	fffffe40 	.word	0xfffffe40
10004a04:	000001ff 	.word	0x000001ff

10004a08 <tu_edpt_stream_write_xfer>:
10004a08:	b5f8      	push	{r3, r4, r5, r6, r7, lr}
10004a0a:	000d      	movs	r5, r1
10004a0c:	3508      	adds	r5, #8
10004a0e:	0006      	movs	r6, r0
10004a10:	0028      	movs	r0, r5
10004a12:	000c      	movs	r4, r1
10004a14:	f000 f8ce 	bl	10004bb4 <tu_fifo_count>
10004a18:	2800      	cmp	r0, #0
10004a1a:	d003      	beq.n	10004a24 <tu_edpt_stream_write_xfer+0x1c>
10004a1c:	2701      	movs	r7, #1
10004a1e:	7823      	ldrb	r3, [r4, #0]
10004a20:	421f      	tst	r7, r3
10004a22:	d001      	beq.n	10004a28 <tu_edpt_stream_write_xfer+0x20>
10004a24:	2000      	movs	r0, #0
10004a26:	bdf8      	pop	{r3, r4, r5, r6, r7, pc}
10004a28:	0030      	movs	r0, r6
10004a2a:	7861      	ldrb	r1, [r4, #1]
10004a2c:	f7ff f97c 	bl	10003d28 <usbd_edpt_claim>
10004a30:	2800      	cmp	r0, #0
10004a32:	d0f7      	beq.n	10004a24 <tu_edpt_stream_write_xfer+0x1c>
10004a34:	0028      	movs	r0, r5
10004a36:	8862      	ldrh	r2, [r4, #2]
10004a38:	6861      	ldr	r1, [r4, #4]
10004a3a:	f000 f93d 	bl	10004cb8 <tu_fifo_read_n>
10004a3e:	7823      	ldrb	r3, [r4, #0]
10004a40:	1e05      	subs	r5, r0, #0
10004a42:	d00b      	beq.n	10004a5c <tu_edpt_stream_write_xfer+0x54>
10004a44:	421f      	tst	r7, r3
10004a46:	d1ed      	bne.n	10004a24 <tu_edpt_stream_write_xfer+0x1c>
10004a48:	0003      	movs	r3, r0
10004a4a:	6862      	ldr	r2, [r4, #4]
10004a4c:	0030      	movs	r0, r6
10004a4e:	7861      	ldrb	r1, [r4, #1]
10004a50:	f7ff f992 	bl	10003d78 <usbd_edpt_xfer>
10004a54:	2800      	cmp	r0, #0
10004a56:	d0e5      	beq.n	10004a24 <tu_edpt_stream_write_xfer+0x1c>
10004a58:	0028      	movs	r0, r5
10004a5a:	e7e4      	b.n	10004a26 <tu_edpt_stream_write_xfer+0x1e>
10004a5c:	421f      	tst	r7, r3
10004a5e:	d1e1      	bne.n	10004a24 <tu_edpt_stream_write_xfer+0x1c>
10004a60:	0030      	movs	r0, r6
10004a62:	7861      	ldrb	r1, [r4, #1]
10004a64:	f7ff f974 	bl	10003d50 <usbd_edpt_release>
10004a68:	e7dc      	b.n	10004a24 <tu_edpt_stream_write_xfer+0x1c>
10004a6a:	46c0      	nop			@ (mov r8, r8)

10004a6c <tu_edpt_stream_read_xfer>:
10004a6c:	b5f8      	push	{r3, r4, r5, r6, r7, lr}
10004a6e:	46ce      	mov	lr, r9
10004a70:	4647      	mov	r7, r8
10004a72:	b580      	push	{r7, lr}
10004a74:	898a      	ldrh	r2, [r1, #12]
10004a76:	0005      	movs	r5, r0
10004a78:	000c      	movs	r4, r1
10004a7a:	780b      	ldrb	r3, [r1, #0]
10004a7c:	2a00      	cmp	r2, #0
10004a7e:	d107      	bne.n	10004a90 <tu_edpt_stream_read_xfer+0x24>
10004a80:	2601      	movs	r6, #1
10004a82:	421e      	tst	r6, r3
10004a84:	d03f      	beq.n	10004b06 <tu_edpt_stream_read_xfer+0x9a>
10004a86:	2000      	movs	r0, #0
10004a88:	bcc0      	pop	{r6, r7}
10004a8a:	46b9      	mov	r9, r7
10004a8c:	46b0      	mov	r8, r6
10004a8e:	bdf8      	pop	{r3, r4, r5, r6, r7, pc}
10004a90:	079b      	lsls	r3, r3, #30
10004a92:	d534      	bpl.n	10004afe <tu_edpt_stream_read_xfer+0x92>
10004a94:	23fe      	movs	r3, #254	@ 0xfe
10004a96:	2680      	movs	r6, #128	@ 0x80
10004a98:	021b      	lsls	r3, r3, #8
10004a9a:	4699      	mov	r9, r3
10004a9c:	00b6      	lsls	r6, r6, #2
10004a9e:	0027      	movs	r7, r4
10004aa0:	3708      	adds	r7, #8
10004aa2:	0038      	movs	r0, r7
10004aa4:	f000 f8a4 	bl	10004bf0 <tu_fifo_remaining>
10004aa8:	4286      	cmp	r6, r0
10004aaa:	d8ec      	bhi.n	10004a86 <tu_edpt_stream_read_xfer+0x1a>
10004aac:	2201      	movs	r2, #1
10004aae:	7823      	ldrb	r3, [r4, #0]
10004ab0:	4690      	mov	r8, r2
10004ab2:	421a      	tst	r2, r3
10004ab4:	d1e7      	bne.n	10004a86 <tu_edpt_stream_read_xfer+0x1a>
10004ab6:	0028      	movs	r0, r5
10004ab8:	7861      	ldrb	r1, [r4, #1]
10004aba:	f7ff f935 	bl	10003d28 <usbd_edpt_claim>
10004abe:	2800      	cmp	r0, #0
10004ac0:	d0e1      	beq.n	10004a86 <tu_edpt_stream_read_xfer+0x1a>
10004ac2:	0038      	movs	r0, r7
10004ac4:	f000 f894 	bl	10004bf0 <tu_fifo_remaining>
10004ac8:	4286      	cmp	r6, r0
10004aca:	d831      	bhi.n	10004b30 <tu_edpt_stream_read_xfer+0xc4>
10004acc:	4641      	mov	r1, r8
10004ace:	7823      	ldrb	r3, [r4, #0]
10004ad0:	8862      	ldrh	r2, [r4, #2]
10004ad2:	4219      	tst	r1, r3
10004ad4:	d1d7      	bne.n	10004a86 <tu_edpt_stream_read_xfer+0x1a>
10004ad6:	464b      	mov	r3, r9
10004ad8:	4018      	ands	r0, r3
10004ada:	1c06      	adds	r6, r0, #0
10004adc:	4290      	cmp	r0, r2
10004ade:	d900      	bls.n	10004ae2 <tu_edpt_stream_read_xfer+0x76>
10004ae0:	1c16      	adds	r6, r2, #0
10004ae2:	b2b6      	uxth	r6, r6
10004ae4:	2200      	movs	r2, #0
10004ae6:	7861      	ldrb	r1, [r4, #1]
10004ae8:	2e00      	cmp	r6, #0
10004aea:	d000      	beq.n	10004aee <tu_edpt_stream_read_xfer+0x82>
10004aec:	6862      	ldr	r2, [r4, #4]
10004aee:	0033      	movs	r3, r6
10004af0:	0028      	movs	r0, r5
10004af2:	f7ff f941 	bl	10003d78 <usbd_edpt_xfer>
10004af6:	2800      	cmp	r0, #0
10004af8:	d0c5      	beq.n	10004a86 <tu_edpt_stream_read_xfer+0x1a>
10004afa:	0030      	movs	r0, r6
10004afc:	e7c4      	b.n	10004a88 <tu_edpt_stream_read_xfer+0x1c>
10004afe:	4b11      	ldr	r3, [pc, #68]	@ (10004b44 <tu_edpt_stream_read_xfer+0xd8>)
10004b00:	2640      	movs	r6, #64	@ 0x40
10004b02:	4699      	mov	r9, r3
10004b04:	e7cb      	b.n	10004a9e <tu_edpt_stream_read_xfer+0x32>
10004b06:	7849      	ldrb	r1, [r1, #1]
10004b08:	f7ff f90e 	bl	10003d28 <usbd_edpt_claim>
10004b0c:	2800      	cmp	r0, #0
10004b0e:	d0ba      	beq.n	10004a86 <tu_edpt_stream_read_xfer+0x1a>
10004b10:	7822      	ldrb	r2, [r4, #0]
10004b12:	8863      	ldrh	r3, [r4, #2]
10004b14:	4216      	tst	r6, r2
10004b16:	d1b6      	bne.n	10004a86 <tu_edpt_stream_read_xfer+0x1a>
10004b18:	2200      	movs	r2, #0
10004b1a:	7861      	ldrb	r1, [r4, #1]
10004b1c:	2b00      	cmp	r3, #0
10004b1e:	d000      	beq.n	10004b22 <tu_edpt_stream_read_xfer+0xb6>
10004b20:	6862      	ldr	r2, [r4, #4]
10004b22:	0028      	movs	r0, r5
10004b24:	f7ff f928 	bl	10003d78 <usbd_edpt_xfer>
10004b28:	2800      	cmp	r0, #0
10004b2a:	d0ac      	beq.n	10004a86 <tu_edpt_stream_read_xfer+0x1a>
10004b2c:	8860      	ldrh	r0, [r4, #2]
10004b2e:	e7ab      	b.n	10004a88 <tu_edpt_stream_read_xfer+0x1c>
10004b30:	4642      	mov	r2, r8
10004b32:	7823      	ldrb	r3, [r4, #0]
10004b34:	421a      	tst	r2, r3
10004b36:	d1a6      	bne.n	10004a86 <tu_edpt_stream_read_xfer+0x1a>
10004b38:	0028      	movs	r0, r5
10004b3a:	7861      	ldrb	r1, [r4, #1]
10004b3c:	f7ff f908 	bl	10003d50 <usbd_edpt_release>
10004b40:	e7a1      	b.n	10004a86 <tu_edpt_stream_read_xfer+0x1a>
10004b42:	46c0      	nop			@ (mov r8, r8)
10004b44:	0000ffc0 	.word	0x0000ffc0

10004b48 <tu_fifo_config>:
10004b48:	b5f0      	push	{r4, r5, r6, r7, lr}
10004b4a:	46c6      	mov	lr, r8
10004b4c:	b500      	push	{lr}
10004b4e:	0004      	movs	r4, r0
10004b50:	a806      	add	r0, sp, #24
10004b52:	7805      	ldrb	r5, [r0, #0]
10004b54:	2080      	movs	r0, #128	@ 0x80
10004b56:	4688      	mov	r8, r1
10004b58:	0017      	movs	r7, r2
10004b5a:	001e      	movs	r6, r3
10004b5c:	0200      	lsls	r0, r0, #8
10004b5e:	4282      	cmp	r2, r0
10004b60:	d826      	bhi.n	10004bb0 <tu_fifo_config+0x68>
10004b62:	68e0      	ldr	r0, [r4, #12]
10004b64:	2800      	cmp	r0, #0
10004b66:	d003      	beq.n	10004b70 <tu_fifo_config+0x28>
10004b68:	2101      	movs	r1, #1
10004b6a:	4249      	negs	r1, r1
10004b6c:	f002 fdfc 	bl	10007768 <__mutex_enter_timeout_ms_veneer>
10004b70:	6920      	ldr	r0, [r4, #16]
10004b72:	2800      	cmp	r0, #0
10004b74:	d003      	beq.n	10004b7e <tu_fifo_config+0x36>
10004b76:	2101      	movs	r1, #1
10004b78:	4249      	negs	r1, r1
10004b7a:	f002 fdf5 	bl	10007768 <__mutex_enter_timeout_ms_veneer>
10004b7e:	4643      	mov	r3, r8
10004b80:	6023      	str	r3, [r4, #0]
10004b82:	0473      	lsls	r3, r6, #17
10004b84:	0c5b      	lsrs	r3, r3, #17
10004b86:	03ed      	lsls	r5, r5, #15
10004b88:	431d      	orrs	r5, r3
10004b8a:	2300      	movs	r3, #0
10004b8c:	68e0      	ldr	r0, [r4, #12]
10004b8e:	8163      	strh	r3, [r4, #10]
10004b90:	80a7      	strh	r7, [r4, #4]
10004b92:	80e5      	strh	r5, [r4, #6]
10004b94:	8123      	strh	r3, [r4, #8]
10004b96:	2800      	cmp	r0, #0
10004b98:	d001      	beq.n	10004b9e <tu_fifo_config+0x56>
10004b9a:	f002 fdc5 	bl	10007728 <__mutex_exit_veneer>
10004b9e:	6920      	ldr	r0, [r4, #16]
10004ba0:	2800      	cmp	r0, #0
10004ba2:	d001      	beq.n	10004ba8 <tu_fifo_config+0x60>
10004ba4:	f002 fdc0 	bl	10007728 <__mutex_exit_veneer>
10004ba8:	2001      	movs	r0, #1
10004baa:	bc80      	pop	{r7}
10004bac:	46b8      	mov	r8, r7
10004bae:	bdf0      	pop	{r4, r5, r6, r7, pc}
10004bb0:	2000      	movs	r0, #0
10004bb2:	e7fa      	b.n	10004baa <tu_fifo_config+0x62>

10004bb4 <tu_fifo_count>:
10004bb4:	b510      	push	{r4, lr}
10004bb6:	8904      	ldrh	r4, [r0, #8]
10004bb8:	8941      	ldrh	r1, [r0, #10]
10004bba:	8882      	ldrh	r2, [r0, #4]
10004bbc:	b2a3      	uxth	r3, r4
10004bbe:	b288      	uxth	r0, r1
10004bc0:	428c      	cmp	r4, r1
10004bc2:	d307      	bcc.n	10004bd4 <tu_fifo_count+0x20>
10004bc4:	1a1b      	subs	r3, r3, r0
10004bc6:	b29b      	uxth	r3, r3
10004bc8:	1c10      	adds	r0, r2, #0
10004bca:	429a      	cmp	r2, r3
10004bcc:	d900      	bls.n	10004bd0 <tu_fifo_count+0x1c>
10004bce:	1c18      	adds	r0, r3, #0
10004bd0:	b280      	uxth	r0, r0
10004bd2:	bd10      	pop	{r4, pc}
10004bd4:	0051      	lsls	r1, r2, #1
10004bd6:	1a09      	subs	r1, r1, r0
10004bd8:	185b      	adds	r3, r3, r1
10004bda:	b29b      	uxth	r3, r3
10004bdc:	e7f4      	b.n	10004bc8 <tu_fifo_count+0x14>
10004bde:	46c0      	nop			@ (mov r8, r8)

10004be0 <tu_fifo_empty>:
10004be0:	8903      	ldrh	r3, [r0, #8]
10004be2:	8940      	ldrh	r0, [r0, #10]
10004be4:	1a18      	subs	r0, r3, r0
10004be6:	4243      	negs	r3, r0
10004be8:	4158      	adcs	r0, r3
10004bea:	b2c0      	uxtb	r0, r0
10004bec:	4770      	bx	lr
10004bee:	46c0      	nop			@ (mov r8, r8)

10004bf0 <tu_fifo_remaining>:
10004bf0:	b510      	push	{r4, lr}
10004bf2:	8904      	ldrh	r4, [r0, #8]
10004bf4:	8941      	ldrh	r1, [r0, #10]
10004bf6:	8882      	ldrh	r2, [r0, #4]
10004bf8:	b2a3      	uxth	r3, r4
10004bfa:	b288      	uxth	r0, r1
10004bfc:	428c      	cmp	r4, r1
10004bfe:	d307      	bcc.n	10004c10 <tu_fifo_remaining+0x20>
10004c00:	1a1b      	subs	r3, r3, r0
10004c02:	b29b      	uxth	r3, r3
10004c04:	2000      	movs	r0, #0
10004c06:	429a      	cmp	r2, r3
10004c08:	d901      	bls.n	10004c0e <tu_fifo_remaining+0x1e>
10004c0a:	1ad2      	subs	r2, r2, r3
10004c0c:	b290      	uxth	r0, r2
10004c0e:	bd10      	pop	{r4, pc}
10004c10:	0051      	lsls	r1, r2, #1
10004c12:	1a09      	subs	r1, r1, r0
10004c14:	185b      	adds	r3, r3, r1
10004c16:	b29b      	uxth	r3, r3
10004c18:	e7f4      	b.n	10004c04 <tu_fifo_remaining+0x14>
10004c1a:	46c0      	nop			@ (mov r8, r8)

10004c1c <tu_fifo_read>:
10004c1c:	b570      	push	{r4, r5, r6, lr}
10004c1e:	0004      	movs	r4, r0
10004c20:	6900      	ldr	r0, [r0, #16]
10004c22:	000e      	movs	r6, r1
10004c24:	2800      	cmp	r0, #0
10004c26:	d003      	beq.n	10004c30 <tu_fifo_read+0x14>
10004c28:	2101      	movs	r1, #1
10004c2a:	4249      	negs	r1, r1
10004c2c:	f002 fd9c 	bl	10007768 <__mutex_enter_timeout_ms_veneer>
10004c30:	8925      	ldrh	r5, [r4, #8]
10004c32:	8960      	ldrh	r0, [r4, #10]
10004c34:	88a2      	ldrh	r2, [r4, #4]
10004c36:	b2a9      	uxth	r1, r5
10004c38:	b283      	uxth	r3, r0
10004c3a:	4285      	cmp	r5, r0
10004c3c:	d32c      	bcc.n	10004c98 <tu_fifo_read+0x7c>
10004c3e:	1acd      	subs	r5, r1, r3
10004c40:	b2ad      	uxth	r5, r5
10004c42:	2d00      	cmp	r5, #0
10004c44:	d02e      	beq.n	10004ca4 <tu_fifo_read+0x88>
10004c46:	42aa      	cmp	r2, r5
10004c48:	d208      	bcs.n	10004c5c <tu_fifo_read+0x40>
10004c4a:	4291      	cmp	r1, r2
10004c4c:	d330      	bcc.n	10004cb0 <tu_fifo_read+0x94>
10004c4e:	1a89      	subs	r1, r1, r2
10004c50:	b28b      	uxth	r3, r1
10004c52:	8163      	strh	r3, [r4, #10]
10004c54:	429a      	cmp	r2, r3
10004c56:	d803      	bhi.n	10004c60 <tu_fifo_read+0x44>
10004c58:	1a9b      	subs	r3, r3, r2
10004c5a:	b29b      	uxth	r3, r3
10004c5c:	429a      	cmp	r2, r3
10004c5e:	d9fb      	bls.n	10004c58 <tu_fifo_read+0x3c>
10004c60:	88e2      	ldrh	r2, [r4, #6]
10004c62:	6821      	ldr	r1, [r4, #0]
10004c64:	0452      	lsls	r2, r2, #17
10004c66:	0c52      	lsrs	r2, r2, #17
10004c68:	4353      	muls	r3, r2
10004c6a:	0030      	movs	r0, r6
10004c6c:	18c9      	adds	r1, r1, r3
10004c6e:	f7fd fc5f 	bl	10002530 <__wrap___aeabi_memcpy>
10004c72:	8963      	ldrh	r3, [r4, #10]
10004c74:	2501      	movs	r5, #1
10004c76:	1c59      	adds	r1, r3, #1
10004c78:	b289      	uxth	r1, r1
10004c7a:	88a2      	ldrh	r2, [r4, #4]
10004c7c:	428b      	cmp	r3, r1
10004c7e:	d913      	bls.n	10004ca8 <tu_fifo_read+0x8c>
10004c80:	2100      	movs	r1, #0
10004c82:	0052      	lsls	r2, r2, #1
10004c84:	1a89      	subs	r1, r1, r2
10004c86:	b289      	uxth	r1, r1
10004c88:	6920      	ldr	r0, [r4, #16]
10004c8a:	8161      	strh	r1, [r4, #10]
10004c8c:	2800      	cmp	r0, #0
10004c8e:	d001      	beq.n	10004c94 <tu_fifo_read+0x78>
10004c90:	f002 fd4a 	bl	10007728 <__mutex_exit_veneer>
10004c94:	0028      	movs	r0, r5
10004c96:	bd70      	pop	{r4, r5, r6, pc}
10004c98:	0055      	lsls	r5, r2, #1
10004c9a:	1aed      	subs	r5, r5, r3
10004c9c:	194d      	adds	r5, r1, r5
10004c9e:	b2ad      	uxth	r5, r5
10004ca0:	2d00      	cmp	r5, #0
10004ca2:	d1d0      	bne.n	10004c46 <tu_fifo_read+0x2a>
10004ca4:	8961      	ldrh	r1, [r4, #10]
10004ca6:	b289      	uxth	r1, r1
10004ca8:	0052      	lsls	r2, r2, #1
10004caa:	4291      	cmp	r1, r2
10004cac:	dbec      	blt.n	10004c88 <tu_fifo_read+0x6c>
10004cae:	e7e9      	b.n	10004c84 <tu_fifo_read+0x68>
10004cb0:	1889      	adds	r1, r1, r2
10004cb2:	b28b      	uxth	r3, r1
10004cb4:	8163      	strh	r3, [r4, #10]
10004cb6:	e7cd      	b.n	10004c54 <tu_fifo_read+0x38>

10004cb8 <tu_fifo_read_n>:
10004cb8:	b5f0      	push	{r4, r5, r6, r7, lr}
10004cba:	4646      	mov	r6, r8
10004cbc:	464f      	mov	r7, r9
10004cbe:	46d6      	mov	lr, sl
10004cc0:	b5c0      	push	{r6, r7, lr}
10004cc2:	0006      	movs	r6, r0
10004cc4:	6900      	ldr	r0, [r0, #16]
10004cc6:	4689      	mov	r9, r1
10004cc8:	4690      	mov	r8, r2
10004cca:	2800      	cmp	r0, #0
10004ccc:	d003      	beq.n	10004cd6 <tu_fifo_read_n+0x1e>
10004cce:	2101      	movs	r1, #1
10004cd0:	4249      	negs	r1, r1
10004cd2:	f002 fd49 	bl	10007768 <__mutex_enter_timeout_ms_veneer>
10004cd6:	8931      	ldrh	r1, [r6, #8]
10004cd8:	8972      	ldrh	r2, [r6, #10]
10004cda:	88b5      	ldrh	r5, [r6, #4]
10004cdc:	b28b      	uxth	r3, r1
10004cde:	b294      	uxth	r4, r2
10004ce0:	4291      	cmp	r1, r2
10004ce2:	d354      	bcc.n	10004d8e <tu_fifo_read_n+0xd6>
10004ce4:	1b1f      	subs	r7, r3, r4
10004ce6:	b2bf      	uxth	r7, r7
10004ce8:	2f00      	cmp	r7, #0
10004cea:	d04a      	beq.n	10004d82 <tu_fifo_read_n+0xca>
10004cec:	42bd      	cmp	r5, r7
10004cee:	d205      	bcs.n	10004cfc <tu_fifo_read_n+0x44>
10004cf0:	42ab      	cmp	r3, r5
10004cf2:	d251      	bcs.n	10004d98 <tu_fifo_read_n+0xe0>
10004cf4:	195b      	adds	r3, r3, r5
10004cf6:	b29c      	uxth	r4, r3
10004cf8:	002f      	movs	r7, r5
10004cfa:	8174      	strh	r4, [r6, #10]
10004cfc:	4643      	mov	r3, r8
10004cfe:	45b8      	cmp	r8, r7
10004d00:	d83d      	bhi.n	10004d7e <tu_fifo_read_n+0xc6>
10004d02:	b29f      	uxth	r7, r3
10004d04:	42a5      	cmp	r5, r4
10004d06:	d803      	bhi.n	10004d10 <tu_fifo_read_n+0x58>
10004d08:	1b64      	subs	r4, r4, r5
10004d0a:	b2a4      	uxth	r4, r4
10004d0c:	42a5      	cmp	r5, r4
10004d0e:	d9fb      	bls.n	10004d08 <tu_fifo_read_n+0x50>
10004d10:	88f2      	ldrh	r2, [r6, #6]
10004d12:	6831      	ldr	r1, [r6, #0]
10004d14:	0452      	lsls	r2, r2, #17
10004d16:	0c52      	lsrs	r2, r2, #17
10004d18:	4690      	mov	r8, r2
10004d1a:	4362      	muls	r2, r4
10004d1c:	1b2b      	subs	r3, r5, r4
10004d1e:	b29b      	uxth	r3, r3
10004d20:	1889      	adds	r1, r1, r2
10004d22:	4642      	mov	r2, r8
10004d24:	429f      	cmp	r7, r3
10004d26:	d925      	bls.n	10004d74 <tu_fifo_read_n+0xbc>
10004d28:	4353      	muls	r3, r2
10004d2a:	b29b      	uxth	r3, r3
10004d2c:	001a      	movs	r2, r3
10004d2e:	4648      	mov	r0, r9
10004d30:	469a      	mov	sl, r3
10004d32:	f7fd fbfd 	bl	10002530 <__wrap___aeabi_memcpy>
10004d36:	4643      	mov	r3, r8
10004d38:	4648      	mov	r0, r9
10004d3a:	1b7d      	subs	r5, r7, r5
10004d3c:	1964      	adds	r4, r4, r5
10004d3e:	435c      	muls	r4, r3
10004d40:	6831      	ldr	r1, [r6, #0]
10004d42:	4450      	add	r0, sl
10004d44:	b2a2      	uxth	r2, r4
10004d46:	f7fd fbf3 	bl	10002530 <__wrap___aeabi_memcpy>
10004d4a:	8971      	ldrh	r1, [r6, #10]
10004d4c:	88b5      	ldrh	r5, [r6, #4]
10004d4e:	19cb      	adds	r3, r1, r7
10004d50:	b29b      	uxth	r3, r3
10004d52:	006a      	lsls	r2, r5, #1
10004d54:	4299      	cmp	r1, r3
10004d56:	d916      	bls.n	10004d86 <tu_fifo_read_n+0xce>
10004d58:	1a9b      	subs	r3, r3, r2
10004d5a:	b29b      	uxth	r3, r3
10004d5c:	6930      	ldr	r0, [r6, #16]
10004d5e:	8173      	strh	r3, [r6, #10]
10004d60:	2800      	cmp	r0, #0
10004d62:	d001      	beq.n	10004d68 <tu_fifo_read_n+0xb0>
10004d64:	f002 fce0 	bl	10007728 <__mutex_exit_veneer>
10004d68:	0038      	movs	r0, r7
10004d6a:	bce0      	pop	{r5, r6, r7}
10004d6c:	46ba      	mov	sl, r7
10004d6e:	46b1      	mov	r9, r6
10004d70:	46a8      	mov	r8, r5
10004d72:	bdf0      	pop	{r4, r5, r6, r7, pc}
10004d74:	4648      	mov	r0, r9
10004d76:	437a      	muls	r2, r7
10004d78:	f7fd fbda 	bl	10002530 <__wrap___aeabi_memcpy>
10004d7c:	e7e5      	b.n	10004d4a <tu_fifo_read_n+0x92>
10004d7e:	1c3b      	adds	r3, r7, #0
10004d80:	e7bf      	b.n	10004d02 <tu_fifo_read_n+0x4a>
10004d82:	8973      	ldrh	r3, [r6, #10]
10004d84:	b29b      	uxth	r3, r3
10004d86:	006a      	lsls	r2, r5, #1
10004d88:	4293      	cmp	r3, r2
10004d8a:	dbe7      	blt.n	10004d5c <tu_fifo_read_n+0xa4>
10004d8c:	e7e4      	b.n	10004d58 <tu_fifo_read_n+0xa0>
10004d8e:	006f      	lsls	r7, r5, #1
10004d90:	1b3f      	subs	r7, r7, r4
10004d92:	19df      	adds	r7, r3, r7
10004d94:	b2bf      	uxth	r7, r7
10004d96:	e7a7      	b.n	10004ce8 <tu_fifo_read_n+0x30>
10004d98:	1b5b      	subs	r3, r3, r5
10004d9a:	b29c      	uxth	r4, r3
10004d9c:	e7ac      	b.n	10004cf8 <tu_fifo_read_n+0x40>
10004d9e:	46c0      	nop			@ (mov r8, r8)

10004da0 <tu_fifo_write>:
10004da0:	b5f8      	push	{r3, r4, r5, r6, r7, lr}
10004da2:	0004      	movs	r4, r0
10004da4:	68c0      	ldr	r0, [r0, #12]
10004da6:	000e      	movs	r6, r1
10004da8:	2800      	cmp	r0, #0
10004daa:	d003      	beq.n	10004db4 <tu_fifo_write+0x14>
10004dac:	2101      	movs	r1, #1
10004dae:	4249      	negs	r1, r1
10004db0:	f002 fcda 	bl	10007768 <__mutex_enter_timeout_ms_veneer>
10004db4:	8925      	ldrh	r5, [r4, #8]
10004db6:	8920      	ldrh	r0, [r4, #8]
10004db8:	8961      	ldrh	r1, [r4, #10]
10004dba:	88a2      	ldrh	r2, [r4, #4]
10004dbc:	b2ad      	uxth	r5, r5
10004dbe:	b283      	uxth	r3, r0
10004dc0:	b28f      	uxth	r7, r1
10004dc2:	4288      	cmp	r0, r1
10004dc4:	d329      	bcc.n	10004e1a <tu_fifo_write+0x7a>
10004dc6:	1bdb      	subs	r3, r3, r7
10004dc8:	b29b      	uxth	r3, r3
10004dca:	429a      	cmp	r2, r3
10004dcc:	d809      	bhi.n	10004de2 <tu_fifo_write+0x42>
10004dce:	79e7      	ldrb	r7, [r4, #7]
10004dd0:	09ff      	lsrs	r7, r7, #7
10004dd2:	d106      	bne.n	10004de2 <tu_fifo_write+0x42>
10004dd4:	68e0      	ldr	r0, [r4, #12]
10004dd6:	2800      	cmp	r0, #0
10004dd8:	d001      	beq.n	10004dde <tu_fifo_write+0x3e>
10004dda:	f002 fca5 	bl	10007728 <__mutex_exit_veneer>
10004dde:	0038      	movs	r0, r7
10004de0:	bdf8      	pop	{r3, r4, r5, r6, r7, pc}
10004de2:	4295      	cmp	r5, r2
10004de4:	d31e      	bcc.n	10004e24 <tu_fifo_write+0x84>
10004de6:	002b      	movs	r3, r5
10004de8:	1a9b      	subs	r3, r3, r2
10004dea:	b29b      	uxth	r3, r3
10004dec:	4293      	cmp	r3, r2
10004dee:	d2fb      	bcs.n	10004de8 <tu_fifo_write+0x48>
10004df0:	88e2      	ldrh	r2, [r4, #6]
10004df2:	6820      	ldr	r0, [r4, #0]
10004df4:	0452      	lsls	r2, r2, #17
10004df6:	0c52      	lsrs	r2, r2, #17
10004df8:	4353      	muls	r3, r2
10004dfa:	0031      	movs	r1, r6
10004dfc:	18c0      	adds	r0, r0, r3
10004dfe:	f7fd fb97 	bl	10002530 <__wrap___aeabi_memcpy>
10004e02:	1c6b      	adds	r3, r5, #1
10004e04:	b29b      	uxth	r3, r3
10004e06:	88a2      	ldrh	r2, [r4, #4]
10004e08:	429d      	cmp	r5, r3
10004e0a:	d918      	bls.n	10004e3e <tu_fifo_write+0x9e>
10004e0c:	2300      	movs	r3, #0
10004e0e:	0052      	lsls	r2, r2, #1
10004e10:	1a9b      	subs	r3, r3, r2
10004e12:	b29b      	uxth	r3, r3
10004e14:	2701      	movs	r7, #1
10004e16:	8123      	strh	r3, [r4, #8]
10004e18:	e7dc      	b.n	10004dd4 <tu_fifo_write+0x34>
10004e1a:	0051      	lsls	r1, r2, #1
10004e1c:	1bc9      	subs	r1, r1, r7
10004e1e:	185b      	adds	r3, r3, r1
10004e20:	b29b      	uxth	r3, r3
10004e22:	e7d2      	b.n	10004dca <tu_fifo_write+0x2a>
10004e24:	002b      	movs	r3, r5
10004e26:	88e2      	ldrh	r2, [r4, #6]
10004e28:	6820      	ldr	r0, [r4, #0]
10004e2a:	0452      	lsls	r2, r2, #17
10004e2c:	0c52      	lsrs	r2, r2, #17
10004e2e:	4353      	muls	r3, r2
10004e30:	0031      	movs	r1, r6
10004e32:	18c0      	adds	r0, r0, r3
10004e34:	f7fd fb7c 	bl	10002530 <__wrap___aeabi_memcpy>
10004e38:	3501      	adds	r5, #1
10004e3a:	88a2      	ldrh	r2, [r4, #4]
10004e3c:	b2ab      	uxth	r3, r5
10004e3e:	0052      	lsls	r2, r2, #1
10004e40:	4293      	cmp	r3, r2
10004e42:	dbe7      	blt.n	10004e14 <tu_fifo_write+0x74>
10004e44:	e7e4      	b.n	10004e10 <tu_fifo_write+0x70>
10004e46:	46c0      	nop			@ (mov r8, r8)

10004e48 <tu_fifo_write_n>:
10004e48:	b5f0      	push	{r4, r5, r6, r7, lr}
10004e4a:	4657      	mov	r7, sl
10004e4c:	4645      	mov	r5, r8
10004e4e:	46de      	mov	lr, fp
10004e50:	464e      	mov	r6, r9
10004e52:	b5e0      	push	{r5, r6, r7, lr}
10004e54:	0014      	movs	r4, r2
10004e56:	0005      	movs	r5, r0
10004e58:	000f      	movs	r7, r1
10004e5a:	b083      	sub	sp, #12
10004e5c:	2a00      	cmp	r2, #0
10004e5e:	d075      	beq.n	10004f4c <tu_fifo_write_n+0x104>
10004e60:	68c0      	ldr	r0, [r0, #12]
10004e62:	2800      	cmp	r0, #0
10004e64:	d003      	beq.n	10004e6e <tu_fifo_write_n+0x26>
10004e66:	2101      	movs	r1, #1
10004e68:	4249      	negs	r1, r1
10004e6a:	f002 fc7d 	bl	10007768 <__mutex_enter_timeout_ms_veneer>
10004e6e:	892e      	ldrh	r6, [r5, #8]
10004e70:	79e9      	ldrb	r1, [r5, #7]
10004e72:	896a      	ldrh	r2, [r5, #10]
10004e74:	88ab      	ldrh	r3, [r5, #4]
10004e76:	b2b6      	uxth	r6, r6
10004e78:	b292      	uxth	r2, r2
10004e7a:	09c9      	lsrs	r1, r1, #7
10004e7c:	d145      	bne.n	10004f0a <tu_fifo_write_n+0xc2>
10004e7e:	4296      	cmp	r6, r2
10004e80:	d300      	bcc.n	10004e84 <tu_fifo_write_n+0x3c>
10004e82:	e06d      	b.n	10004f60 <tu_fifo_write_n+0x118>
10004e84:	0059      	lsls	r1, r3, #1
10004e86:	1a8a      	subs	r2, r1, r2
10004e88:	18b2      	adds	r2, r6, r2
10004e8a:	b292      	uxth	r2, r2
10004e8c:	2100      	movs	r1, #0
10004e8e:	4689      	mov	r9, r1
10004e90:	429a      	cmp	r2, r3
10004e92:	d234      	bcs.n	10004efe <tu_fifo_write_n+0xb6>
10004e94:	1a9a      	subs	r2, r3, r2
10004e96:	1c11      	adds	r1, r2, #0
10004e98:	b292      	uxth	r2, r2
10004e9a:	42a2      	cmp	r2, r4
10004e9c:	d900      	bls.n	10004ea0 <tu_fifo_write_n+0x58>
10004e9e:	1c21      	adds	r1, r4, #0
10004ea0:	b28a      	uxth	r2, r1
10004ea2:	4691      	mov	r9, r2
10004ea4:	88ea      	ldrh	r2, [r5, #6]
10004ea6:	0452      	lsls	r2, r2, #17
10004ea8:	0c52      	lsrs	r2, r2, #17
10004eaa:	4690      	mov	r8, r2
10004eac:	464a      	mov	r2, r9
10004eae:	18b2      	adds	r2, r6, r2
10004eb0:	b292      	uxth	r2, r2
10004eb2:	4692      	mov	sl, r2
10004eb4:	464a      	mov	r2, r9
10004eb6:	1ad2      	subs	r2, r2, r3
10004eb8:	b292      	uxth	r2, r2
10004eba:	4693      	mov	fp, r2
10004ebc:	0034      	movs	r4, r6
10004ebe:	429e      	cmp	r6, r3
10004ec0:	d303      	bcc.n	10004eca <tu_fifo_write_n+0x82>
10004ec2:	1ae4      	subs	r4, r4, r3
10004ec4:	b2a4      	uxth	r4, r4
10004ec6:	429c      	cmp	r4, r3
10004ec8:	d2fb      	bcs.n	10004ec2 <tu_fifo_write_n+0x7a>
10004eca:	4642      	mov	r2, r8
10004ecc:	4362      	muls	r2, r4
10004ece:	6828      	ldr	r0, [r5, #0]
10004ed0:	1b1b      	subs	r3, r3, r4
10004ed2:	b29b      	uxth	r3, r3
10004ed4:	1880      	adds	r0, r0, r2
10004ed6:	4642      	mov	r2, r8
10004ed8:	454b      	cmp	r3, r9
10004eda:	d354      	bcc.n	10004f86 <tu_fifo_write_n+0x13e>
10004edc:	464b      	mov	r3, r9
10004ede:	0039      	movs	r1, r7
10004ee0:	435a      	muls	r2, r3
10004ee2:	f7fd fb25 	bl	10002530 <__wrap___aeabi_memcpy>
10004ee6:	88ab      	ldrh	r3, [r5, #4]
10004ee8:	005b      	lsls	r3, r3, #1
10004eea:	4556      	cmp	r6, sl
10004eec:	d801      	bhi.n	10004ef2 <tu_fifo_write_n+0xaa>
10004eee:	459a      	cmp	sl, r3
10004ef0:	db03      	blt.n	10004efa <tu_fifo_write_n+0xb2>
10004ef2:	4652      	mov	r2, sl
10004ef4:	1ad3      	subs	r3, r2, r3
10004ef6:	b29b      	uxth	r3, r3
10004ef8:	469a      	mov	sl, r3
10004efa:	4653      	mov	r3, sl
10004efc:	812b      	strh	r3, [r5, #8]
10004efe:	68e8      	ldr	r0, [r5, #12]
10004f00:	2800      	cmp	r0, #0
10004f02:	d025      	beq.n	10004f50 <tu_fifo_write_n+0x108>
10004f04:	f002 fc10 	bl	10007728 <__mutex_exit_veneer>
10004f08:	e022      	b.n	10004f50 <tu_fifo_write_n+0x108>
10004f0a:	88e9      	ldrh	r1, [r5, #6]
10004f0c:	0449      	lsls	r1, r1, #17
10004f0e:	0c49      	lsrs	r1, r1, #17
10004f10:	4688      	mov	r8, r1
10004f12:	429c      	cmp	r4, r3
10004f14:	d227      	bcs.n	10004f66 <tu_fifo_write_n+0x11e>
10004f16:	4296      	cmp	r6, r2
10004f18:	d347      	bcc.n	10004faa <tu_fifo_write_n+0x162>
10004f1a:	1ab1      	subs	r1, r6, r2
10004f1c:	b289      	uxth	r1, r1
10004f1e:	468c      	mov	ip, r1
10004f20:	0058      	lsls	r0, r3, #1
10004f22:	1ae1      	subs	r1, r4, r3
10004f24:	b289      	uxth	r1, r1
10004f26:	468b      	mov	fp, r1
10004f28:	4661      	mov	r1, ip
10004f2a:	1909      	adds	r1, r1, r4
10004f2c:	4281      	cmp	r1, r0
10004f2e:	db08      	blt.n	10004f42 <tu_fifo_write_n+0xfa>
10004f30:	18d1      	adds	r1, r2, r3
10004f32:	b289      	uxth	r1, r1
10004f34:	1b0e      	subs	r6, r1, r4
10004f36:	b2b6      	uxth	r6, r6
10004f38:	468a      	mov	sl, r1
10004f3a:	42b2      	cmp	r2, r6
10004f3c:	d93b      	bls.n	10004fb6 <tu_fifo_write_n+0x16e>
10004f3e:	1a36      	subs	r6, r6, r0
10004f40:	b2b6      	uxth	r6, r6
10004f42:	19a2      	adds	r2, r4, r6
10004f44:	b292      	uxth	r2, r2
10004f46:	4692      	mov	sl, r2
10004f48:	46a1      	mov	r9, r4
10004f4a:	e7b7      	b.n	10004ebc <tu_fifo_write_n+0x74>
10004f4c:	2300      	movs	r3, #0
10004f4e:	4699      	mov	r9, r3
10004f50:	4648      	mov	r0, r9
10004f52:	b003      	add	sp, #12
10004f54:	bcf0      	pop	{r4, r5, r6, r7}
10004f56:	46bb      	mov	fp, r7
10004f58:	46b2      	mov	sl, r6
10004f5a:	46a9      	mov	r9, r5
10004f5c:	46a0      	mov	r8, r4
10004f5e:	bdf0      	pop	{r4, r5, r6, r7, pc}
10004f60:	1ab2      	subs	r2, r6, r2
10004f62:	b292      	uxth	r2, r2
10004f64:	e792      	b.n	10004e8c <tu_fifo_write_n+0x44>
10004f66:	2100      	movs	r1, #0
10004f68:	4689      	mov	r9, r1
10004f6a:	2b00      	cmp	r3, #0
10004f6c:	d0c7      	beq.n	10004efe <tu_fifo_write_n+0xb6>
10004f6e:	4641      	mov	r1, r8
10004f70:	1ae4      	subs	r4, r4, r3
10004f72:	434c      	muls	r4, r1
10004f74:	0016      	movs	r6, r2
10004f76:	18d1      	adds	r1, r2, r3
10004f78:	2200      	movs	r2, #0
10004f7a:	b289      	uxth	r1, r1
10004f7c:	468a      	mov	sl, r1
10004f7e:	4699      	mov	r9, r3
10004f80:	4693      	mov	fp, r2
10004f82:	193f      	adds	r7, r7, r4
10004f84:	e79a      	b.n	10004ebc <tu_fifo_write_n+0x74>
10004f86:	4353      	muls	r3, r2
10004f88:	b29b      	uxth	r3, r3
10004f8a:	001a      	movs	r2, r3
10004f8c:	0039      	movs	r1, r7
10004f8e:	445c      	add	r4, fp
10004f90:	9301      	str	r3, [sp, #4]
10004f92:	f7fd facd 	bl	10002530 <__wrap___aeabi_memcpy>
10004f96:	4641      	mov	r1, r8
10004f98:	0022      	movs	r2, r4
10004f9a:	434a      	muls	r2, r1
10004f9c:	9b01      	ldr	r3, [sp, #4]
10004f9e:	6828      	ldr	r0, [r5, #0]
10004fa0:	b292      	uxth	r2, r2
10004fa2:	18f9      	adds	r1, r7, r3
10004fa4:	f7fd fac4 	bl	10002530 <__wrap___aeabi_memcpy>
10004fa8:	e79d      	b.n	10004ee6 <tu_fifo_write_n+0x9e>
10004faa:	0058      	lsls	r0, r3, #1
10004fac:	1a81      	subs	r1, r0, r2
10004fae:	1871      	adds	r1, r6, r1
10004fb0:	b289      	uxth	r1, r1
10004fb2:	468c      	mov	ip, r1
10004fb4:	e7b5      	b.n	10004f22 <tu_fifo_write_n+0xda>
10004fb6:	46a1      	mov	r9, r4
10004fb8:	42b0      	cmp	r0, r6
10004fba:	dd00      	ble.n	10004fbe <tu_fifo_write_n+0x176>
10004fbc:	e77e      	b.n	10004ebc <tu_fifo_write_n+0x74>
10004fbe:	e7be      	b.n	10004f3e <tu_fifo_write_n+0xf6>

10004fc0 <tu_fifo_clear>:
10004fc0:	b510      	push	{r4, lr}
10004fc2:	0004      	movs	r4, r0
10004fc4:	68c0      	ldr	r0, [r0, #12]
10004fc6:	2800      	cmp	r0, #0
10004fc8:	d003      	beq.n	10004fd2 <tu_fifo_clear+0x12>
10004fca:	2101      	movs	r1, #1
10004fcc:	4249      	negs	r1, r1
10004fce:	f002 fbcb 	bl	10007768 <__mutex_enter_timeout_ms_veneer>
10004fd2:	6920      	ldr	r0, [r4, #16]
10004fd4:	2800      	cmp	r0, #0
10004fd6:	d003      	beq.n	10004fe0 <tu_fifo_clear+0x20>
10004fd8:	2101      	movs	r1, #1
10004fda:	4249      	negs	r1, r1
10004fdc:	f002 fbc4 	bl	10007768 <__mutex_enter_timeout_ms_veneer>
10004fe0:	2300      	movs	r3, #0
10004fe2:	68e0      	ldr	r0, [r4, #12]
10004fe4:	8163      	strh	r3, [r4, #10]
10004fe6:	8123      	strh	r3, [r4, #8]
10004fe8:	2800      	cmp	r0, #0
10004fea:	d001      	beq.n	10004ff0 <tu_fifo_clear+0x30>
10004fec:	f002 fb9c 	bl	10007728 <__mutex_exit_veneer>
10004ff0:	6920      	ldr	r0, [r4, #16]
10004ff2:	2800      	cmp	r0, #0
10004ff4:	d001      	beq.n	10004ffa <tu_fifo_clear+0x3a>
10004ff6:	f002 fb97 	bl	10007728 <__mutex_exit_veneer>
10004ffa:	2001      	movs	r0, #1
10004ffc:	bd10      	pop	{r4, pc}
10004ffe:	46c0      	nop			@ (mov r8, r8)

10005000 <tu_fifo_set_overwritable>:
10005000:	b570      	push	{r4, r5, r6, lr}
10005002:	0004      	movs	r4, r0
10005004:	68c0      	ldr	r0, [r0, #12]
10005006:	000d      	movs	r5, r1
10005008:	2800      	cmp	r0, #0
1000500a:	d003      	beq.n	10005014 <tu_fifo_set_overwritable+0x14>
1000500c:	2101      	movs	r1, #1
1000500e:	4249      	negs	r1, r1
10005010:	f002 fbaa 	bl	10007768 <__mutex_enter_timeout_ms_veneer>
10005014:	6920      	ldr	r0, [r4, #16]
10005016:	2800      	cmp	r0, #0
10005018:	d003      	beq.n	10005022 <tu_fifo_set_overwritable+0x22>
1000501a:	2101      	movs	r1, #1
1000501c:	4249      	negs	r1, r1
1000501e:	f002 fba3 	bl	10007768 <__mutex_enter_timeout_ms_veneer>
10005022:	217f      	movs	r1, #127	@ 0x7f
10005024:	79e3      	ldrb	r3, [r4, #7]
10005026:	01ed      	lsls	r5, r5, #7
10005028:	4019      	ands	r1, r3
1000502a:	68e0      	ldr	r0, [r4, #12]
1000502c:	4329      	orrs	r1, r5
1000502e:	71e1      	strb	r1, [r4, #7]
10005030:	2800      	cmp	r0, #0
10005032:	d001      	beq.n	10005038 <tu_fifo_set_overwritable+0x38>
10005034:	f002 fb78 	bl	10007728 <__mutex_exit_veneer>
10005038:	6920      	ldr	r0, [r4, #16]
1000503a:	2800      	cmp	r0, #0
1000503c:	d001      	beq.n	10005042 <tu_fifo_set_overwritable+0x42>
1000503e:	f002 fb73 	bl	10007728 <__mutex_exit_veneer>
10005042:	2001      	movs	r0, #1
10005044:	bd70      	pop	{r4, r5, r6, pc}
10005046:	46c0      	nop			@ (mov r8, r8)

10005048 <exception_set_exclusive_handler>:
10005048:	b5f8      	push	{r3, r4, r5, r6, r7, lr}
1000504a:	000e      	movs	r6, r1
1000504c:	f3ef 8710 	mrs	r7, PRIMASK
10005050:	b672      	cpsid	i
10005052:	4b0c      	ldr	r3, [pc, #48]	@ (10005084 <exception_set_exclusive_handler+0x3c>)
10005054:	0084      	lsls	r4, r0, #2
10005056:	689b      	ldr	r3, [r3, #8]
10005058:	591d      	ldr	r5, [r3, r4]
1000505a:	42a9      	cmp	r1, r5
1000505c:	d004      	beq.n	10005068 <exception_set_exclusive_handler+0x20>
1000505e:	4b0a      	ldr	r3, [pc, #40]	@ (10005088 <exception_set_exclusive_handler+0x40>)
10005060:	429d      	cmp	r5, r3
10005062:	d20a      	bcs.n	1000507a <exception_set_exclusive_handler+0x32>
10005064:	f7fc fd92 	bl	10001b8c <hard_assertion_failure>
10005068:	4b06      	ldr	r3, [pc, #24]	@ (10005084 <exception_set_exclusive_handler+0x3c>)
1000506a:	689b      	ldr	r3, [r3, #8]
1000506c:	511e      	str	r6, [r3, r4]
1000506e:	f3bf 8f5f 	dmb	sy
10005072:	f387 8810 	msr	PRIMASK, r7
10005076:	0028      	movs	r0, r5
10005078:	bdf8      	pop	{r3, r4, r5, r6, r7, pc}
1000507a:	4b04      	ldr	r3, [pc, #16]	@ (1000508c <exception_set_exclusive_handler+0x44>)
1000507c:	429d      	cmp	r5, r3
1000507e:	d3f3      	bcc.n	10005068 <exception_set_exclusive_handler+0x20>
10005080:	e7f0      	b.n	10005064 <exception_set_exclusive_handler+0x1c>
10005082:	46c0      	nop			@ (mov r8, r8)
10005084:	e000ed00 	.word	0xe000ed00
10005088:	100001c0 	.word	0x100001c0
1000508c:	100001d4 	.word	0x100001d4

10005090 <pvPortMalloc>:
10005090:	b5f0      	push	{r4, r5, r6, r7, lr}
10005092:	46c6      	mov	lr, r8
10005094:	1e43      	subs	r3, r0, #1
10005096:	b500      	push	{lr}
10005098:	330a      	adds	r3, #10
1000509a:	d814      	bhi.n	100050c6 <pvPortMalloc+0x36>
1000509c:	2307      	movs	r3, #7
1000509e:	0004      	movs	r4, r0
100050a0:	001a      	movs	r2, r3
100050a2:	3408      	adds	r4, #8
100050a4:	4022      	ands	r2, r4
100050a6:	4223      	tst	r3, r4
100050a8:	d06c      	beq.n	10005184 <pvPortMalloc+0xf4>
100050aa:	0013      	movs	r3, r2
100050ac:	3b09      	subs	r3, #9
100050ae:	42a3      	cmp	r3, r4
100050b0:	d309      	bcc.n	100050c6 <pvPortMalloc+0x36>
100050b2:	3010      	adds	r0, #16
100050b4:	1a84      	subs	r4, r0, r2
100050b6:	f001 fbff 	bl	100068b8 <vTaskSuspendAll>
100050ba:	4a37      	ldr	r2, [pc, #220]	@ (10005198 <pvPortMalloc+0x108>)
100050bc:	0027      	movs	r7, r4
100050be:	6815      	ldr	r5, [r2, #0]
100050c0:	2d00      	cmp	r5, #0
100050c2:	d128      	bne.n	10005116 <pvPortMalloc+0x86>
100050c4:	e00e      	b.n	100050e4 <pvPortMalloc+0x54>
100050c6:	f001 fbf7 	bl	100068b8 <vTaskSuspendAll>
100050ca:	4a33      	ldr	r2, [pc, #204]	@ (10005198 <pvPortMalloc+0x108>)
100050cc:	6813      	ldr	r3, [r2, #0]
100050ce:	2b00      	cmp	r3, #0
100050d0:	d006      	beq.n	100050e0 <pvPortMalloc+0x50>
100050d2:	2500      	movs	r5, #0
100050d4:	f001 fbf8 	bl	100068c8 <xTaskResumeAll>
100050d8:	0028      	movs	r0, r5
100050da:	bc80      	pop	{r7}
100050dc:	46b8      	mov	r8, r7
100050de:	bdf0      	pop	{r4, r5, r6, r7, pc}
100050e0:	2700      	movs	r7, #0
100050e2:	2400      	movs	r4, #0
100050e4:	2007      	movs	r0, #7
100050e6:	4d2d      	ldr	r5, [pc, #180]	@ (1000519c <pvPortMalloc+0x10c>)
100050e8:	002b      	movs	r3, r5
100050ea:	0029      	movs	r1, r5
100050ec:	4228      	tst	r0, r5
100050ee:	d145      	bne.n	1000517c <pvPortMalloc+0xec>
100050f0:	2000      	movs	r0, #0
100050f2:	4e2b      	ldr	r6, [pc, #172]	@ (100051a0 <pvPortMalloc+0x110>)
100050f4:	6070      	str	r0, [r6, #4]
100050f6:	6031      	str	r1, [r6, #0]
100050f8:	4e2a      	ldr	r6, [pc, #168]	@ (100051a4 <pvPortMalloc+0x114>)
100050fa:	46b4      	mov	ip, r6
100050fc:	2607      	movs	r6, #7
100050fe:	4465      	add	r5, ip
10005100:	43b5      	bics	r5, r6
10005102:	6015      	str	r5, [r2, #0]
10005104:	4a28      	ldr	r2, [pc, #160]	@ (100051a8 <pvPortMalloc+0x118>)
10005106:	1aeb      	subs	r3, r5, r3
10005108:	6013      	str	r3, [r2, #0]
1000510a:	4a28      	ldr	r2, [pc, #160]	@ (100051ac <pvPortMalloc+0x11c>)
1000510c:	6068      	str	r0, [r5, #4]
1000510e:	6028      	str	r0, [r5, #0]
10005110:	6013      	str	r3, [r2, #0]
10005112:	604b      	str	r3, [r1, #4]
10005114:	600d      	str	r5, [r1, #0]
10005116:	2f00      	cmp	r7, #0
10005118:	dddb      	ble.n	100050d2 <pvPortMalloc+0x42>
1000511a:	4f24      	ldr	r7, [pc, #144]	@ (100051ac <pvPortMalloc+0x11c>)
1000511c:	683e      	ldr	r6, [r7, #0]
1000511e:	42a6      	cmp	r6, r4
10005120:	d3d7      	bcc.n	100050d2 <pvPortMalloc+0x42>
10005122:	481f      	ldr	r0, [pc, #124]	@ (100051a0 <pvPortMalloc+0x110>)
10005124:	6803      	ldr	r3, [r0, #0]
10005126:	e004      	b.n	10005132 <pvPortMalloc+0xa2>
10005128:	681a      	ldr	r2, [r3, #0]
1000512a:	2a00      	cmp	r2, #0
1000512c:	d004      	beq.n	10005138 <pvPortMalloc+0xa8>
1000512e:	0018      	movs	r0, r3
10005130:	0013      	movs	r3, r2
10005132:	6859      	ldr	r1, [r3, #4]
10005134:	42a1      	cmp	r1, r4
10005136:	d3f7      	bcc.n	10005128 <pvPortMalloc+0x98>
10005138:	42ab      	cmp	r3, r5
1000513a:	d0ca      	beq.n	100050d2 <pvPortMalloc+0x42>
1000513c:	001d      	movs	r5, r3
1000513e:	681a      	ldr	r2, [r3, #0]
10005140:	3508      	adds	r5, #8
10005142:	4690      	mov	r8, r2
10005144:	6002      	str	r2, [r0, #0]
10005146:	1b0a      	subs	r2, r1, r4
10005148:	2a10      	cmp	r2, #16
1000514a:	d905      	bls.n	10005158 <pvPortMalloc+0xc8>
1000514c:	1919      	adds	r1, r3, r4
1000514e:	604a      	str	r2, [r1, #4]
10005150:	4642      	mov	r2, r8
10005152:	600a      	str	r2, [r1, #0]
10005154:	6001      	str	r1, [r0, #0]
10005156:	0021      	movs	r1, r4
10005158:	4a13      	ldr	r2, [pc, #76]	@ (100051a8 <pvPortMalloc+0x118>)
1000515a:	1a76      	subs	r6, r6, r1
1000515c:	6810      	ldr	r0, [r2, #0]
1000515e:	603e      	str	r6, [r7, #0]
10005160:	4286      	cmp	r6, r0
10005162:	d200      	bcs.n	10005166 <pvPortMalloc+0xd6>
10005164:	6016      	str	r6, [r2, #0]
10005166:	2280      	movs	r2, #128	@ 0x80
10005168:	0612      	lsls	r2, r2, #24
1000516a:	430a      	orrs	r2, r1
1000516c:	605a      	str	r2, [r3, #4]
1000516e:	2200      	movs	r2, #0
10005170:	601a      	str	r2, [r3, #0]
10005172:	4a0f      	ldr	r2, [pc, #60]	@ (100051b0 <pvPortMalloc+0x120>)
10005174:	6813      	ldr	r3, [r2, #0]
10005176:	3301      	adds	r3, #1
10005178:	6013      	str	r3, [r2, #0]
1000517a:	e7ab      	b.n	100050d4 <pvPortMalloc+0x44>
1000517c:	1deb      	adds	r3, r5, #7
1000517e:	4383      	bics	r3, r0
10005180:	0019      	movs	r1, r3
10005182:	e7b5      	b.n	100050f0 <pvPortMalloc+0x60>
10005184:	f001 fb98 	bl	100068b8 <vTaskSuspendAll>
10005188:	4a03      	ldr	r2, [pc, #12]	@ (10005198 <pvPortMalloc+0x108>)
1000518a:	0027      	movs	r7, r4
1000518c:	6815      	ldr	r5, [r2, #0]
1000518e:	2d00      	cmp	r5, #0
10005190:	d0a8      	beq.n	100050e4 <pvPortMalloc+0x54>
10005192:	2c00      	cmp	r4, #0
10005194:	dac1      	bge.n	1000511a <pvPortMalloc+0x8a>
10005196:	e79c      	b.n	100050d2 <pvPortMalloc+0x42>
10005198:	20002030 	.word	0x20002030
1000519c:	20002438 	.word	0x20002438
100051a0:	200224fc 	.word	0x200224fc
100051a4:	0001fff8 	.word	0x0001fff8
100051a8:	200224cc 	.word	0x200224cc
100051ac:	200224bc 	.word	0x200224bc
100051b0:	200224d8 	.word	0x200224d8

100051b4 <vPortFree>:
100051b4:	b570      	push	{r4, r5, r6, lr}
100051b6:	2800      	cmp	r0, #0
100051b8:	d004      	beq.n	100051c4 <vPortFree+0x10>
100051ba:	3808      	subs	r0, #8
100051bc:	6843      	ldr	r3, [r0, #4]
100051be:	0004      	movs	r4, r0
100051c0:	2b00      	cmp	r3, #0
100051c2:	db00      	blt.n	100051c6 <vPortFree+0x12>
100051c4:	bd70      	pop	{r4, r5, r6, pc}
100051c6:	6802      	ldr	r2, [r0, #0]
100051c8:	2a00      	cmp	r2, #0
100051ca:	d1fb      	bne.n	100051c4 <vPortFree+0x10>
100051cc:	005b      	lsls	r3, r3, #1
100051ce:	085b      	lsrs	r3, r3, #1
100051d0:	6043      	str	r3, [r0, #4]
100051d2:	0005      	movs	r5, r0
100051d4:	f001 fb70 	bl	100068b8 <vTaskSuspendAll>
100051d8:	4a18      	ldr	r2, [pc, #96]	@ (1000523c <vPortFree+0x88>)
100051da:	6861      	ldr	r1, [r4, #4]
100051dc:	6813      	ldr	r3, [r2, #0]
100051de:	185b      	adds	r3, r3, r1
100051e0:	6013      	str	r3, [r2, #0]
100051e2:	4b17      	ldr	r3, [pc, #92]	@ (10005240 <vPortFree+0x8c>)
100051e4:	001a      	movs	r2, r3
100051e6:	681b      	ldr	r3, [r3, #0]
100051e8:	429c      	cmp	r4, r3
100051ea:	d8fb      	bhi.n	100051e4 <vPortFree+0x30>
100051ec:	6850      	ldr	r0, [r2, #4]
100051ee:	1816      	adds	r6, r2, r0
100051f0:	42b4      	cmp	r4, r6
100051f2:	d00d      	beq.n	10005210 <vPortFree+0x5c>
100051f4:	1860      	adds	r0, r4, r1
100051f6:	4283      	cmp	r3, r0
100051f8:	d01a      	beq.n	10005230 <vPortFree+0x7c>
100051fa:	6023      	str	r3, [r4, #0]
100051fc:	42aa      	cmp	r2, r5
100051fe:	d000      	beq.n	10005202 <vPortFree+0x4e>
10005200:	6015      	str	r5, [r2, #0]
10005202:	4a10      	ldr	r2, [pc, #64]	@ (10005244 <vPortFree+0x90>)
10005204:	6813      	ldr	r3, [r2, #0]
10005206:	3301      	adds	r3, #1
10005208:	6013      	str	r3, [r2, #0]
1000520a:	f001 fb5d 	bl	100068c8 <xTaskResumeAll>
1000520e:	e7d9      	b.n	100051c4 <vPortFree+0x10>
10005210:	1809      	adds	r1, r1, r0
10005212:	1850      	adds	r0, r2, r1
10005214:	6051      	str	r1, [r2, #4]
10005216:	4283      	cmp	r3, r0
10005218:	d1f3      	bne.n	10005202 <vPortFree+0x4e>
1000521a:	480b      	ldr	r0, [pc, #44]	@ (10005248 <vPortFree+0x94>)
1000521c:	0015      	movs	r5, r2
1000521e:	6800      	ldr	r0, [r0, #0]
10005220:	4283      	cmp	r3, r0
10005222:	d0ee      	beq.n	10005202 <vPortFree+0x4e>
10005224:	6858      	ldr	r0, [r3, #4]
10005226:	681b      	ldr	r3, [r3, #0]
10005228:	1841      	adds	r1, r0, r1
1000522a:	6069      	str	r1, [r5, #4]
1000522c:	602b      	str	r3, [r5, #0]
1000522e:	e7e5      	b.n	100051fc <vPortFree+0x48>
10005230:	4805      	ldr	r0, [pc, #20]	@ (10005248 <vPortFree+0x94>)
10005232:	6800      	ldr	r0, [r0, #0]
10005234:	4283      	cmp	r3, r0
10005236:	d1f5      	bne.n	10005224 <vPortFree+0x70>
10005238:	e7df      	b.n	100051fa <vPortFree+0x46>
1000523a:	46c0      	nop			@ (mov r8, r8)
1000523c:	200224bc 	.word	0x200224bc
10005240:	200224fc 	.word	0x200224fc
10005244:	200224dc 	.word	0x200224dc
10005248:	20002030 	.word	0x20002030
1000524c:	00000000 	.word	0x00000000

10005250 <vPortStartFirstTask>:
10005250:	4a0b      	ldr	r2, [pc, #44]	@ (10005280 <pxCurrentTCBConst1>)
10005252:	6813      	ldr	r3, [r2, #0]
10005254:	6818      	ldr	r0, [r3, #0]
10005256:	3020      	adds	r0, #32
10005258:	f380 8809 	msr	PSP, r0
1000525c:	2002      	movs	r0, #2
1000525e:	f380 8814 	msr	CONTROL, r0
10005262:	f3bf 8f6f 	isb	sy
10005266:	bc3f      	pop	{r0, r1, r2, r3, r4, r5}
10005268:	46ae      	mov	lr, r5
1000526a:	bc08      	pop	{r3}
1000526c:	bc04      	pop	{r2}
1000526e:	b662      	cpsie	i
10005270:	4718      	bx	r3
10005272:	46c0      	nop			@ (mov r8, r8)
10005274:	46c0      	nop			@ (mov r8, r8)
10005276:	46c0      	nop			@ (mov r8, r8)
10005278:	46c0      	nop			@ (mov r8, r8)
1000527a:	46c0      	nop			@ (mov r8, r8)
1000527c:	46c0      	nop			@ (mov r8, r8)
1000527e:	46c0      	nop			@ (mov r8, r8)

10005280 <pxCurrentTCBConst1>:
10005280:	20002024 	.word	0x20002024
	...

10005290 <xPortPendSVHandler>:
10005290:	f3ef 8009 	mrs	r0, PSP
10005294:	4b16      	ldr	r3, [pc, #88]	@ (100052f0 <pxCurrentTCBConst2>)
10005296:	681a      	ldr	r2, [r3, #0]
10005298:	3820      	subs	r0, #32
1000529a:	6010      	str	r0, [r2, #0]
1000529c:	c0f0      	stmia	r0!, {r4, r5, r6, r7}
1000529e:	4644      	mov	r4, r8
100052a0:	464d      	mov	r5, r9
100052a2:	4656      	mov	r6, sl
100052a4:	465f      	mov	r7, fp
100052a6:	c0f0      	stmia	r0!, {r4, r5, r6, r7}
100052a8:	220d      	movs	r2, #13
100052aa:	0712      	lsls	r2, r2, #28
100052ac:	6e14      	ldr	r4, [r2, #96]	@ 0x60
100052ae:	6e55      	ldr	r5, [r2, #100]	@ 0x64
100052b0:	6f56      	ldr	r6, [r2, #116]	@ 0x74
100052b2:	6f17      	ldr	r7, [r2, #112]	@ 0x70
100052b4:	3830      	subs	r0, #48	@ 0x30
100052b6:	c0f0      	stmia	r0!, {r4, r5, r6, r7}
100052b8:	b508      	push	{r3, lr}
100052ba:	b672      	cpsid	i
100052bc:	f001 fc28 	bl	10006b10 <vTaskSwitchContext>
100052c0:	b662      	cpsie	i
100052c2:	bc0c      	pop	{r2, r3}
100052c4:	6811      	ldr	r1, [r2, #0]
100052c6:	6808      	ldr	r0, [r1, #0]
100052c8:	3010      	adds	r0, #16
100052ca:	c8f0      	ldmia	r0!, {r4, r5, r6, r7}
100052cc:	46a0      	mov	r8, r4
100052ce:	46a9      	mov	r9, r5
100052d0:	46b2      	mov	sl, r6
100052d2:	46bb      	mov	fp, r7
100052d4:	f380 8809 	msr	PSP, r0
100052d8:	220d      	movs	r2, #13
100052da:	0712      	lsls	r2, r2, #28
100052dc:	3830      	subs	r0, #48	@ 0x30
100052de:	c8f0      	ldmia	r0!, {r4, r5, r6, r7}
100052e0:	6614      	str	r4, [r2, #96]	@ 0x60
100052e2:	6655      	str	r5, [r2, #100]	@ 0x64
100052e4:	6756      	str	r6, [r2, #116]	@ 0x74
100052e6:	6717      	str	r7, [r2, #112]	@ 0x70
100052e8:	c8f0      	ldmia	r0!, {r4, r5, r6, r7}
100052ea:	4718      	bx	r3
100052ec:	46c0      	nop			@ (mov r8, r8)
100052ee:	46c0      	nop			@ (mov r8, r8)

100052f0 <pxCurrentTCBConst2>:
100052f0:	20002024 	.word	0x20002024

100052f4 <prvTaskExitError>:
100052f4:	b510      	push	{r4, lr}
100052f6:	f7fb fb3b 	bl	10000970 <panic_unsupported>
100052fa:	46c0      	nop			@ (mov r8, r8)

100052fc <prvFIFOInterruptHandler>:
100052fc:	23d0      	movs	r3, #208	@ 0xd0
100052fe:	b500      	push	{lr}
10005300:	061b      	lsls	r3, r3, #24
10005302:	6d1a      	ldr	r2, [r3, #80]	@ 0x50
10005304:	b083      	sub	sp, #12
10005306:	07d2      	lsls	r2, r2, #31
10005308:	d504      	bpl.n	10005314 <prvFIFOInterruptHandler+0x18>
1000530a:	2101      	movs	r1, #1
1000530c:	6d9a      	ldr	r2, [r3, #88]	@ 0x58
1000530e:	6d1a      	ldr	r2, [r3, #80]	@ 0x50
10005310:	4211      	tst	r1, r2
10005312:	d1fb      	bne.n	1000530c <prvFIFOInterruptHandler+0x10>
10005314:	23d0      	movs	r3, #208	@ 0xd0
10005316:	22ff      	movs	r2, #255	@ 0xff
10005318:	061b      	lsls	r3, r3, #24
1000531a:	651a      	str	r2, [r3, #80]	@ 0x50
1000531c:	2300      	movs	r3, #0
1000531e:	4a11      	ldr	r2, [pc, #68]	@ (10005364 <prvFIFOInterruptHandler+0x68>)
10005320:	9301      	str	r3, [sp, #4]
10005322:	6811      	ldr	r1, [r2, #0]
10005324:	f3ef 8c10 	mrs	ip, PRIMASK
10005328:	b672      	cpsid	i
1000532a:	680b      	ldr	r3, [r1, #0]
1000532c:	2b00      	cmp	r3, #0
1000532e:	d0fc      	beq.n	1000532a <prvFIFOInterruptHandler+0x2e>
10005330:	f3bf 8f5f 	dmb	sy
10005334:	2300      	movs	r3, #0
10005336:	480c      	ldr	r0, [pc, #48]	@ (10005368 <prvFIFOInterruptHandler+0x6c>)
10005338:	6812      	ldr	r2, [r2, #0]
1000533a:	6801      	ldr	r1, [r0, #0]
1000533c:	6003      	str	r3, [r0, #0]
1000533e:	f3bf 8f5f 	dmb	sy
10005342:	6013      	str	r3, [r2, #0]
10005344:	f38c 8810 	msr	PRIMASK, ip
10005348:	4b08      	ldr	r3, [pc, #32]	@ (1000536c <prvFIFOInterruptHandler+0x70>)
1000534a:	aa01      	add	r2, sp, #4
1000534c:	6818      	ldr	r0, [r3, #0]
1000534e:	f000 fb07 	bl	10005960 <xEventGroupSetBitsFromISR>
10005352:	9b01      	ldr	r3, [sp, #4]
10005354:	2b00      	cmp	r3, #0
10005356:	d003      	beq.n	10005360 <prvFIFOInterruptHandler+0x64>
10005358:	2280      	movs	r2, #128	@ 0x80
1000535a:	4b05      	ldr	r3, [pc, #20]	@ (10005370 <prvFIFOInterruptHandler+0x74>)
1000535c:	0552      	lsls	r2, r2, #21
1000535e:	601a      	str	r2, [r3, #0]
10005360:	b003      	add	sp, #12
10005362:	bd00      	pop	{pc}
10005364:	20002020 	.word	0x20002020
10005368:	20022450 	.word	0x20022450
1000536c:	200224b8 	.word	0x200224b8
10005370:	e000ed04 	.word	0xe000ed04

10005374 <vPortSVCHandler>:
10005374:	4770      	bx	lr
10005376:	46c0      	nop			@ (mov r8, r8)

10005378 <pxPortInitialiseStack>:
10005378:	b510      	push	{r4, lr}
1000537a:	2480      	movs	r4, #128	@ 0x80
1000537c:	1f03      	subs	r3, r0, #4
1000537e:	0464      	lsls	r4, r4, #17
10005380:	601c      	str	r4, [r3, #0]
10005382:	3b04      	subs	r3, #4
10005384:	6019      	str	r1, [r3, #0]
10005386:	4903      	ldr	r1, [pc, #12]	@ (10005394 <pxPortInitialiseStack+0x1c>)
10005388:	3b04      	subs	r3, #4
1000538a:	6019      	str	r1, [r3, #0]
1000538c:	3b14      	subs	r3, #20
1000538e:	3840      	subs	r0, #64	@ 0x40
10005390:	601a      	str	r2, [r3, #0]
10005392:	bd10      	pop	{r4, pc}
10005394:	100052f5 	.word	0x100052f5

10005398 <vPortYield>:
10005398:	2280      	movs	r2, #128	@ 0x80
1000539a:	4b04      	ldr	r3, [pc, #16]	@ (100053ac <vPortYield+0x14>)
1000539c:	0552      	lsls	r2, r2, #21
1000539e:	601a      	str	r2, [r3, #0]
100053a0:	f3bf 8f4f 	dsb	sy
100053a4:	f3bf 8f6f 	isb	sy
100053a8:	4770      	bx	lr
100053aa:	46c0      	nop			@ (mov r8, r8)
100053ac:	e000ed04 	.word	0xe000ed04

100053b0 <vPortEnterCritical>:
100053b0:	b672      	cpsid	i
100053b2:	4a04      	ldr	r2, [pc, #16]	@ (100053c4 <vPortEnterCritical+0x14>)
100053b4:	6813      	ldr	r3, [r2, #0]
100053b6:	3301      	adds	r3, #1
100053b8:	6013      	str	r3, [r2, #0]
100053ba:	f3bf 8f4f 	dsb	sy
100053be:	f3bf 8f6f 	isb	sy
100053c2:	4770      	bx	lr
100053c4:	2002244c 	.word	0x2002244c

100053c8 <vPortExitCritical>:
100053c8:	4a03      	ldr	r2, [pc, #12]	@ (100053d8 <vPortExitCritical+0x10>)
100053ca:	6813      	ldr	r3, [r2, #0]
100053cc:	3b01      	subs	r3, #1
100053ce:	6013      	str	r3, [r2, #0]
100053d0:	2b00      	cmp	r3, #0
100053d2:	d100      	bne.n	100053d6 <vPortExitCritical+0xe>
100053d4:	b662      	cpsie	i
100053d6:	4770      	bx	lr
100053d8:	2002244c 	.word	0x2002244c

100053dc <ulSetInterruptMaskFromISR>:
100053dc:	f3ef 8010 	mrs	r0, PRIMASK
100053e0:	b672      	cpsid	i
100053e2:	4770      	bx	lr

100053e4 <vClearInterruptMaskFromISR>:
100053e4:	f380 8810 	msr	PRIMASK, r0
100053e8:	4770      	bx	lr
100053ea:	46c0      	nop			@ (mov r8, r8)

100053ec <xPortSysTickHandler>:
100053ec:	b510      	push	{r4, lr}
100053ee:	f7ff fff5 	bl	100053dc <ulSetInterruptMaskFromISR>
100053f2:	0004      	movs	r4, r0
100053f4:	f001 fb7a 	bl	10006aec <xTaskIncrementTick>
100053f8:	2800      	cmp	r0, #0
100053fa:	d003      	beq.n	10005404 <xPortSysTickHandler+0x18>
100053fc:	2280      	movs	r2, #128	@ 0x80
100053fe:	4b03      	ldr	r3, [pc, #12]	@ (1000540c <xPortSysTickHandler+0x20>)
10005400:	0552      	lsls	r2, r2, #21
10005402:	601a      	str	r2, [r3, #0]
10005404:	0020      	movs	r0, r4
10005406:	f7ff ffed 	bl	100053e4 <vClearInterruptMaskFromISR>
1000540a:	bd10      	pop	{r4, pc}
1000540c:	e000ed04 	.word	0xe000ed04

10005410 <vPortSetupTimerInterrupt>:
10005410:	2300      	movs	r3, #0
10005412:	b510      	push	{r4, lr}
10005414:	4a08      	ldr	r2, [pc, #32]	@ (10005438 <vPortSetupTimerInterrupt+0x28>)
10005416:	4c09      	ldr	r4, [pc, #36]	@ (1000543c <vPortSetupTimerInterrupt+0x2c>)
10005418:	2005      	movs	r0, #5
1000541a:	6023      	str	r3, [r4, #0]
1000541c:	6013      	str	r3, [r2, #0]
1000541e:	f7fc faab 	bl	10001978 <clock_get_hz>
10005422:	21fa      	movs	r1, #250	@ 0xfa
10005424:	0089      	lsls	r1, r1, #2
10005426:	f7fc fcdb 	bl	10001de0 <__wrap___aeabi_uidiv>
1000542a:	4b05      	ldr	r3, [pc, #20]	@ (10005440 <vPortSetupTimerInterrupt+0x30>)
1000542c:	3801      	subs	r0, #1
1000542e:	6018      	str	r0, [r3, #0]
10005430:	2307      	movs	r3, #7
10005432:	6023      	str	r3, [r4, #0]
10005434:	bd10      	pop	{r4, pc}
10005436:	46c0      	nop			@ (mov r8, r8)
10005438:	e000e018 	.word	0xe000e018
1000543c:	e000e010 	.word	0xe000e010
10005440:	e000e014 	.word	0xe000e014

10005444 <xPortStartScheduler>:
10005444:	22ff      	movs	r2, #255	@ 0xff
10005446:	4b1f      	ldr	r3, [pc, #124]	@ (100054c4 <xPortStartScheduler+0x80>)
10005448:	0412      	lsls	r2, r2, #16
1000544a:	6819      	ldr	r1, [r3, #0]
1000544c:	b510      	push	{r4, lr}
1000544e:	430a      	orrs	r2, r1
10005450:	601a      	str	r2, [r3, #0]
10005452:	22ff      	movs	r2, #255	@ 0xff
10005454:	6819      	ldr	r1, [r3, #0]
10005456:	0612      	lsls	r2, r2, #24
10005458:	430a      	orrs	r2, r1
1000545a:	601a      	str	r2, [r3, #0]
1000545c:	491a      	ldr	r1, [pc, #104]	@ (100054c8 <xPortStartScheduler+0x84>)
1000545e:	200e      	movs	r0, #14
10005460:	f7ff fdf2 	bl	10005048 <exception_set_exclusive_handler>
10005464:	4919      	ldr	r1, [pc, #100]	@ (100054cc <xPortStartScheduler+0x88>)
10005466:	200f      	movs	r0, #15
10005468:	f7ff fdee 	bl	10005048 <exception_set_exclusive_handler>
1000546c:	4918      	ldr	r1, [pc, #96]	@ (100054d0 <xPortStartScheduler+0x8c>)
1000546e:	200b      	movs	r0, #11
10005470:	f7ff fdea 	bl	10005048 <exception_set_exclusive_handler>
10005474:	f7ff ffcc 	bl	10005410 <vPortSetupTimerInterrupt>
10005478:	2200      	movs	r2, #0
1000547a:	4b16      	ldr	r3, [pc, #88]	@ (100054d4 <xPortStartScheduler+0x90>)
1000547c:	601a      	str	r2, [r3, #0]
1000547e:	23d0      	movs	r3, #208	@ 0xd0
10005480:	061b      	lsls	r3, r3, #24
10005482:	4a15      	ldr	r2, [pc, #84]	@ (100054d8 <xPortStartScheduler+0x94>)
10005484:	681c      	ldr	r4, [r3, #0]
10005486:	7014      	strb	r4, [r2, #0]
10005488:	22ff      	movs	r2, #255	@ 0xff
1000548a:	651a      	str	r2, [r3, #80]	@ 0x50
1000548c:	6d1a      	ldr	r2, [r3, #80]	@ 0x50
1000548e:	07d2      	lsls	r2, r2, #31
10005490:	d504      	bpl.n	1000549c <xPortStartScheduler+0x58>
10005492:	2101      	movs	r1, #1
10005494:	6d9a      	ldr	r2, [r3, #88]	@ 0x58
10005496:	6d1a      	ldr	r2, [r3, #80]	@ 0x50
10005498:	4211      	tst	r1, r2
1000549a:	d1fb      	bne.n	10005494 <xPortStartScheduler+0x50>
1000549c:	340f      	adds	r4, #15
1000549e:	21ff      	movs	r1, #255	@ 0xff
100054a0:	0020      	movs	r0, r4
100054a2:	f7fb fc75 	bl	10000d90 <irq_set_priority>
100054a6:	0020      	movs	r0, r4
100054a8:	490c      	ldr	r1, [pc, #48]	@ (100054dc <xPortStartScheduler+0x98>)
100054aa:	f7fb fb4d 	bl	10000b48 <irq_set_exclusive_handler>
100054ae:	2101      	movs	r1, #1
100054b0:	0020      	movs	r0, r4
100054b2:	f7fb fb11 	bl	10000ad8 <irq_set_enabled>
100054b6:	f7ff fecb 	bl	10005250 <vPortStartFirstTask>
100054ba:	f001 fb29 	bl	10006b10 <vTaskSwitchContext>
100054be:	f7fb fa57 	bl	10000970 <panic_unsupported>
100054c2:	46c0      	nop			@ (mov r8, r8)
100054c4:	e000ed20 	.word	0xe000ed20
100054c8:	10005291 	.word	0x10005291
100054cc:	100053ed 	.word	0x100053ed
100054d0:	10005375 	.word	0x10005375
100054d4:	2002244c 	.word	0x2002244c
100054d8:	20001065 	.word	0x20001065
100054dc:	100052fd 	.word	0x100052fd

100054e0 <ulPortLockGetCurrentOwnerId>:
100054e0:	23d0      	movs	r3, #208	@ 0xd0
100054e2:	b510      	push	{r4, lr}
100054e4:	061b      	lsls	r3, r3, #24
100054e6:	6818      	ldr	r0, [r3, #0]
100054e8:	4b07      	ldr	r3, [pc, #28]	@ (10005508 <ulPortLockGetCurrentOwnerId+0x28>)
100054ea:	781b      	ldrb	r3, [r3, #0]
100054ec:	4283      	cmp	r3, r0
100054ee:	d000      	beq.n	100054f2 <ulPortLockGetCurrentOwnerId+0x12>
100054f0:	bd10      	pop	{r4, pc}
100054f2:	f3ef 8305 	mrs	r3, IPSR
100054f6:	2b00      	cmp	r3, #0
100054f8:	d002      	beq.n	10005500 <ulPortLockGetCurrentOwnerId+0x20>
100054fa:	005b      	lsls	r3, r3, #1
100054fc:	18c0      	adds	r0, r0, r3
100054fe:	e7f7      	b.n	100054f0 <ulPortLockGetCurrentOwnerId+0x10>
10005500:	f001 fd6c 	bl	10006fdc <xTaskGetCurrentTaskHandle>
10005504:	e7f4      	b.n	100054f0 <ulPortLockGetCurrentOwnerId+0x10>
10005506:	46c0      	nop			@ (mov r8, r8)
10005508:	20001065 	.word	0x20001065

1000550c <vPortLockInternalSpinUnlockWithWait>:
1000550c:	b510      	push	{r4, lr}
1000550e:	0003      	movs	r3, r0
10005510:	6802      	ldr	r2, [r0, #0]
10005512:	4815      	ldr	r0, [pc, #84]	@ (10005568 <vPortLockInternalSpinUnlockWithWait+0x5c>)
10005514:	b082      	sub	sp, #8
10005516:	7804      	ldrb	r4, [r0, #0]
10005518:	20d0      	movs	r0, #208	@ 0xd0
1000551a:	0600      	lsls	r0, r0, #24
1000551c:	6800      	ldr	r0, [r0, #0]
1000551e:	4284      	cmp	r4, r0
10005520:	d008      	beq.n	10005534 <vPortLockInternalSpinUnlockWithWait+0x28>
10005522:	f3bf 8f5f 	dmb	sy
10005526:	2300      	movs	r3, #0
10005528:	6013      	str	r3, [r2, #0]
1000552a:	f381 8810 	msr	PRIMASK, r1
1000552e:	bf20      	wfe
10005530:	b002      	add	sp, #8
10005532:	bd10      	pop	{r4, pc}
10005534:	f3bf 8f5f 	dmb	sy
10005538:	2000      	movs	r0, #0
1000553a:	6010      	str	r0, [r2, #0]
1000553c:	f381 8810 	msr	PRIMASK, r1
10005540:	4a0a      	ldr	r2, [pc, #40]	@ (1000556c <vPortLockInternalSpinUnlockWithWait+0x60>)
10005542:	681b      	ldr	r3, [r3, #0]
10005544:	6810      	ldr	r0, [r2, #0]
10005546:	4a0a      	ldr	r2, [pc, #40]	@ (10005570 <vPortLockInternalSpinUnlockWithWait+0x64>)
10005548:	4694      	mov	ip, r2
1000554a:	4463      	add	r3, ip
1000554c:	109a      	asrs	r2, r3, #2
1000554e:	2b5c      	cmp	r3, #92	@ 0x5c
10005550:	d900      	bls.n	10005554 <vPortLockInternalSpinUnlockWithWait+0x48>
10005552:	3a18      	subs	r2, #24
10005554:	2301      	movs	r3, #1
10005556:	2101      	movs	r1, #1
10005558:	425b      	negs	r3, r3
1000555a:	4091      	lsls	r1, r2
1000555c:	9300      	str	r3, [sp, #0]
1000555e:	2201      	movs	r2, #1
10005560:	2300      	movs	r3, #0
10005562:	f000 f953 	bl	1000580c <xEventGroupWaitBits>
10005566:	e7e3      	b.n	10005530 <vPortLockInternalSpinUnlockWithWait+0x24>
10005568:	20001065 	.word	0x20001065
1000556c:	200224b8 	.word	0x200224b8
10005570:	2fffff00 	.word	0x2fffff00

10005574 <vPortLockInternalSpinUnlockWithNotify>:
10005574:	000a      	movs	r2, r1
10005576:	492c      	ldr	r1, [pc, #176]	@ (10005628 <vPortLockInternalSpinUnlockWithNotify+0xb4>)
10005578:	b530      	push	{r4, r5, lr}
1000557a:	468c      	mov	ip, r1
1000557c:	6803      	ldr	r3, [r0, #0]
1000557e:	b083      	sub	sp, #12
10005580:	4463      	add	r3, ip
10005582:	109c      	asrs	r4, r3, #2
10005584:	2b5c      	cmp	r3, #92	@ 0x5c
10005586:	d900      	bls.n	1000558a <vPortLockInternalSpinUnlockWithNotify+0x16>
10005588:	3c18      	subs	r4, #24
1000558a:	2101      	movs	r1, #1
1000558c:	4b27      	ldr	r3, [pc, #156]	@ (1000562c <vPortLockInternalSpinUnlockWithNotify+0xb8>)
1000558e:	40a1      	lsls	r1, r4
10005590:	781c      	ldrb	r4, [r3, #0]
10005592:	23d0      	movs	r3, #208	@ 0xd0
10005594:	061b      	lsls	r3, r3, #24
10005596:	681b      	ldr	r3, [r3, #0]
10005598:	429c      	cmp	r4, r3
1000559a:	d01f      	beq.n	100055dc <vPortLockInternalSpinUnlockWithNotify+0x68>
1000559c:	bf40      	sev
1000559e:	4d24      	ldr	r5, [pc, #144]	@ (10005630 <vPortLockInternalSpinUnlockWithNotify+0xbc>)
100055a0:	6803      	ldr	r3, [r0, #0]
100055a2:	682c      	ldr	r4, [r5, #0]
100055a4:	42a3      	cmp	r3, r4
100055a6:	d034      	beq.n	10005612 <vPortLockInternalSpinUnlockWithNotify+0x9e>
100055a8:	6823      	ldr	r3, [r4, #0]
100055aa:	2b00      	cmp	r3, #0
100055ac:	d0fc      	beq.n	100055a8 <vPortLockInternalSpinUnlockWithNotify+0x34>
100055ae:	f3bf 8f5f 	dmb	sy
100055b2:	4c20      	ldr	r4, [pc, #128]	@ (10005634 <vPortLockInternalSpinUnlockWithNotify+0xc0>)
100055b4:	6823      	ldr	r3, [r4, #0]
100055b6:	430b      	orrs	r3, r1
100055b8:	6023      	str	r3, [r4, #0]
100055ba:	682b      	ldr	r3, [r5, #0]
100055bc:	f3bf 8f5f 	dmb	sy
100055c0:	2100      	movs	r1, #0
100055c2:	6019      	str	r1, [r3, #0]
100055c4:	6803      	ldr	r3, [r0, #0]
100055c6:	20d0      	movs	r0, #208	@ 0xd0
100055c8:	2100      	movs	r1, #0
100055ca:	0600      	lsls	r0, r0, #24
100055cc:	6541      	str	r1, [r0, #84]	@ 0x54
100055ce:	f3bf 8f5f 	dmb	sy
100055d2:	6019      	str	r1, [r3, #0]
100055d4:	f382 8810 	msr	PRIMASK, r2
100055d8:	b003      	add	sp, #12
100055da:	bd30      	pop	{r4, r5, pc}
100055dc:	bf40      	sev
100055de:	6803      	ldr	r3, [r0, #0]
100055e0:	f3bf 8f5f 	dmb	sy
100055e4:	2000      	movs	r0, #0
100055e6:	6018      	str	r0, [r3, #0]
100055e8:	f382 8810 	msr	PRIMASK, r2
100055ec:	f3ef 8305 	mrs	r3, IPSR
100055f0:	b2db      	uxtb	r3, r3
100055f2:	2b00      	cmp	r3, #0
100055f4:	d012      	beq.n	1000561c <vPortLockInternalSpinUnlockWithNotify+0xa8>
100055f6:	4b10      	ldr	r3, [pc, #64]	@ (10005638 <vPortLockInternalSpinUnlockWithNotify+0xc4>)
100055f8:	9001      	str	r0, [sp, #4]
100055fa:	aa01      	add	r2, sp, #4
100055fc:	6818      	ldr	r0, [r3, #0]
100055fe:	f000 f9af 	bl	10005960 <xEventGroupSetBitsFromISR>
10005602:	9b01      	ldr	r3, [sp, #4]
10005604:	2b00      	cmp	r3, #0
10005606:	d0e7      	beq.n	100055d8 <vPortLockInternalSpinUnlockWithNotify+0x64>
10005608:	2280      	movs	r2, #128	@ 0x80
1000560a:	4b0c      	ldr	r3, [pc, #48]	@ (1000563c <vPortLockInternalSpinUnlockWithNotify+0xc8>)
1000560c:	0552      	lsls	r2, r2, #21
1000560e:	601a      	str	r2, [r3, #0]
10005610:	e7e2      	b.n	100055d8 <vPortLockInternalSpinUnlockWithNotify+0x64>
10005612:	4c08      	ldr	r4, [pc, #32]	@ (10005634 <vPortLockInternalSpinUnlockWithNotify+0xc0>)
10005614:	6820      	ldr	r0, [r4, #0]
10005616:	4308      	orrs	r0, r1
10005618:	6020      	str	r0, [r4, #0]
1000561a:	e7d4      	b.n	100055c6 <vPortLockInternalSpinUnlockWithNotify+0x52>
1000561c:	4b06      	ldr	r3, [pc, #24]	@ (10005638 <vPortLockInternalSpinUnlockWithNotify+0xc4>)
1000561e:	6818      	ldr	r0, [r3, #0]
10005620:	f000 f950 	bl	100058c4 <xEventGroupSetBits>
10005624:	e7d8      	b.n	100055d8 <vPortLockInternalSpinUnlockWithNotify+0x64>
10005626:	46c0      	nop			@ (mov r8, r8)
10005628:	2fffff00 	.word	0x2fffff00
1000562c:	20001065 	.word	0x20001065
10005630:	20002020 	.word	0x20002020
10005634:	20022450 	.word	0x20022450
10005638:	200224b8 	.word	0x200224b8
1000563c:	e000ed04 	.word	0xe000ed04

10005640 <xPortLockInternalSpinUnlockWithBestEffortWaitOrTimeout>:
10005640:	b5f0      	push	{r4, r5, r6, r7, lr}
10005642:	46ce      	mov	lr, r9
10005644:	4647      	mov	r7, r8
10005646:	b580      	push	{r7, lr}
10005648:	001d      	movs	r5, r3
1000564a:	4b36      	ldr	r3, [pc, #216]	@ (10005724 <xPortLockInternalSpinUnlockWithBestEffortWaitOrTimeout+0xe4>)
1000564c:	0014      	movs	r4, r2
1000564e:	781a      	ldrb	r2, [r3, #0]
10005650:	23d0      	movs	r3, #208	@ 0xd0
10005652:	061b      	lsls	r3, r3, #24
10005654:	681b      	ldr	r3, [r3, #0]
10005656:	4680      	mov	r8, r0
10005658:	4689      	mov	r9, r1
1000565a:	b083      	sub	sp, #12
1000565c:	429a      	cmp	r2, r3
1000565e:	d00f      	beq.n	10005680 <xPortLockInternalSpinUnlockWithBestEffortWaitOrTimeout+0x40>
10005660:	6803      	ldr	r3, [r0, #0]
10005662:	f3bf 8f5f 	dmb	sy
10005666:	2200      	movs	r2, #0
10005668:	601a      	str	r2, [r3, #0]
1000566a:	f381 8810 	msr	PRIMASK, r1
1000566e:	0020      	movs	r0, r4
10005670:	0029      	movs	r1, r5
10005672:	f7fb ffeb 	bl	1000164c <best_effort_wfe_or_timeout>
10005676:	b003      	add	sp, #12
10005678:	bcc0      	pop	{r6, r7}
1000567a:	46b9      	mov	r9, r7
1000567c:	46b0      	mov	r8, r6
1000567e:	bdf0      	pop	{r4, r5, r6, r7, pc}
10005680:	f7fc f872 	bl	10001768 <time_us_64>
10005684:	0026      	movs	r6, r4
10005686:	002f      	movs	r7, r5
10005688:	2301      	movs	r3, #1
1000568a:	1a36      	subs	r6, r6, r0
1000568c:	418f      	sbcs	r7, r1
1000568e:	4a26      	ldr	r2, [pc, #152]	@ (10005728 <xPortLockInternalSpinUnlockWithBestEffortWaitOrTimeout+0xe8>)
10005690:	425b      	negs	r3, r3
10005692:	18b6      	adds	r6, r6, r2
10005694:	415f      	adcs	r7, r3
10005696:	2f00      	cmp	r7, #0
10005698:	dc20      	bgt.n	100056dc <xPortLockInternalSpinUnlockWithBestEffortWaitOrTimeout+0x9c>
1000569a:	d01b      	beq.n	100056d4 <xPortLockInternalSpinUnlockWithBestEffortWaitOrTimeout+0x94>
1000569c:	4643      	mov	r3, r8
1000569e:	681b      	ldr	r3, [r3, #0]
100056a0:	f3bf 8f5f 	dmb	sy
100056a4:	2200      	movs	r2, #0
100056a6:	601a      	str	r2, [r3, #0]
100056a8:	f389 8810 	msr	PRIMASK, r9
100056ac:	4b1f      	ldr	r3, [pc, #124]	@ (1000572c <xPortLockInternalSpinUnlockWithBestEffortWaitOrTimeout+0xec>)
100056ae:	6a5a      	ldr	r2, [r3, #36]	@ 0x24
100056b0:	4295      	cmp	r5, r2
100056b2:	d805      	bhi.n	100056c0 <xPortLockInternalSpinUnlockWithBestEffortWaitOrTimeout+0x80>
100056b4:	6a9b      	ldr	r3, [r3, #40]	@ 0x28
100056b6:	2001      	movs	r0, #1
100056b8:	42a3      	cmp	r3, r4
100056ba:	d2dc      	bcs.n	10005676 <xPortLockInternalSpinUnlockWithBestEffortWaitOrTimeout+0x36>
100056bc:	4295      	cmp	r5, r2
100056be:	d1da      	bne.n	10005676 <xPortLockInternalSpinUnlockWithBestEffortWaitOrTimeout+0x36>
100056c0:	2280      	movs	r2, #128	@ 0x80
100056c2:	4b1b      	ldr	r3, [pc, #108]	@ (10005730 <xPortLockInternalSpinUnlockWithBestEffortWaitOrTimeout+0xf0>)
100056c4:	0552      	lsls	r2, r2, #21
100056c6:	601a      	str	r2, [r3, #0]
100056c8:	f3bf 8f4f 	dsb	sy
100056cc:	f3bf 8f6f 	isb	sy
100056d0:	2000      	movs	r0, #0
100056d2:	e7d0      	b.n	10005676 <xPortLockInternalSpinUnlockWithBestEffortWaitOrTimeout+0x36>
100056d4:	23fa      	movs	r3, #250	@ 0xfa
100056d6:	009b      	lsls	r3, r3, #2
100056d8:	429e      	cmp	r6, r3
100056da:	d3df      	bcc.n	1000569c <xPortLockInternalSpinUnlockWithBestEffortWaitOrTimeout+0x5c>
100056dc:	22fa      	movs	r2, #250	@ 0xfa
100056de:	2300      	movs	r3, #0
100056e0:	0030      	movs	r0, r6
100056e2:	0039      	movs	r1, r7
100056e4:	0092      	lsls	r2, r2, #2
100056e6:	f7fc fba1 	bl	10001e2c <__wrap___aeabi_ldivmod>
100056ea:	1e03      	subs	r3, r0, #0
100056ec:	d0d6      	beq.n	1000569c <xPortLockInternalSpinUnlockWithBestEffortWaitOrTimeout+0x5c>
100056ee:	4642      	mov	r2, r8
100056f0:	6812      	ldr	r2, [r2, #0]
100056f2:	f3bf 8f5f 	dmb	sy
100056f6:	2100      	movs	r1, #0
100056f8:	6011      	str	r1, [r2, #0]
100056fa:	f389 8810 	msr	PRIMASK, r9
100056fe:	4a0d      	ldr	r2, [pc, #52]	@ (10005734 <xPortLockInternalSpinUnlockWithBestEffortWaitOrTimeout+0xf4>)
10005700:	490d      	ldr	r1, [pc, #52]	@ (10005738 <xPortLockInternalSpinUnlockWithBestEffortWaitOrTimeout+0xf8>)
10005702:	6810      	ldr	r0, [r2, #0]
10005704:	4642      	mov	r2, r8
10005706:	468c      	mov	ip, r1
10005708:	6812      	ldr	r2, [r2, #0]
1000570a:	4462      	add	r2, ip
1000570c:	1096      	asrs	r6, r2, #2
1000570e:	2a5c      	cmp	r2, #92	@ 0x5c
10005710:	d900      	bls.n	10005714 <xPortLockInternalSpinUnlockWithBestEffortWaitOrTimeout+0xd4>
10005712:	3e18      	subs	r6, #24
10005714:	2101      	movs	r1, #1
10005716:	9300      	str	r3, [sp, #0]
10005718:	40b1      	lsls	r1, r6
1000571a:	2300      	movs	r3, #0
1000571c:	2201      	movs	r2, #1
1000571e:	f000 f875 	bl	1000580c <xEventGroupWaitBits>
10005722:	e7c3      	b.n	100056ac <xPortLockInternalSpinUnlockWithBestEffortWaitOrTimeout+0x6c>
10005724:	20001065 	.word	0x20001065
10005728:	fffffc18 	.word	0xfffffc18
1000572c:	40054000 	.word	0x40054000
10005730:	e000ed04 	.word	0xe000ed04
10005734:	200224b8 	.word	0x200224b8
10005738:	2fffff00 	.word	0x2fffff00

1000573c <prvRuntimeInitializer>:
1000573c:	b510      	push	{r4, lr}
1000573e:	f7fb f98d 	bl	10000a5c <next_striped_spin_lock_num>
10005742:	4a05      	ldr	r2, [pc, #20]	@ (10005758 <prvRuntimeInitializer+0x1c>)
10005744:	4b05      	ldr	r3, [pc, #20]	@ (1000575c <prvRuntimeInitializer+0x20>)
10005746:	4694      	mov	ip, r2
10005748:	4460      	add	r0, ip
1000574a:	0080      	lsls	r0, r0, #2
1000574c:	6018      	str	r0, [r3, #0]
1000574e:	f000 f851 	bl	100057f4 <xEventGroupCreate>
10005752:	4b03      	ldr	r3, [pc, #12]	@ (10005760 <prvRuntimeInitializer+0x24>)
10005754:	6018      	str	r0, [r3, #0]
10005756:	bd10      	pop	{r4, pc}
10005758:	34000040 	.word	0x34000040
1000575c:	20002020 	.word	0x20002020
10005760:	200224b8 	.word	0x200224b8

10005764 <vEventGroupSetBitsCallback>:
10005764:	b5f8      	push	{r3, r4, r5, r6, r7, lr}
10005766:	46de      	mov	lr, fp
10005768:	4657      	mov	r7, sl
1000576a:	464e      	mov	r6, r9
1000576c:	4645      	mov	r5, r8
1000576e:	b5e0      	push	{r5, r6, r7, lr}
10005770:	0005      	movs	r5, r0
10005772:	000f      	movs	r7, r1
10005774:	0006      	movs	r6, r0
10005776:	f001 f89f 	bl	100068b8 <vTaskSuspendAll>
1000577a:	6829      	ldr	r1, [r5, #0]
1000577c:	692c      	ldr	r4, [r5, #16]
1000577e:	4339      	orrs	r1, r7
10005780:	360c      	adds	r6, #12
10005782:	6029      	str	r1, [r5, #0]
10005784:	42a6      	cmp	r6, r4
10005786:	d02c      	beq.n	100057e2 <vEventGroupSetBitsCallback+0x7e>
10005788:	2300      	movs	r3, #0
1000578a:	4698      	mov	r8, r3
1000578c:	2380      	movs	r3, #128	@ 0x80
1000578e:	04db      	lsls	r3, r3, #19
10005790:	469b      	mov	fp, r3
10005792:	2380      	movs	r3, #128	@ 0x80
10005794:	045b      	lsls	r3, r3, #17
10005796:	469a      	mov	sl, r3
10005798:	2380      	movs	r3, #128	@ 0x80
1000579a:	049b      	lsls	r3, r3, #18
1000579c:	4699      	mov	r9, r3
1000579e:	e00f      	b.n	100057c0 <vEventGroupSetBitsCallback+0x5c>
100057a0:	4667      	mov	r7, ip
100057a2:	2f00      	cmp	r7, #0
100057a4:	d00a      	beq.n	100057bc <vEventGroupSetBitsCallback+0x58>
100057a6:	4657      	mov	r7, sl
100057a8:	423a      	tst	r2, r7
100057aa:	d002      	beq.n	100057b2 <vEventGroupSetBitsCallback+0x4e>
100057ac:	4642      	mov	r2, r8
100057ae:	431a      	orrs	r2, r3
100057b0:	4690      	mov	r8, r2
100057b2:	464b      	mov	r3, r9
100057b4:	4319      	orrs	r1, r3
100057b6:	f001 fb7b 	bl	10006eb0 <vTaskRemoveFromUnorderedEventList>
100057ba:	6829      	ldr	r1, [r5, #0]
100057bc:	42a6      	cmp	r6, r4
100057be:	d00e      	beq.n	100057de <vEventGroupSetBitsCallback+0x7a>
100057c0:	0020      	movs	r0, r4
100057c2:	000f      	movs	r7, r1
100057c4:	6802      	ldr	r2, [r0, #0]
100057c6:	6864      	ldr	r4, [r4, #4]
100057c8:	0213      	lsls	r3, r2, #8
100057ca:	0a1b      	lsrs	r3, r3, #8
100057cc:	401f      	ands	r7, r3
100057ce:	46bc      	mov	ip, r7
100057d0:	465f      	mov	r7, fp
100057d2:	423a      	tst	r2, r7
100057d4:	d0e4      	beq.n	100057a0 <vEventGroupSetBitsCallback+0x3c>
100057d6:	4563      	cmp	r3, ip
100057d8:	d0e5      	beq.n	100057a6 <vEventGroupSetBitsCallback+0x42>
100057da:	42a6      	cmp	r6, r4
100057dc:	d1f0      	bne.n	100057c0 <vEventGroupSetBitsCallback+0x5c>
100057de:	4643      	mov	r3, r8
100057e0:	4399      	bics	r1, r3
100057e2:	6029      	str	r1, [r5, #0]
100057e4:	f001 f870 	bl	100068c8 <xTaskResumeAll>
100057e8:	bcf0      	pop	{r4, r5, r6, r7}
100057ea:	46bb      	mov	fp, r7
100057ec:	46b2      	mov	sl, r6
100057ee:	46a9      	mov	r9, r5
100057f0:	46a0      	mov	r8, r4
100057f2:	bdf8      	pop	{r3, r4, r5, r6, r7, pc}

100057f4 <xEventGroupCreate>:
100057f4:	b510      	push	{r4, lr}
100057f6:	201c      	movs	r0, #28
100057f8:	f7ff fc4a 	bl	10005090 <pvPortMalloc>
100057fc:	1e04      	subs	r4, r0, #0
100057fe:	d003      	beq.n	10005808 <xEventGroupCreate+0x14>
10005800:	2300      	movs	r3, #0
10005802:	c008      	stmia	r0!, {r3}
10005804:	f000 f8b8 	bl	10005978 <vListInitialise>
10005808:	0020      	movs	r0, r4
1000580a:	bd10      	pop	{r4, pc}

1000580c <xEventGroupWaitBits>:
1000580c:	b5f0      	push	{r4, r5, r6, r7, lr}
1000580e:	46c6      	mov	lr, r8
10005810:	0006      	movs	r6, r0
10005812:	b500      	push	{lr}
10005814:	000d      	movs	r5, r1
10005816:	4690      	mov	r8, r2
10005818:	001f      	movs	r7, r3
1000581a:	f001 f84d 	bl	100068b8 <vTaskSuspendAll>
1000581e:	6834      	ldr	r4, [r6, #0]
10005820:	2f00      	cmp	r7, #0
10005822:	d113      	bne.n	1000584c <xEventGroupWaitBits+0x40>
10005824:	4225      	tst	r5, r4
10005826:	d00b      	beq.n	10005840 <xEventGroupWaitBits+0x34>
10005828:	4643      	mov	r3, r8
1000582a:	2b00      	cmp	r3, #0
1000582c:	d00b      	beq.n	10005846 <xEventGroupWaitBits+0x3a>
1000582e:	0023      	movs	r3, r4
10005830:	43ab      	bics	r3, r5
10005832:	6033      	str	r3, [r6, #0]
10005834:	f001 f848 	bl	100068c8 <xTaskResumeAll>
10005838:	0020      	movs	r0, r4
1000583a:	bc80      	pop	{r7}
1000583c:	46b8      	mov	r8, r7
1000583e:	bdf0      	pop	{r4, r5, r6, r7, pc}
10005840:	9b06      	ldr	r3, [sp, #24]
10005842:	2b00      	cmp	r3, #0
10005844:	d121      	bne.n	1000588a <xEventGroupWaitBits+0x7e>
10005846:	f001 f83f 	bl	100068c8 <xTaskResumeAll>
1000584a:	e7f5      	b.n	10005838 <xEventGroupWaitBits+0x2c>
1000584c:	002b      	movs	r3, r5
1000584e:	4023      	ands	r3, r4
10005850:	429d      	cmp	r5, r3
10005852:	d0e9      	beq.n	10005828 <xEventGroupWaitBits+0x1c>
10005854:	9b06      	ldr	r3, [sp, #24]
10005856:	2b00      	cmp	r3, #0
10005858:	d0f5      	beq.n	10005846 <xEventGroupWaitBits+0x3a>
1000585a:	4643      	mov	r3, r8
1000585c:	2180      	movs	r1, #128	@ 0x80
1000585e:	1e5a      	subs	r2, r3, #1
10005860:	4193      	sbcs	r3, r2
10005862:	04c9      	lsls	r1, r1, #19
10005864:	061b      	lsls	r3, r3, #24
10005866:	4319      	orrs	r1, r3
10005868:	9a06      	ldr	r2, [sp, #24]
1000586a:	4329      	orrs	r1, r5
1000586c:	1d30      	adds	r0, r6, #4
1000586e:	f001 f9dd 	bl	10006c2c <vTaskPlaceOnUnorderedEventList>
10005872:	f001 f829 	bl	100068c8 <xTaskResumeAll>
10005876:	2800      	cmp	r0, #0
10005878:	d01c      	beq.n	100058b4 <xEventGroupWaitBits+0xa8>
1000587a:	f001 fc6f 	bl	1000715c <uxTaskResetEventItemValue>
1000587e:	0004      	movs	r4, r0
10005880:	0183      	lsls	r3, r0, #6
10005882:	d507      	bpl.n	10005894 <xEventGroupWaitBits+0x88>
10005884:	0224      	lsls	r4, r4, #8
10005886:	0a24      	lsrs	r4, r4, #8
10005888:	e7d6      	b.n	10005838 <xEventGroupWaitBits+0x2c>
1000588a:	4641      	mov	r1, r8
1000588c:	1e4b      	subs	r3, r1, #1
1000588e:	4199      	sbcs	r1, r3
10005890:	0609      	lsls	r1, r1, #24
10005892:	e7e9      	b.n	10005868 <xEventGroupWaitBits+0x5c>
10005894:	f7ff fd8c 	bl	100053b0 <vPortEnterCritical>
10005898:	6834      	ldr	r4, [r6, #0]
1000589a:	2f00      	cmp	r7, #0
1000589c:	d10d      	bne.n	100058ba <xEventGroupWaitBits+0xae>
1000589e:	422c      	tst	r4, r5
100058a0:	d005      	beq.n	100058ae <xEventGroupWaitBits+0xa2>
100058a2:	4643      	mov	r3, r8
100058a4:	2b00      	cmp	r3, #0
100058a6:	d002      	beq.n	100058ae <xEventGroupWaitBits+0xa2>
100058a8:	0023      	movs	r3, r4
100058aa:	43ab      	bics	r3, r5
100058ac:	6033      	str	r3, [r6, #0]
100058ae:	f7ff fd8b 	bl	100053c8 <vPortExitCritical>
100058b2:	e7e7      	b.n	10005884 <xEventGroupWaitBits+0x78>
100058b4:	f7ff fd70 	bl	10005398 <vPortYield>
100058b8:	e7df      	b.n	1000587a <xEventGroupWaitBits+0x6e>
100058ba:	0023      	movs	r3, r4
100058bc:	402b      	ands	r3, r5
100058be:	429d      	cmp	r5, r3
100058c0:	d1f5      	bne.n	100058ae <xEventGroupWaitBits+0xa2>
100058c2:	e7ee      	b.n	100058a2 <xEventGroupWaitBits+0x96>

100058c4 <xEventGroupSetBits>:
100058c4:	b5f0      	push	{r4, r5, r6, r7, lr}
100058c6:	46de      	mov	lr, fp
100058c8:	4657      	mov	r7, sl
100058ca:	464e      	mov	r6, r9
100058cc:	4645      	mov	r5, r8
100058ce:	0004      	movs	r4, r0
100058d0:	b5e0      	push	{r5, r6, r7, lr}
100058d2:	b083      	sub	sp, #12
100058d4:	000d      	movs	r5, r1
100058d6:	0006      	movs	r6, r0
100058d8:	9001      	str	r0, [sp, #4]
100058da:	f000 ffed 	bl	100068b8 <vTaskSuspendAll>
100058de:	0022      	movs	r2, r4
100058e0:	6813      	ldr	r3, [r2, #0]
100058e2:	6924      	ldr	r4, [r4, #16]
100058e4:	360c      	adds	r6, #12
100058e6:	431d      	orrs	r5, r3
100058e8:	0037      	movs	r7, r6
100058ea:	6015      	str	r5, [r2, #0]
100058ec:	42a6      	cmp	r6, r4
100058ee:	d02b      	beq.n	10005948 <xEventGroupSetBits+0x84>
100058f0:	2300      	movs	r3, #0
100058f2:	4699      	mov	r9, r3
100058f4:	2380      	movs	r3, #128	@ 0x80
100058f6:	04db      	lsls	r3, r3, #19
100058f8:	4698      	mov	r8, r3
100058fa:	2380      	movs	r3, #128	@ 0x80
100058fc:	045b      	lsls	r3, r3, #17
100058fe:	469b      	mov	fp, r3
10005900:	2380      	movs	r3, #128	@ 0x80
10005902:	049b      	lsls	r3, r3, #18
10005904:	469a      	mov	sl, r3
10005906:	e00f      	b.n	10005928 <xEventGroupSetBits+0x64>
10005908:	2900      	cmp	r1, #0
1000590a:	d00b      	beq.n	10005924 <xEventGroupSetBits+0x60>
1000590c:	4659      	mov	r1, fp
1000590e:	420a      	tst	r2, r1
10005910:	d002      	beq.n	10005918 <xEventGroupSetBits+0x54>
10005912:	464a      	mov	r2, r9
10005914:	431a      	orrs	r2, r3
10005916:	4691      	mov	r9, r2
10005918:	4651      	mov	r1, sl
1000591a:	4329      	orrs	r1, r5
1000591c:	f001 fac8 	bl	10006eb0 <vTaskRemoveFromUnorderedEventList>
10005920:	9b01      	ldr	r3, [sp, #4]
10005922:	681d      	ldr	r5, [r3, #0]
10005924:	42a7      	cmp	r7, r4
10005926:	d00d      	beq.n	10005944 <xEventGroupSetBits+0x80>
10005928:	0020      	movs	r0, r4
1000592a:	0029      	movs	r1, r5
1000592c:	4646      	mov	r6, r8
1000592e:	6802      	ldr	r2, [r0, #0]
10005930:	6864      	ldr	r4, [r4, #4]
10005932:	0213      	lsls	r3, r2, #8
10005934:	0a1b      	lsrs	r3, r3, #8
10005936:	4019      	ands	r1, r3
10005938:	4232      	tst	r2, r6
1000593a:	d0e5      	beq.n	10005908 <xEventGroupSetBits+0x44>
1000593c:	428b      	cmp	r3, r1
1000593e:	d0e5      	beq.n	1000590c <xEventGroupSetBits+0x48>
10005940:	42a7      	cmp	r7, r4
10005942:	d1f1      	bne.n	10005928 <xEventGroupSetBits+0x64>
10005944:	464b      	mov	r3, r9
10005946:	439d      	bics	r5, r3
10005948:	9b01      	ldr	r3, [sp, #4]
1000594a:	601d      	str	r5, [r3, #0]
1000594c:	f000 ffbc 	bl	100068c8 <xTaskResumeAll>
10005950:	0028      	movs	r0, r5
10005952:	b003      	add	sp, #12
10005954:	bcf0      	pop	{r4, r5, r6, r7}
10005956:	46bb      	mov	fp, r7
10005958:	46b2      	mov	sl, r6
1000595a:	46a9      	mov	r9, r5
1000595c:	46a0      	mov	r8, r4
1000595e:	bdf0      	pop	{r4, r5, r6, r7, pc}

10005960 <xEventGroupSetBitsFromISR>:
10005960:	b510      	push	{r4, lr}
10005962:	4c04      	ldr	r4, [pc, #16]	@ (10005974 <xEventGroupSetBitsFromISR+0x14>)
10005964:	0013      	movs	r3, r2
10005966:	000a      	movs	r2, r1
10005968:	0001      	movs	r1, r0
1000596a:	0020      	movs	r0, r4
1000596c:	f001 fe2c 	bl	100075c8 <xTimerPendFunctionCallFromISR>
10005970:	bd10      	pop	{r4, pc}
10005972:	46c0      	nop			@ (mov r8, r8)
10005974:	10005765 	.word	0x10005765

10005978 <vListInitialise>:
10005978:	0003      	movs	r3, r0
1000597a:	3308      	adds	r3, #8
1000597c:	2201      	movs	r2, #1
1000597e:	6043      	str	r3, [r0, #4]
10005980:	60c3      	str	r3, [r0, #12]
10005982:	6103      	str	r3, [r0, #16]
10005984:	2300      	movs	r3, #0
10005986:	4252      	negs	r2, r2
10005988:	6082      	str	r2, [r0, #8]
1000598a:	6003      	str	r3, [r0, #0]
1000598c:	4770      	bx	lr
1000598e:	46c0      	nop			@ (mov r8, r8)

10005990 <vListInitialiseItem>:
10005990:	2300      	movs	r3, #0
10005992:	6103      	str	r3, [r0, #16]
10005994:	4770      	bx	lr
10005996:	46c0      	nop			@ (mov r8, r8)

10005998 <vListInsert>:
10005998:	0003      	movs	r3, r0
1000599a:	b530      	push	{r4, r5, lr}
1000599c:	680d      	ldr	r5, [r1, #0]
1000599e:	3308      	adds	r3, #8
100059a0:	1c6a      	adds	r2, r5, #1
100059a2:	d00d      	beq.n	100059c0 <vListInsert+0x28>
100059a4:	001c      	movs	r4, r3
100059a6:	685b      	ldr	r3, [r3, #4]
100059a8:	681a      	ldr	r2, [r3, #0]
100059aa:	42aa      	cmp	r2, r5
100059ac:	d9fa      	bls.n	100059a4 <vListInsert+0xc>
100059ae:	604b      	str	r3, [r1, #4]
100059b0:	6099      	str	r1, [r3, #8]
100059b2:	6803      	ldr	r3, [r0, #0]
100059b4:	608c      	str	r4, [r1, #8]
100059b6:	3301      	adds	r3, #1
100059b8:	6061      	str	r1, [r4, #4]
100059ba:	6108      	str	r0, [r1, #16]
100059bc:	6003      	str	r3, [r0, #0]
100059be:	bd30      	pop	{r4, r5, pc}
100059c0:	6904      	ldr	r4, [r0, #16]
100059c2:	6863      	ldr	r3, [r4, #4]
100059c4:	e7f3      	b.n	100059ae <vListInsert+0x16>
100059c6:	46c0      	nop			@ (mov r8, r8)

100059c8 <uxListRemove>:
100059c8:	6903      	ldr	r3, [r0, #16]
100059ca:	6841      	ldr	r1, [r0, #4]
100059cc:	6882      	ldr	r2, [r0, #8]
100059ce:	608a      	str	r2, [r1, #8]
100059d0:	6051      	str	r1, [r2, #4]
100059d2:	6859      	ldr	r1, [r3, #4]
100059d4:	4281      	cmp	r1, r0
100059d6:	d005      	beq.n	100059e4 <uxListRemove+0x1c>
100059d8:	2200      	movs	r2, #0
100059da:	6102      	str	r2, [r0, #16]
100059dc:	6818      	ldr	r0, [r3, #0]
100059de:	3801      	subs	r0, #1
100059e0:	6018      	str	r0, [r3, #0]
100059e2:	4770      	bx	lr
100059e4:	605a      	str	r2, [r3, #4]
100059e6:	e7f7      	b.n	100059d8 <uxListRemove+0x10>

100059e8 <prvUnlockQueue>:
100059e8:	b5f0      	push	{r4, r5, r6, r7, lr}
100059ea:	46de      	mov	lr, fp
100059ec:	464e      	mov	r6, r9
100059ee:	4657      	mov	r7, sl
100059f0:	4645      	mov	r5, r8
100059f2:	b5e0      	push	{r5, r6, r7, lr}
100059f4:	b085      	sub	sp, #20
100059f6:	0006      	movs	r6, r0
100059f8:	f7ff fcda 	bl	100053b0 <vPortEnterCritical>
100059fc:	2345      	movs	r3, #69	@ 0x45
100059fe:	5cf4      	ldrb	r4, [r6, r3]
10005a00:	b264      	sxtb	r4, r4
10005a02:	2c00      	cmp	r4, #0
10005a04:	dd21      	ble.n	10005a4a <prvUnlockQueue+0x62>
10005a06:	3b21      	subs	r3, #33	@ 0x21
10005a08:	4699      	mov	r9, r3
10005a0a:	3321      	adds	r3, #33	@ 0x21
10005a0c:	469a      	mov	sl, r3
10005a0e:	44b1      	add	r9, r6
10005a10:	e009      	b.n	10005a26 <prvUnlockQueue+0x3e>
10005a12:	6baa      	ldr	r2, [r5, #56]	@ 0x38
10005a14:	6beb      	ldr	r3, [r5, #60]	@ 0x3c
10005a16:	9603      	str	r6, [sp, #12]
10005a18:	429a      	cmp	r2, r3
10005a1a:	d345      	bcc.n	10005aa8 <prvUnlockQueue+0xc0>
10005a1c:	3c01      	subs	r4, #1
10005a1e:	b2e3      	uxtb	r3, r4
10005a20:	b264      	sxtb	r4, r4
10005a22:	2b00      	cmp	r3, #0
10005a24:	d011      	beq.n	10005a4a <prvUnlockQueue+0x62>
10005a26:	6cb5      	ldr	r5, [r6, #72]	@ 0x48
10005a28:	2d00      	cmp	r5, #0
10005a2a:	d1f2      	bne.n	10005a12 <prvUnlockQueue+0x2a>
10005a2c:	6a73      	ldr	r3, [r6, #36]	@ 0x24
10005a2e:	2b00      	cmp	r3, #0
10005a30:	d00b      	beq.n	10005a4a <prvUnlockQueue+0x62>
10005a32:	4648      	mov	r0, r9
10005a34:	f001 f9d6 	bl	10006de4 <xTaskRemoveFromEventList>
10005a38:	2800      	cmp	r0, #0
10005a3a:	d0ef      	beq.n	10005a1c <prvUnlockQueue+0x34>
10005a3c:	f001 fac8 	bl	10006fd0 <vTaskMissedYield>
10005a40:	3c01      	subs	r4, #1
10005a42:	b2e3      	uxtb	r3, r4
10005a44:	b264      	sxtb	r4, r4
10005a46:	2b00      	cmp	r3, #0
10005a48:	d1ed      	bne.n	10005a26 <prvUnlockQueue+0x3e>
10005a4a:	2345      	movs	r3, #69	@ 0x45
10005a4c:	22ff      	movs	r2, #255	@ 0xff
10005a4e:	54f2      	strb	r2, [r6, r3]
10005a50:	f7ff fcba 	bl	100053c8 <vPortExitCritical>
10005a54:	f7ff fcac 	bl	100053b0 <vPortEnterCritical>
10005a58:	2344      	movs	r3, #68	@ 0x44
10005a5a:	0035      	movs	r5, r6
10005a5c:	5cf4      	ldrb	r4, [r6, r3]
10005a5e:	3510      	adds	r5, #16
10005a60:	b264      	sxtb	r4, r4
10005a62:	2c00      	cmp	r4, #0
10005a64:	dc05      	bgt.n	10005a72 <prvUnlockQueue+0x8a>
10005a66:	e013      	b.n	10005a90 <prvUnlockQueue+0xa8>
10005a68:	3c01      	subs	r4, #1
10005a6a:	b2e2      	uxtb	r2, r4
10005a6c:	b264      	sxtb	r4, r4
10005a6e:	2a00      	cmp	r2, #0
10005a70:	d00e      	beq.n	10005a90 <prvUnlockQueue+0xa8>
10005a72:	6933      	ldr	r3, [r6, #16]
10005a74:	2b00      	cmp	r3, #0
10005a76:	d00b      	beq.n	10005a90 <prvUnlockQueue+0xa8>
10005a78:	0028      	movs	r0, r5
10005a7a:	f001 f9b3 	bl	10006de4 <xTaskRemoveFromEventList>
10005a7e:	2800      	cmp	r0, #0
10005a80:	d0f2      	beq.n	10005a68 <prvUnlockQueue+0x80>
10005a82:	3c01      	subs	r4, #1
10005a84:	f001 faa4 	bl	10006fd0 <vTaskMissedYield>
10005a88:	b2e2      	uxtb	r2, r4
10005a8a:	b264      	sxtb	r4, r4
10005a8c:	2a00      	cmp	r2, #0
10005a8e:	d1f0      	bne.n	10005a72 <prvUnlockQueue+0x8a>
10005a90:	2344      	movs	r3, #68	@ 0x44
10005a92:	22ff      	movs	r2, #255	@ 0xff
10005a94:	54f2      	strb	r2, [r6, r3]
10005a96:	f7ff fc97 	bl	100053c8 <vPortExitCritical>
10005a9a:	b005      	add	sp, #20
10005a9c:	bcf0      	pop	{r4, r5, r6, r7}
10005a9e:	46bb      	mov	fp, r7
10005aa0:	46b2      	mov	sl, r6
10005aa2:	46a9      	mov	r9, r5
10005aa4:	46a0      	mov	r8, r4
10005aa6:	bdf0      	pop	{r4, r5, r6, r7, pc}
10005aa8:	4653      	mov	r3, sl
10005aaa:	6c2a      	ldr	r2, [r5, #64]	@ 0x40
10005aac:	5cef      	ldrb	r7, [r5, r3]
10005aae:	6bab      	ldr	r3, [r5, #56]	@ 0x38
10005ab0:	b27f      	sxtb	r7, r7
10005ab2:	4698      	mov	r8, r3
10005ab4:	2a00      	cmp	r2, #0
10005ab6:	d116      	bne.n	10005ae6 <prvUnlockQueue+0xfe>
10005ab8:	2301      	movs	r3, #1
10005aba:	469c      	mov	ip, r3
10005abc:	682b      	ldr	r3, [r5, #0]
10005abe:	44e0      	add	r8, ip
10005ac0:	469b      	mov	fp, r3
10005ac2:	2b00      	cmp	r3, #0
10005ac4:	d02b      	beq.n	10005b1e <prvUnlockQueue+0x136>
10005ac6:	4643      	mov	r3, r8
10005ac8:	63ab      	str	r3, [r5, #56]	@ 0x38
10005aca:	1c7b      	adds	r3, r7, #1
10005acc:	d11d      	bne.n	10005b0a <prvUnlockQueue+0x122>
10005ace:	6a6b      	ldr	r3, [r5, #36]	@ 0x24
10005ad0:	2b00      	cmp	r3, #0
10005ad2:	d0a3      	beq.n	10005a1c <prvUnlockQueue+0x34>
10005ad4:	0028      	movs	r0, r5
10005ad6:	3024      	adds	r0, #36	@ 0x24
10005ad8:	f001 f984 	bl	10006de4 <xTaskRemoveFromEventList>
10005adc:	2800      	cmp	r0, #0
10005ade:	d09d      	beq.n	10005a1c <prvUnlockQueue+0x34>
10005ae0:	f001 fa76 	bl	10006fd0 <vTaskMissedYield>
10005ae4:	e7ac      	b.n	10005a40 <prvUnlockQueue+0x58>
10005ae6:	a903      	add	r1, sp, #12
10005ae8:	6868      	ldr	r0, [r5, #4]
10005aea:	f7fc fd21 	bl	10002530 <__wrap___aeabi_memcpy>
10005aee:	4641      	mov	r1, r8
10005af0:	686b      	ldr	r3, [r5, #4]
10005af2:	6c2a      	ldr	r2, [r5, #64]	@ 0x40
10005af4:	3101      	adds	r1, #1
10005af6:	189b      	adds	r3, r3, r2
10005af8:	68aa      	ldr	r2, [r5, #8]
10005afa:	606b      	str	r3, [r5, #4]
10005afc:	4293      	cmp	r3, r2
10005afe:	d301      	bcc.n	10005b04 <prvUnlockQueue+0x11c>
10005b00:	682b      	ldr	r3, [r5, #0]
10005b02:	606b      	str	r3, [r5, #4]
10005b04:	63a9      	str	r1, [r5, #56]	@ 0x38
10005b06:	1c7b      	adds	r3, r7, #1
10005b08:	d0e1      	beq.n	10005ace <prvUnlockQueue+0xe6>
10005b0a:	f000 ffe9 	bl	10006ae0 <uxTaskGetNumberOfTasks>
10005b0e:	42b8      	cmp	r0, r7
10005b10:	d800      	bhi.n	10005b14 <prvUnlockQueue+0x12c>
10005b12:	e783      	b.n	10005a1c <prvUnlockQueue+0x34>
10005b14:	2345      	movs	r3, #69	@ 0x45
10005b16:	3701      	adds	r7, #1
10005b18:	b27f      	sxtb	r7, r7
10005b1a:	54ef      	strb	r7, [r5, r3]
10005b1c:	e77e      	b.n	10005a1c <prvUnlockQueue+0x34>
10005b1e:	68a8      	ldr	r0, [r5, #8]
10005b20:	f001 faac 	bl	1000707c <xTaskPriorityDisinherit>
10005b24:	465b      	mov	r3, fp
10005b26:	60ab      	str	r3, [r5, #8]
10005b28:	4643      	mov	r3, r8
10005b2a:	9001      	str	r0, [sp, #4]
10005b2c:	63ab      	str	r3, [r5, #56]	@ 0x38
10005b2e:	1c7b      	adds	r3, r7, #1
10005b30:	d109      	bne.n	10005b46 <prvUnlockQueue+0x15e>
10005b32:	6a6b      	ldr	r3, [r5, #36]	@ 0x24
10005b34:	2b00      	cmp	r3, #0
10005b36:	d10f      	bne.n	10005b58 <prvUnlockQueue+0x170>
10005b38:	9b01      	ldr	r3, [sp, #4]
10005b3a:	2b00      	cmp	r3, #0
10005b3c:	d100      	bne.n	10005b40 <prvUnlockQueue+0x158>
10005b3e:	e76d      	b.n	10005a1c <prvUnlockQueue+0x34>
10005b40:	f001 fa46 	bl	10006fd0 <vTaskMissedYield>
10005b44:	e77c      	b.n	10005a40 <prvUnlockQueue+0x58>
10005b46:	f000 ffcb 	bl	10006ae0 <uxTaskGetNumberOfTasks>
10005b4a:	42b8      	cmp	r0, r7
10005b4c:	d9f4      	bls.n	10005b38 <prvUnlockQueue+0x150>
10005b4e:	4653      	mov	r3, sl
10005b50:	3701      	adds	r7, #1
10005b52:	b27f      	sxtb	r7, r7
10005b54:	54ef      	strb	r7, [r5, r3]
10005b56:	e7ef      	b.n	10005b38 <prvUnlockQueue+0x150>
10005b58:	0028      	movs	r0, r5
10005b5a:	3024      	adds	r0, #36	@ 0x24
10005b5c:	f001 f942 	bl	10006de4 <xTaskRemoveFromEventList>
10005b60:	2800      	cmp	r0, #0
10005b62:	d0e9      	beq.n	10005b38 <prvUnlockQueue+0x150>
10005b64:	e76a      	b.n	10005a3c <prvUnlockQueue+0x54>
10005b66:	46c0      	nop			@ (mov r8, r8)

10005b68 <prvNotifyQueueSetContainer>:
10005b68:	b5f0      	push	{r4, r5, r6, r7, lr}
10005b6a:	46c6      	mov	lr, r8
10005b6c:	b500      	push	{lr}
10005b6e:	6c84      	ldr	r4, [r0, #72]	@ 0x48
10005b70:	b082      	sub	sp, #8
10005b72:	6ba2      	ldr	r2, [r4, #56]	@ 0x38
10005b74:	6be3      	ldr	r3, [r4, #60]	@ 0x3c
10005b76:	2500      	movs	r5, #0
10005b78:	9001      	str	r0, [sp, #4]
10005b7a:	429a      	cmp	r2, r3
10005b7c:	d304      	bcc.n	10005b88 <prvNotifyQueueSetContainer+0x20>
10005b7e:	0028      	movs	r0, r5
10005b80:	b002      	add	sp, #8
10005b82:	bc80      	pop	{r7}
10005b84:	46b8      	mov	r8, r7
10005b86:	bdf0      	pop	{r4, r5, r6, r7, pc}
10005b88:	2345      	movs	r3, #69	@ 0x45
10005b8a:	6c22      	ldr	r2, [r4, #64]	@ 0x40
10005b8c:	5ce6      	ldrb	r6, [r4, r3]
10005b8e:	6ba7      	ldr	r7, [r4, #56]	@ 0x38
10005b90:	b276      	sxtb	r6, r6
10005b92:	2a00      	cmp	r2, #0
10005b94:	d01c      	beq.n	10005bd0 <prvNotifyQueueSetContainer+0x68>
10005b96:	6860      	ldr	r0, [r4, #4]
10005b98:	a901      	add	r1, sp, #4
10005b9a:	f7fc fcc9 	bl	10002530 <__wrap___aeabi_memcpy>
10005b9e:	6863      	ldr	r3, [r4, #4]
10005ba0:	6c22      	ldr	r2, [r4, #64]	@ 0x40
10005ba2:	189b      	adds	r3, r3, r2
10005ba4:	68a2      	ldr	r2, [r4, #8]
10005ba6:	6063      	str	r3, [r4, #4]
10005ba8:	4293      	cmp	r3, r2
10005baa:	d301      	bcc.n	10005bb0 <prvNotifyQueueSetContainer+0x48>
10005bac:	6823      	ldr	r3, [r4, #0]
10005bae:	6063      	str	r3, [r4, #4]
10005bb0:	2500      	movs	r5, #0
10005bb2:	3701      	adds	r7, #1
10005bb4:	63a7      	str	r7, [r4, #56]	@ 0x38
10005bb6:	1c73      	adds	r3, r6, #1
10005bb8:	d115      	bne.n	10005be6 <prvNotifyQueueSetContainer+0x7e>
10005bba:	6a63      	ldr	r3, [r4, #36]	@ 0x24
10005bbc:	2b00      	cmp	r3, #0
10005bbe:	d0de      	beq.n	10005b7e <prvNotifyQueueSetContainer+0x16>
10005bc0:	0020      	movs	r0, r4
10005bc2:	3024      	adds	r0, #36	@ 0x24
10005bc4:	f001 f90e 	bl	10006de4 <xTaskRemoveFromEventList>
10005bc8:	2800      	cmp	r0, #0
10005bca:	d0d8      	beq.n	10005b7e <prvNotifyQueueSetContainer+0x16>
10005bcc:	2501      	movs	r5, #1
10005bce:	e7d6      	b.n	10005b7e <prvNotifyQueueSetContainer+0x16>
10005bd0:	6823      	ldr	r3, [r4, #0]
10005bd2:	4698      	mov	r8, r3
10005bd4:	2b00      	cmp	r3, #0
10005bd6:	d1eb      	bne.n	10005bb0 <prvNotifyQueueSetContainer+0x48>
10005bd8:	68a0      	ldr	r0, [r4, #8]
10005bda:	f001 fa4f 	bl	1000707c <xTaskPriorityDisinherit>
10005bde:	4643      	mov	r3, r8
10005be0:	0005      	movs	r5, r0
10005be2:	60a3      	str	r3, [r4, #8]
10005be4:	e7e5      	b.n	10005bb2 <prvNotifyQueueSetContainer+0x4a>
10005be6:	f000 ff7b 	bl	10006ae0 <uxTaskGetNumberOfTasks>
10005bea:	4286      	cmp	r6, r0
10005bec:	d2c7      	bcs.n	10005b7e <prvNotifyQueueSetContainer+0x16>
10005bee:	2345      	movs	r3, #69	@ 0x45
10005bf0:	3601      	adds	r6, #1
10005bf2:	b276      	sxtb	r6, r6
10005bf4:	54e6      	strb	r6, [r4, r3]
10005bf6:	e7c2      	b.n	10005b7e <prvNotifyQueueSetContainer+0x16>

10005bf8 <xQueueGenericCreate>:
10005bf8:	b5f8      	push	{r3, r4, r5, r6, r7, lr}
10005bfa:	0005      	movs	r5, r0
10005bfc:	000e      	movs	r6, r1
10005bfe:	0017      	movs	r7, r2
10005c00:	2800      	cmp	r0, #0
10005c02:	d041      	beq.n	10005c88 <xQueueGenericCreate+0x90>
10005c04:	0c03      	lsrs	r3, r0, #16
10005c06:	0c0a      	lsrs	r2, r1, #16
10005c08:	2b00      	cmp	r3, #0
10005c0a:	d142      	bne.n	10005c92 <xQueueGenericCreate+0x9a>
10005c0c:	2a00      	cmp	r2, #0
10005c0e:	d130      	bne.n	10005c72 <xQueueGenericCreate+0x7a>
10005c10:	0030      	movs	r0, r6
10005c12:	4368      	muls	r0, r5
10005c14:	0003      	movs	r3, r0
10005c16:	3355      	adds	r3, #85	@ 0x55
10005c18:	d836      	bhi.n	10005c88 <xQueueGenericCreate+0x90>
10005c1a:	3054      	adds	r0, #84	@ 0x54
10005c1c:	f7ff fa38 	bl	10005090 <pvPortMalloc>
10005c20:	1e04      	subs	r4, r0, #0
10005c22:	d031      	beq.n	10005c88 <xQueueGenericCreate+0x90>
10005c24:	0003      	movs	r3, r0
10005c26:	2e00      	cmp	r6, #0
10005c28:	d131      	bne.n	10005c8e <xQueueGenericCreate+0x96>
10005c2a:	6023      	str	r3, [r4, #0]
10005c2c:	63e5      	str	r5, [r4, #60]	@ 0x3c
10005c2e:	6426      	str	r6, [r4, #64]	@ 0x40
10005c30:	f7ff fbbe 	bl	100053b0 <vPortEnterCritical>
10005c34:	6c21      	ldr	r1, [r4, #64]	@ 0x40
10005c36:	6be3      	ldr	r3, [r4, #60]	@ 0x3c
10005c38:	6822      	ldr	r2, [r4, #0]
10005c3a:	434b      	muls	r3, r1
10005c3c:	18d0      	adds	r0, r2, r3
10005c3e:	1a5b      	subs	r3, r3, r1
10005c40:	6062      	str	r2, [r4, #4]
10005c42:	18d2      	adds	r2, r2, r3
10005c44:	60e2      	str	r2, [r4, #12]
10005c46:	23ff      	movs	r3, #255	@ 0xff
10005c48:	2500      	movs	r5, #0
10005c4a:	2244      	movs	r2, #68	@ 0x44
10005c4c:	60a0      	str	r0, [r4, #8]
10005c4e:	0020      	movs	r0, r4
10005c50:	63a5      	str	r5, [r4, #56]	@ 0x38
10005c52:	54a3      	strb	r3, [r4, r2]
10005c54:	3201      	adds	r2, #1
10005c56:	54a3      	strb	r3, [r4, r2]
10005c58:	3010      	adds	r0, #16
10005c5a:	f7ff fe8d 	bl	10005978 <vListInitialise>
10005c5e:	0020      	movs	r0, r4
10005c60:	3024      	adds	r0, #36	@ 0x24
10005c62:	f7ff fe89 	bl	10005978 <vListInitialise>
10005c66:	f7ff fbaf 	bl	100053c8 <vPortExitCritical>
10005c6a:	2350      	movs	r3, #80	@ 0x50
10005c6c:	54e7      	strb	r7, [r4, r3]
10005c6e:	64a5      	str	r5, [r4, #72]	@ 0x48
10005c70:	e00b      	b.n	10005c8a <xQueueGenericCreate+0x92>
10005c72:	1c13      	adds	r3, r2, #0
10005c74:	b2a9      	uxth	r1, r5
10005c76:	b2b2      	uxth	r2, r6
10005c78:	434a      	muls	r2, r1
10005c7a:	b280      	uxth	r0, r0
10005c7c:	b29b      	uxth	r3, r3
10005c7e:	4343      	muls	r3, r0
10005c80:	0c12      	lsrs	r2, r2, #16
10005c82:	189b      	adds	r3, r3, r2
10005c84:	0c1b      	lsrs	r3, r3, #16
10005c86:	d0c3      	beq.n	10005c10 <xQueueGenericCreate+0x18>
10005c88:	2400      	movs	r4, #0
10005c8a:	0020      	movs	r0, r4
10005c8c:	bdf8      	pop	{r3, r4, r5, r6, r7, pc}
10005c8e:	3354      	adds	r3, #84	@ 0x54
10005c90:	e7cb      	b.n	10005c2a <xQueueGenericCreate+0x32>
10005c92:	2a00      	cmp	r2, #0
10005c94:	d1f8      	bne.n	10005c88 <xQueueGenericCreate+0x90>
10005c96:	1c30      	adds	r0, r6, #0
10005c98:	e7ec      	b.n	10005c74 <xQueueGenericCreate+0x7c>
10005c9a:	46c0      	nop			@ (mov r8, r8)

10005c9c <xQueueGenericSend>:
10005c9c:	b5f0      	push	{r4, r5, r6, r7, lr}
10005c9e:	46ce      	mov	lr, r9
10005ca0:	4647      	mov	r7, r8
10005ca2:	b580      	push	{r7, lr}
10005ca4:	b085      	sub	sp, #20
10005ca6:	0004      	movs	r4, r0
10005ca8:	4688      	mov	r8, r1
10005caa:	4699      	mov	r9, r3
10005cac:	9201      	str	r2, [sp, #4]
10005cae:	2b02      	cmp	r3, #2
10005cb0:	d100      	bne.n	10005cb4 <xQueueGenericSend+0x18>
10005cb2:	e09d      	b.n	10005df0 <xQueueGenericSend+0x154>
10005cb4:	f7ff fb7c 	bl	100053b0 <vPortEnterCritical>
10005cb8:	6ba3      	ldr	r3, [r4, #56]	@ 0x38
10005cba:	6be2      	ldr	r2, [r4, #60]	@ 0x3c
10005cbc:	2700      	movs	r7, #0
10005cbe:	2544      	movs	r5, #68	@ 0x44
10005cc0:	2600      	movs	r6, #0
10005cc2:	429a      	cmp	r2, r3
10005cc4:	d832      	bhi.n	10005d2c <xQueueGenericSend+0x90>
10005cc6:	9b01      	ldr	r3, [sp, #4]
10005cc8:	2b00      	cmp	r3, #0
10005cca:	d064      	beq.n	10005d96 <xQueueGenericSend+0xfa>
10005ccc:	2f00      	cmp	r7, #0
10005cce:	d05e      	beq.n	10005d8e <xQueueGenericSend+0xf2>
10005cd0:	f7ff fb7a 	bl	100053c8 <vPortExitCritical>
10005cd4:	f000 fdf0 	bl	100068b8 <vTaskSuspendAll>
10005cd8:	f7ff fb6a 	bl	100053b0 <vPortEnterCritical>
10005cdc:	5d63      	ldrb	r3, [r4, r5]
10005cde:	b25b      	sxtb	r3, r3
10005ce0:	3301      	adds	r3, #1
10005ce2:	d100      	bne.n	10005ce6 <xQueueGenericSend+0x4a>
10005ce4:	5566      	strb	r6, [r4, r5]
10005ce6:	2345      	movs	r3, #69	@ 0x45
10005ce8:	5ce2      	ldrb	r2, [r4, r3]
10005cea:	b252      	sxtb	r2, r2
10005cec:	3201      	adds	r2, #1
10005cee:	d100      	bne.n	10005cf2 <xQueueGenericSend+0x56>
10005cf0:	54e6      	strb	r6, [r4, r3]
10005cf2:	f7ff fb69 	bl	100053c8 <vPortExitCritical>
10005cf6:	a901      	add	r1, sp, #4
10005cf8:	a802      	add	r0, sp, #8
10005cfa:	f001 f92f 	bl	10006f5c <xTaskCheckForTimeOut>
10005cfe:	2800      	cmp	r0, #0
10005d00:	d000      	beq.n	10005d04 <xQueueGenericSend+0x68>
10005d02:	e06f      	b.n	10005de4 <xQueueGenericSend+0x148>
10005d04:	f7ff fb54 	bl	100053b0 <vPortEnterCritical>
10005d08:	6ba2      	ldr	r2, [r4, #56]	@ 0x38
10005d0a:	6be3      	ldr	r3, [r4, #60]	@ 0x3c
10005d0c:	429a      	cmp	r2, r3
10005d0e:	d02c      	beq.n	10005d6a <xQueueGenericSend+0xce>
10005d10:	f7ff fb5a 	bl	100053c8 <vPortExitCritical>
10005d14:	0020      	movs	r0, r4
10005d16:	f7ff fe67 	bl	100059e8 <prvUnlockQueue>
10005d1a:	f000 fdd5 	bl	100068c8 <xTaskResumeAll>
10005d1e:	2701      	movs	r7, #1
10005d20:	f7ff fb46 	bl	100053b0 <vPortEnterCritical>
10005d24:	6ba3      	ldr	r3, [r4, #56]	@ 0x38
10005d26:	6be2      	ldr	r2, [r4, #60]	@ 0x3c
10005d28:	429a      	cmp	r2, r3
10005d2a:	d9cc      	bls.n	10005cc6 <xQueueGenericSend+0x2a>
10005d2c:	6c22      	ldr	r2, [r4, #64]	@ 0x40
10005d2e:	6ba6      	ldr	r6, [r4, #56]	@ 0x38
10005d30:	6ba5      	ldr	r5, [r4, #56]	@ 0x38
10005d32:	2a00      	cmp	r2, #0
10005d34:	d137      	bne.n	10005da6 <xQueueGenericSend+0x10a>
10005d36:	6823      	ldr	r3, [r4, #0]
10005d38:	2000      	movs	r0, #0
10005d3a:	4698      	mov	r8, r3
10005d3c:	2b00      	cmp	r3, #0
10005d3e:	d100      	bne.n	10005d42 <xQueueGenericSend+0xa6>
10005d40:	e084      	b.n	10005e4c <xQueueGenericSend+0x1b0>
10005d42:	6ca3      	ldr	r3, [r4, #72]	@ 0x48
10005d44:	3501      	adds	r5, #1
10005d46:	63a5      	str	r5, [r4, #56]	@ 0x38
10005d48:	2b00      	cmp	r3, #0
10005d4a:	d100      	bne.n	10005d4e <xQueueGenericSend+0xb2>
10005d4c:	e070      	b.n	10005e30 <xQueueGenericSend+0x194>
10005d4e:	464b      	mov	r3, r9
10005d50:	2b02      	cmp	r3, #2
10005d52:	d101      	bne.n	10005d58 <xQueueGenericSend+0xbc>
10005d54:	2e00      	cmp	r6, #0
10005d56:	d104      	bne.n	10005d62 <xQueueGenericSend+0xc6>
10005d58:	0020      	movs	r0, r4
10005d5a:	f7ff ff05 	bl	10005b68 <prvNotifyQueueSetContainer>
10005d5e:	2800      	cmp	r0, #0
10005d60:	d13d      	bne.n	10005dde <xQueueGenericSend+0x142>
10005d62:	f7ff fb31 	bl	100053c8 <vPortExitCritical>
10005d66:	2001      	movs	r0, #1
10005d68:	e018      	b.n	10005d9c <xQueueGenericSend+0x100>
10005d6a:	f7ff fb2d 	bl	100053c8 <vPortExitCritical>
10005d6e:	0020      	movs	r0, r4
10005d70:	9901      	ldr	r1, [sp, #4]
10005d72:	3010      	adds	r0, #16
10005d74:	f000 ff0a 	bl	10006b8c <vTaskPlaceOnEventList>
10005d78:	0020      	movs	r0, r4
10005d7a:	f7ff fe35 	bl	100059e8 <prvUnlockQueue>
10005d7e:	f000 fda3 	bl	100068c8 <xTaskResumeAll>
10005d82:	2800      	cmp	r0, #0
10005d84:	d1cb      	bne.n	10005d1e <xQueueGenericSend+0x82>
10005d86:	f7ff fb07 	bl	10005398 <vPortYield>
10005d8a:	2701      	movs	r7, #1
10005d8c:	e7c8      	b.n	10005d20 <xQueueGenericSend+0x84>
10005d8e:	a802      	add	r0, sp, #8
10005d90:	f001 f8d8 	bl	10006f44 <vTaskInternalSetTimeOutState>
10005d94:	e79c      	b.n	10005cd0 <xQueueGenericSend+0x34>
10005d96:	f7ff fb17 	bl	100053c8 <vPortExitCritical>
10005d9a:	2000      	movs	r0, #0
10005d9c:	b005      	add	sp, #20
10005d9e:	bcc0      	pop	{r6, r7}
10005da0:	46b9      	mov	r9, r7
10005da2:	46b0      	mov	r8, r6
10005da4:	bdf0      	pop	{r4, r5, r6, r7, pc}
10005da6:	464b      	mov	r3, r9
10005da8:	2b00      	cmp	r3, #0
10005daa:	d129      	bne.n	10005e00 <xQueueGenericSend+0x164>
10005dac:	4641      	mov	r1, r8
10005dae:	6860      	ldr	r0, [r4, #4]
10005db0:	f7fc fbbe 	bl	10002530 <__wrap___aeabi_memcpy>
10005db4:	6863      	ldr	r3, [r4, #4]
10005db6:	6c22      	ldr	r2, [r4, #64]	@ 0x40
10005db8:	3501      	adds	r5, #1
10005dba:	189b      	adds	r3, r3, r2
10005dbc:	68a2      	ldr	r2, [r4, #8]
10005dbe:	6063      	str	r3, [r4, #4]
10005dc0:	4293      	cmp	r3, r2
10005dc2:	d23b      	bcs.n	10005e3c <xQueueGenericSend+0x1a0>
10005dc4:	6ca3      	ldr	r3, [r4, #72]	@ 0x48
10005dc6:	63a5      	str	r5, [r4, #56]	@ 0x38
10005dc8:	2b00      	cmp	r3, #0
10005dca:	d1c5      	bne.n	10005d58 <xQueueGenericSend+0xbc>
10005dcc:	6a63      	ldr	r3, [r4, #36]	@ 0x24
10005dce:	2b00      	cmp	r3, #0
10005dd0:	d0c7      	beq.n	10005d62 <xQueueGenericSend+0xc6>
10005dd2:	0020      	movs	r0, r4
10005dd4:	3024      	adds	r0, #36	@ 0x24
10005dd6:	f001 f805 	bl	10006de4 <xTaskRemoveFromEventList>
10005dda:	2800      	cmp	r0, #0
10005ddc:	d0c1      	beq.n	10005d62 <xQueueGenericSend+0xc6>
10005dde:	f7ff fadb 	bl	10005398 <vPortYield>
10005de2:	e7be      	b.n	10005d62 <xQueueGenericSend+0xc6>
10005de4:	0020      	movs	r0, r4
10005de6:	f7ff fdff 	bl	100059e8 <prvUnlockQueue>
10005dea:	f000 fd6d 	bl	100068c8 <xTaskResumeAll>
10005dee:	e7d4      	b.n	10005d9a <xQueueGenericSend+0xfe>
10005df0:	f7ff fade 	bl	100053b0 <vPortEnterCritical>
10005df4:	6c22      	ldr	r2, [r4, #64]	@ 0x40
10005df6:	6ba3      	ldr	r3, [r4, #56]	@ 0x38
10005df8:	6ba6      	ldr	r6, [r4, #56]	@ 0x38
10005dfa:	6ba5      	ldr	r5, [r4, #56]	@ 0x38
10005dfc:	2a00      	cmp	r2, #0
10005dfe:	d09a      	beq.n	10005d36 <xQueueGenericSend+0x9a>
10005e00:	4641      	mov	r1, r8
10005e02:	68e0      	ldr	r0, [r4, #12]
10005e04:	f7fc fb94 	bl	10002530 <__wrap___aeabi_memcpy>
10005e08:	6c22      	ldr	r2, [r4, #64]	@ 0x40
10005e0a:	68e3      	ldr	r3, [r4, #12]
10005e0c:	4251      	negs	r1, r2
10005e0e:	1a9b      	subs	r3, r3, r2
10005e10:	6822      	ldr	r2, [r4, #0]
10005e12:	60e3      	str	r3, [r4, #12]
10005e14:	4293      	cmp	r3, r2
10005e16:	d202      	bcs.n	10005e1e <xQueueGenericSend+0x182>
10005e18:	68a3      	ldr	r3, [r4, #8]
10005e1a:	185b      	adds	r3, r3, r1
10005e1c:	60e3      	str	r3, [r4, #12]
10005e1e:	464a      	mov	r2, r9
10005e20:	6ca3      	ldr	r3, [r4, #72]	@ 0x48
10005e22:	2a02      	cmp	r2, #2
10005e24:	d018      	beq.n	10005e58 <xQueueGenericSend+0x1bc>
10005e26:	3501      	adds	r5, #1
10005e28:	63a5      	str	r5, [r4, #56]	@ 0x38
10005e2a:	2b00      	cmp	r3, #0
10005e2c:	d194      	bne.n	10005d58 <xQueueGenericSend+0xbc>
10005e2e:	e7cd      	b.n	10005dcc <xQueueGenericSend+0x130>
10005e30:	6a63      	ldr	r3, [r4, #36]	@ 0x24
10005e32:	2b00      	cmp	r3, #0
10005e34:	d1cd      	bne.n	10005dd2 <xQueueGenericSend+0x136>
10005e36:	2800      	cmp	r0, #0
10005e38:	d1d1      	bne.n	10005dde <xQueueGenericSend+0x142>
10005e3a:	e792      	b.n	10005d62 <xQueueGenericSend+0xc6>
10005e3c:	6823      	ldr	r3, [r4, #0]
10005e3e:	63a5      	str	r5, [r4, #56]	@ 0x38
10005e40:	6063      	str	r3, [r4, #4]
10005e42:	6ca3      	ldr	r3, [r4, #72]	@ 0x48
10005e44:	2b00      	cmp	r3, #0
10005e46:	d000      	beq.n	10005e4a <xQueueGenericSend+0x1ae>
10005e48:	e786      	b.n	10005d58 <xQueueGenericSend+0xbc>
10005e4a:	e7bf      	b.n	10005dcc <xQueueGenericSend+0x130>
10005e4c:	68a0      	ldr	r0, [r4, #8]
10005e4e:	f001 f915 	bl	1000707c <xTaskPriorityDisinherit>
10005e52:	4643      	mov	r3, r8
10005e54:	60a3      	str	r3, [r4, #8]
10005e56:	e774      	b.n	10005d42 <xQueueGenericSend+0xa6>
10005e58:	2d00      	cmp	r5, #0
10005e5a:	d004      	beq.n	10005e66 <xQueueGenericSend+0x1ca>
10005e5c:	63a5      	str	r5, [r4, #56]	@ 0x38
10005e5e:	2b00      	cmp	r3, #0
10005e60:	d000      	beq.n	10005e64 <xQueueGenericSend+0x1c8>
10005e62:	e777      	b.n	10005d54 <xQueueGenericSend+0xb8>
10005e64:	e7b2      	b.n	10005dcc <xQueueGenericSend+0x130>
10005e66:	2201      	movs	r2, #1
10005e68:	63a2      	str	r2, [r4, #56]	@ 0x38
10005e6a:	2b00      	cmp	r3, #0
10005e6c:	d000      	beq.n	10005e70 <xQueueGenericSend+0x1d4>
10005e6e:	e771      	b.n	10005d54 <xQueueGenericSend+0xb8>
10005e70:	e7ac      	b.n	10005dcc <xQueueGenericSend+0x130>
10005e72:	46c0      	nop			@ (mov r8, r8)

10005e74 <xQueueCreateMutex>:
10005e74:	b570      	push	{r4, r5, r6, lr}
10005e76:	0006      	movs	r6, r0
10005e78:	2054      	movs	r0, #84	@ 0x54
10005e7a:	f7ff f909 	bl	10005090 <pvPortMalloc>
10005e7e:	1e04      	subs	r4, r0, #0
10005e80:	d02c      	beq.n	10005edc <xQueueCreateMutex+0x68>
10005e82:	2500      	movs	r5, #0
10005e84:	2301      	movs	r3, #1
10005e86:	6000      	str	r0, [r0, #0]
10005e88:	63c3      	str	r3, [r0, #60]	@ 0x3c
10005e8a:	6405      	str	r5, [r0, #64]	@ 0x40
10005e8c:	f7ff fa90 	bl	100053b0 <vPortEnterCritical>
10005e90:	6c21      	ldr	r1, [r4, #64]	@ 0x40
10005e92:	6be3      	ldr	r3, [r4, #60]	@ 0x3c
10005e94:	6822      	ldr	r2, [r4, #0]
10005e96:	434b      	muls	r3, r1
10005e98:	18d0      	adds	r0, r2, r3
10005e9a:	1a5b      	subs	r3, r3, r1
10005e9c:	6062      	str	r2, [r4, #4]
10005e9e:	18d2      	adds	r2, r2, r3
10005ea0:	60e2      	str	r2, [r4, #12]
10005ea2:	23ff      	movs	r3, #255	@ 0xff
10005ea4:	2244      	movs	r2, #68	@ 0x44
10005ea6:	60a0      	str	r0, [r4, #8]
10005ea8:	0020      	movs	r0, r4
10005eaa:	63a5      	str	r5, [r4, #56]	@ 0x38
10005eac:	54a3      	strb	r3, [r4, r2]
10005eae:	3201      	adds	r2, #1
10005eb0:	54a3      	strb	r3, [r4, r2]
10005eb2:	3010      	adds	r0, #16
10005eb4:	f7ff fd60 	bl	10005978 <vListInitialise>
10005eb8:	0020      	movs	r0, r4
10005eba:	3024      	adds	r0, #36	@ 0x24
10005ebc:	f7ff fd5c 	bl	10005978 <vListInitialise>
10005ec0:	f7ff fa82 	bl	100053c8 <vPortExitCritical>
10005ec4:	2350      	movs	r3, #80	@ 0x50
10005ec6:	2200      	movs	r2, #0
10005ec8:	54e6      	strb	r6, [r4, r3]
10005eca:	2100      	movs	r1, #0
10005ecc:	2300      	movs	r3, #0
10005ece:	0020      	movs	r0, r4
10005ed0:	64a5      	str	r5, [r4, #72]	@ 0x48
10005ed2:	60a5      	str	r5, [r4, #8]
10005ed4:	6025      	str	r5, [r4, #0]
10005ed6:	60e5      	str	r5, [r4, #12]
10005ed8:	f7ff fee0 	bl	10005c9c <xQueueGenericSend>
10005edc:	0020      	movs	r0, r4
10005ede:	bd70      	pop	{r4, r5, r6, pc}

10005ee0 <xQueueGenericSendFromISR>:
10005ee0:	b5f8      	push	{r3, r4, r5, r6, r7, lr}
10005ee2:	464e      	mov	r6, r9
10005ee4:	46de      	mov	lr, fp
10005ee6:	4657      	mov	r7, sl
10005ee8:	4645      	mov	r5, r8
10005eea:	0004      	movs	r4, r0
10005eec:	b5e0      	push	{r5, r6, r7, lr}
10005eee:	4691      	mov	r9, r2
10005ef0:	001d      	movs	r5, r3
10005ef2:	000f      	movs	r7, r1
10005ef4:	f7ff fa72 	bl	100053dc <ulSetInterruptMaskFromISR>
10005ef8:	6ba2      	ldr	r2, [r4, #56]	@ 0x38
10005efa:	6be3      	ldr	r3, [r4, #60]	@ 0x3c
10005efc:	0006      	movs	r6, r0
10005efe:	429a      	cmp	r2, r3
10005f00:	d32d      	bcc.n	10005f5e <xQueueGenericSendFromISR+0x7e>
10005f02:	2300      	movs	r3, #0
10005f04:	4698      	mov	r8, r3
10005f06:	2d02      	cmp	r5, #2
10005f08:	d009      	beq.n	10005f1e <xQueueGenericSendFromISR+0x3e>
10005f0a:	0030      	movs	r0, r6
10005f0c:	f7ff fa6a 	bl	100053e4 <vClearInterruptMaskFromISR>
10005f10:	4640      	mov	r0, r8
10005f12:	bcf0      	pop	{r4, r5, r6, r7}
10005f14:	46bb      	mov	fp, r7
10005f16:	46b2      	mov	sl, r6
10005f18:	46a9      	mov	r9, r5
10005f1a:	46a0      	mov	r8, r4
10005f1c:	bdf8      	pop	{r3, r4, r5, r6, r7, pc}
10005f1e:	3345      	adds	r3, #69	@ 0x45
10005f20:	5ce3      	ldrb	r3, [r4, r3]
10005f22:	6c22      	ldr	r2, [r4, #64]	@ 0x40
10005f24:	b25b      	sxtb	r3, r3
10005f26:	4698      	mov	r8, r3
10005f28:	6ba3      	ldr	r3, [r4, #56]	@ 0x38
10005f2a:	469b      	mov	fp, r3
10005f2c:	6ba3      	ldr	r3, [r4, #56]	@ 0x38
10005f2e:	469a      	mov	sl, r3
10005f30:	2a00      	cmp	r2, #0
10005f32:	d13b      	bne.n	10005fac <xQueueGenericSendFromISR+0xcc>
10005f34:	4657      	mov	r7, sl
10005f36:	6823      	ldr	r3, [r4, #0]
10005f38:	3701      	adds	r7, #1
10005f3a:	469a      	mov	sl, r3
10005f3c:	2b00      	cmp	r3, #0
10005f3e:	d063      	beq.n	10006008 <xQueueGenericSendFromISR+0x128>
10005f40:	4643      	mov	r3, r8
10005f42:	63a7      	str	r7, [r4, #56]	@ 0x38
10005f44:	3301      	adds	r3, #1
10005f46:	d127      	bne.n	10005f98 <xQueueGenericSendFromISR+0xb8>
10005f48:	6ca3      	ldr	r3, [r4, #72]	@ 0x48
10005f4a:	2b00      	cmp	r3, #0
10005f4c:	d042      	beq.n	10005fd4 <xQueueGenericSendFromISR+0xf4>
10005f4e:	2d02      	cmp	r5, #2
10005f50:	d14a      	bne.n	10005fe8 <xQueueGenericSendFromISR+0x108>
10005f52:	465b      	mov	r3, fp
10005f54:	2b00      	cmp	r3, #0
10005f56:	d047      	beq.n	10005fe8 <xQueueGenericSendFromISR+0x108>
10005f58:	2301      	movs	r3, #1
10005f5a:	4698      	mov	r8, r3
10005f5c:	e7d5      	b.n	10005f0a <xQueueGenericSendFromISR+0x2a>
10005f5e:	2345      	movs	r3, #69	@ 0x45
10005f60:	5ce3      	ldrb	r3, [r4, r3]
10005f62:	6c22      	ldr	r2, [r4, #64]	@ 0x40
10005f64:	b25b      	sxtb	r3, r3
10005f66:	4698      	mov	r8, r3
10005f68:	6ba3      	ldr	r3, [r4, #56]	@ 0x38
10005f6a:	469b      	mov	fp, r3
10005f6c:	6ba3      	ldr	r3, [r4, #56]	@ 0x38
10005f6e:	469a      	mov	sl, r3
10005f70:	2a00      	cmp	r2, #0
10005f72:	d0df      	beq.n	10005f34 <xQueueGenericSendFromISR+0x54>
10005f74:	2d00      	cmp	r5, #0
10005f76:	d119      	bne.n	10005fac <xQueueGenericSendFromISR+0xcc>
10005f78:	0039      	movs	r1, r7
10005f7a:	4657      	mov	r7, sl
10005f7c:	6860      	ldr	r0, [r4, #4]
10005f7e:	f7fc fad7 	bl	10002530 <__wrap___aeabi_memcpy>
10005f82:	6863      	ldr	r3, [r4, #4]
10005f84:	6c22      	ldr	r2, [r4, #64]	@ 0x40
10005f86:	3701      	adds	r7, #1
10005f88:	189b      	adds	r3, r3, r2
10005f8a:	68a2      	ldr	r2, [r4, #8]
10005f8c:	6063      	str	r3, [r4, #4]
10005f8e:	4293      	cmp	r3, r2
10005f90:	d3d6      	bcc.n	10005f40 <xQueueGenericSendFromISR+0x60>
10005f92:	6823      	ldr	r3, [r4, #0]
10005f94:	6063      	str	r3, [r4, #4]
10005f96:	e7d3      	b.n	10005f40 <xQueueGenericSendFromISR+0x60>
10005f98:	f000 fda2 	bl	10006ae0 <uxTaskGetNumberOfTasks>
10005f9c:	4580      	cmp	r8, r0
10005f9e:	d2db      	bcs.n	10005f58 <xQueueGenericSendFromISR+0x78>
10005fa0:	4643      	mov	r3, r8
10005fa2:	2245      	movs	r2, #69	@ 0x45
10005fa4:	3301      	adds	r3, #1
10005fa6:	b25b      	sxtb	r3, r3
10005fa8:	54a3      	strb	r3, [r4, r2]
10005faa:	e7d5      	b.n	10005f58 <xQueueGenericSendFromISR+0x78>
10005fac:	0039      	movs	r1, r7
10005fae:	68e0      	ldr	r0, [r4, #12]
10005fb0:	f7fc fabe 	bl	10002530 <__wrap___aeabi_memcpy>
10005fb4:	6c22      	ldr	r2, [r4, #64]	@ 0x40
10005fb6:	68e3      	ldr	r3, [r4, #12]
10005fb8:	4251      	negs	r1, r2
10005fba:	1a9b      	subs	r3, r3, r2
10005fbc:	6822      	ldr	r2, [r4, #0]
10005fbe:	60e3      	str	r3, [r4, #12]
10005fc0:	4293      	cmp	r3, r2
10005fc2:	d202      	bcs.n	10005fca <xQueueGenericSendFromISR+0xea>
10005fc4:	68a3      	ldr	r3, [r4, #8]
10005fc6:	185b      	adds	r3, r3, r1
10005fc8:	60e3      	str	r3, [r4, #12]
10005fca:	4657      	mov	r7, sl
10005fcc:	2d02      	cmp	r5, #2
10005fce:	d017      	beq.n	10006000 <xQueueGenericSendFromISR+0x120>
10005fd0:	3701      	adds	r7, #1
10005fd2:	e7b5      	b.n	10005f40 <xQueueGenericSendFromISR+0x60>
10005fd4:	6a63      	ldr	r3, [r4, #36]	@ 0x24
10005fd6:	2b00      	cmp	r3, #0
10005fd8:	d0be      	beq.n	10005f58 <xQueueGenericSendFromISR+0x78>
10005fda:	0020      	movs	r0, r4
10005fdc:	3024      	adds	r0, #36	@ 0x24
10005fde:	f000 ff01 	bl	10006de4 <xTaskRemoveFromEventList>
10005fe2:	2800      	cmp	r0, #0
10005fe4:	d105      	bne.n	10005ff2 <xQueueGenericSendFromISR+0x112>
10005fe6:	e7b7      	b.n	10005f58 <xQueueGenericSendFromISR+0x78>
10005fe8:	0020      	movs	r0, r4
10005fea:	f7ff fdbd 	bl	10005b68 <prvNotifyQueueSetContainer>
10005fee:	2800      	cmp	r0, #0
10005ff0:	d0b2      	beq.n	10005f58 <xQueueGenericSendFromISR+0x78>
10005ff2:	464b      	mov	r3, r9
10005ff4:	2b00      	cmp	r3, #0
10005ff6:	d0af      	beq.n	10005f58 <xQueueGenericSendFromISR+0x78>
10005ff8:	2301      	movs	r3, #1
10005ffa:	464a      	mov	r2, r9
10005ffc:	6013      	str	r3, [r2, #0]
10005ffe:	e7ab      	b.n	10005f58 <xQueueGenericSendFromISR+0x78>
10006000:	2f00      	cmp	r7, #0
10006002:	d19d      	bne.n	10005f40 <xQueueGenericSendFromISR+0x60>
10006004:	3701      	adds	r7, #1
10006006:	e79b      	b.n	10005f40 <xQueueGenericSendFromISR+0x60>
10006008:	68a0      	ldr	r0, [r4, #8]
1000600a:	f001 f837 	bl	1000707c <xTaskPriorityDisinherit>
1000600e:	4653      	mov	r3, sl
10006010:	60a3      	str	r3, [r4, #8]
10006012:	e795      	b.n	10005f40 <xQueueGenericSendFromISR+0x60>

10006014 <xQueueReceive>:
10006014:	b5f0      	push	{r4, r5, r6, r7, lr}
10006016:	4647      	mov	r7, r8
10006018:	46ce      	mov	lr, r9
1000601a:	0004      	movs	r4, r0
1000601c:	b580      	push	{r7, lr}
1000601e:	b085      	sub	sp, #20
10006020:	4688      	mov	r8, r1
10006022:	9201      	str	r2, [sp, #4]
10006024:	f7ff f9c4 	bl	100053b0 <vPortEnterCritical>
10006028:	6ba7      	ldr	r7, [r4, #56]	@ 0x38
1000602a:	2f00      	cmp	r7, #0
1000602c:	d15e      	bne.n	100060ec <xQueueReceive+0xd8>
1000602e:	9b01      	ldr	r3, [sp, #4]
10006030:	2b00      	cmp	r3, #0
10006032:	d03b      	beq.n	100060ac <xQueueReceive+0x98>
10006034:	a802      	add	r0, sp, #8
10006036:	f000 ff85 	bl	10006f44 <vTaskInternalSetTimeOutState>
1000603a:	2300      	movs	r3, #0
1000603c:	2644      	movs	r6, #68	@ 0x44
1000603e:	4699      	mov	r9, r3
10006040:	2545      	movs	r5, #69	@ 0x45
10006042:	f7ff f9c1 	bl	100053c8 <vPortExitCritical>
10006046:	f000 fc37 	bl	100068b8 <vTaskSuspendAll>
1000604a:	f7ff f9b1 	bl	100053b0 <vPortEnterCritical>
1000604e:	5da3      	ldrb	r3, [r4, r6]
10006050:	b25b      	sxtb	r3, r3
10006052:	3301      	adds	r3, #1
10006054:	d101      	bne.n	1000605a <xQueueReceive+0x46>
10006056:	464b      	mov	r3, r9
10006058:	55a3      	strb	r3, [r4, r6]
1000605a:	5d63      	ldrb	r3, [r4, r5]
1000605c:	b25b      	sxtb	r3, r3
1000605e:	3301      	adds	r3, #1
10006060:	d101      	bne.n	10006066 <xQueueReceive+0x52>
10006062:	464b      	mov	r3, r9
10006064:	5563      	strb	r3, [r4, r5]
10006066:	f7ff f9af 	bl	100053c8 <vPortExitCritical>
1000606a:	a901      	add	r1, sp, #4
1000606c:	a802      	add	r0, sp, #8
1000606e:	f000 ff75 	bl	10006f5c <xTaskCheckForTimeOut>
10006072:	2800      	cmp	r0, #0
10006074:	d122      	bne.n	100060bc <xQueueReceive+0xa8>
10006076:	f7ff f99b 	bl	100053b0 <vPortEnterCritical>
1000607a:	6ba3      	ldr	r3, [r4, #56]	@ 0x38
1000607c:	2b00      	cmp	r3, #0
1000607e:	d12a      	bne.n	100060d6 <xQueueReceive+0xc2>
10006080:	f7ff f9a2 	bl	100053c8 <vPortExitCritical>
10006084:	0020      	movs	r0, r4
10006086:	9901      	ldr	r1, [sp, #4]
10006088:	3024      	adds	r0, #36	@ 0x24
1000608a:	f000 fd7f 	bl	10006b8c <vTaskPlaceOnEventList>
1000608e:	0020      	movs	r0, r4
10006090:	f7ff fcaa 	bl	100059e8 <prvUnlockQueue>
10006094:	f000 fc18 	bl	100068c8 <xTaskResumeAll>
10006098:	2800      	cmp	r0, #0
1000609a:	d024      	beq.n	100060e6 <xQueueReceive+0xd2>
1000609c:	f7ff f988 	bl	100053b0 <vPortEnterCritical>
100060a0:	6ba7      	ldr	r7, [r4, #56]	@ 0x38
100060a2:	2f00      	cmp	r7, #0
100060a4:	d122      	bne.n	100060ec <xQueueReceive+0xd8>
100060a6:	9b01      	ldr	r3, [sp, #4]
100060a8:	2b00      	cmp	r3, #0
100060aa:	d1ca      	bne.n	10006042 <xQueueReceive+0x2e>
100060ac:	f7ff f98c 	bl	100053c8 <vPortExitCritical>
100060b0:	2000      	movs	r0, #0
100060b2:	b005      	add	sp, #20
100060b4:	bcc0      	pop	{r6, r7}
100060b6:	46b9      	mov	r9, r7
100060b8:	46b0      	mov	r8, r6
100060ba:	bdf0      	pop	{r4, r5, r6, r7, pc}
100060bc:	0020      	movs	r0, r4
100060be:	f7ff fc93 	bl	100059e8 <prvUnlockQueue>
100060c2:	f000 fc01 	bl	100068c8 <xTaskResumeAll>
100060c6:	f7ff f973 	bl	100053b0 <vPortEnterCritical>
100060ca:	6ba3      	ldr	r3, [r4, #56]	@ 0x38
100060cc:	2b00      	cmp	r3, #0
100060ce:	d0ed      	beq.n	100060ac <xQueueReceive+0x98>
100060d0:	f7ff f97a 	bl	100053c8 <vPortExitCritical>
100060d4:	e7e2      	b.n	1000609c <xQueueReceive+0x88>
100060d6:	f7ff f977 	bl	100053c8 <vPortExitCritical>
100060da:	0020      	movs	r0, r4
100060dc:	f7ff fc84 	bl	100059e8 <prvUnlockQueue>
100060e0:	f000 fbf2 	bl	100068c8 <xTaskResumeAll>
100060e4:	e7da      	b.n	1000609c <xQueueReceive+0x88>
100060e6:	f7ff f957 	bl	10005398 <vPortYield>
100060ea:	e7d7      	b.n	1000609c <xQueueReceive+0x88>
100060ec:	6c22      	ldr	r2, [r4, #64]	@ 0x40
100060ee:	2a00      	cmp	r2, #0
100060f0:	d008      	beq.n	10006104 <xQueueReceive+0xf0>
100060f2:	68e1      	ldr	r1, [r4, #12]
100060f4:	68a3      	ldr	r3, [r4, #8]
100060f6:	1889      	adds	r1, r1, r2
100060f8:	60e1      	str	r1, [r4, #12]
100060fa:	4299      	cmp	r1, r3
100060fc:	d20b      	bcs.n	10006116 <xQueueReceive+0x102>
100060fe:	4640      	mov	r0, r8
10006100:	f7fc fa16 	bl	10002530 <__wrap___aeabi_memcpy>
10006104:	1e7b      	subs	r3, r7, #1
10006106:	63a3      	str	r3, [r4, #56]	@ 0x38
10006108:	6923      	ldr	r3, [r4, #16]
1000610a:	2b00      	cmp	r3, #0
1000610c:	d106      	bne.n	1000611c <xQueueReceive+0x108>
1000610e:	f7ff f95b 	bl	100053c8 <vPortExitCritical>
10006112:	2001      	movs	r0, #1
10006114:	e7cd      	b.n	100060b2 <xQueueReceive+0x9e>
10006116:	6821      	ldr	r1, [r4, #0]
10006118:	60e1      	str	r1, [r4, #12]
1000611a:	e7f0      	b.n	100060fe <xQueueReceive+0xea>
1000611c:	0020      	movs	r0, r4
1000611e:	3010      	adds	r0, #16
10006120:	f000 fe60 	bl	10006de4 <xTaskRemoveFromEventList>
10006124:	2800      	cmp	r0, #0
10006126:	d0f2      	beq.n	1000610e <xQueueReceive+0xfa>
10006128:	f7ff f936 	bl	10005398 <vPortYield>
1000612c:	e7ef      	b.n	1000610e <xQueueReceive+0xfa>
1000612e:	46c0      	nop			@ (mov r8, r8)

10006130 <xQueueSemaphoreTake>:
10006130:	b5f0      	push	{r4, r5, r6, r7, lr}
10006132:	46c6      	mov	lr, r8
10006134:	2300      	movs	r3, #0
10006136:	0004      	movs	r4, r0
10006138:	b500      	push	{lr}
1000613a:	b084      	sub	sp, #16
1000613c:	4698      	mov	r8, r3
1000613e:	9101      	str	r1, [sp, #4]
10006140:	f7ff f936 	bl	100053b0 <vPortEnterCritical>
10006144:	6ba3      	ldr	r3, [r4, #56]	@ 0x38
10006146:	2700      	movs	r7, #0
10006148:	2544      	movs	r5, #68	@ 0x44
1000614a:	2600      	movs	r6, #0
1000614c:	2b00      	cmp	r3, #0
1000614e:	d13a      	bne.n	100061c6 <xQueueSemaphoreTake+0x96>
10006150:	9b01      	ldr	r3, [sp, #4]
10006152:	2b00      	cmp	r3, #0
10006154:	d100      	bne.n	10006158 <xQueueSemaphoreTake+0x28>
10006156:	e06f      	b.n	10006238 <xQueueSemaphoreTake+0x108>
10006158:	2f00      	cmp	r7, #0
1000615a:	d054      	beq.n	10006206 <xQueueSemaphoreTake+0xd6>
1000615c:	f7ff f934 	bl	100053c8 <vPortExitCritical>
10006160:	f000 fbaa 	bl	100068b8 <vTaskSuspendAll>
10006164:	f7ff f924 	bl	100053b0 <vPortEnterCritical>
10006168:	5d63      	ldrb	r3, [r4, r5]
1000616a:	b25b      	sxtb	r3, r3
1000616c:	3301      	adds	r3, #1
1000616e:	d100      	bne.n	10006172 <xQueueSemaphoreTake+0x42>
10006170:	5566      	strb	r6, [r4, r5]
10006172:	2245      	movs	r2, #69	@ 0x45
10006174:	5ca3      	ldrb	r3, [r4, r2]
10006176:	b25b      	sxtb	r3, r3
10006178:	3301      	adds	r3, #1
1000617a:	d100      	bne.n	1000617e <xQueueSemaphoreTake+0x4e>
1000617c:	54a6      	strb	r6, [r4, r2]
1000617e:	f7ff f923 	bl	100053c8 <vPortExitCritical>
10006182:	a901      	add	r1, sp, #4
10006184:	a802      	add	r0, sp, #8
10006186:	f000 fee9 	bl	10006f5c <xTaskCheckForTimeOut>
1000618a:	2800      	cmp	r0, #0
1000618c:	d127      	bne.n	100061de <xQueueSemaphoreTake+0xae>
1000618e:	f7ff f90f 	bl	100053b0 <vPortEnterCritical>
10006192:	6ba3      	ldr	r3, [r4, #56]	@ 0x38
10006194:	2b00      	cmp	r3, #0
10006196:	d13e      	bne.n	10006216 <xQueueSemaphoreTake+0xe6>
10006198:	f7ff f916 	bl	100053c8 <vPortExitCritical>
1000619c:	6823      	ldr	r3, [r4, #0]
1000619e:	2b00      	cmp	r3, #0
100061a0:	d056      	beq.n	10006250 <xQueueSemaphoreTake+0x120>
100061a2:	0020      	movs	r0, r4
100061a4:	9901      	ldr	r1, [sp, #4]
100061a6:	3024      	adds	r0, #36	@ 0x24
100061a8:	f000 fcf0 	bl	10006b8c <vTaskPlaceOnEventList>
100061ac:	0020      	movs	r0, r4
100061ae:	f7ff fc1b 	bl	100059e8 <prvUnlockQueue>
100061b2:	f000 fb89 	bl	100068c8 <xTaskResumeAll>
100061b6:	2800      	cmp	r0, #0
100061b8:	d041      	beq.n	1000623e <xQueueSemaphoreTake+0x10e>
100061ba:	2701      	movs	r7, #1
100061bc:	f7ff f8f8 	bl	100053b0 <vPortEnterCritical>
100061c0:	6ba3      	ldr	r3, [r4, #56]	@ 0x38
100061c2:	2b00      	cmp	r3, #0
100061c4:	d0c4      	beq.n	10006150 <xQueueSemaphoreTake+0x20>
100061c6:	3b01      	subs	r3, #1
100061c8:	63a3      	str	r3, [r4, #56]	@ 0x38
100061ca:	6823      	ldr	r3, [r4, #0]
100061cc:	2b00      	cmp	r3, #0
100061ce:	d051      	beq.n	10006274 <xQueueSemaphoreTake+0x144>
100061d0:	6923      	ldr	r3, [r4, #16]
100061d2:	2b00      	cmp	r3, #0
100061d4:	d145      	bne.n	10006262 <xQueueSemaphoreTake+0x132>
100061d6:	f7ff f8f7 	bl	100053c8 <vPortExitCritical>
100061da:	2001      	movs	r0, #1
100061dc:	e00f      	b.n	100061fe <xQueueSemaphoreTake+0xce>
100061de:	0020      	movs	r0, r4
100061e0:	f7ff fc02 	bl	100059e8 <prvUnlockQueue>
100061e4:	f000 fb70 	bl	100068c8 <xTaskResumeAll>
100061e8:	f7ff f8e2 	bl	100053b0 <vPortEnterCritical>
100061ec:	6ba3      	ldr	r3, [r4, #56]	@ 0x38
100061ee:	2b00      	cmp	r3, #0
100061f0:	d10d      	bne.n	1000620e <xQueueSemaphoreTake+0xde>
100061f2:	f7ff f8e9 	bl	100053c8 <vPortExitCritical>
100061f6:	4643      	mov	r3, r8
100061f8:	2b00      	cmp	r3, #0
100061fa:	d115      	bne.n	10006228 <xQueueSemaphoreTake+0xf8>
100061fc:	2000      	movs	r0, #0
100061fe:	b004      	add	sp, #16
10006200:	bc80      	pop	{r7}
10006202:	46b8      	mov	r8, r7
10006204:	bdf0      	pop	{r4, r5, r6, r7, pc}
10006206:	a802      	add	r0, sp, #8
10006208:	f000 fe9c 	bl	10006f44 <vTaskInternalSetTimeOutState>
1000620c:	e7a6      	b.n	1000615c <xQueueSemaphoreTake+0x2c>
1000620e:	f7ff f8db 	bl	100053c8 <vPortExitCritical>
10006212:	2701      	movs	r7, #1
10006214:	e7d2      	b.n	100061bc <xQueueSemaphoreTake+0x8c>
10006216:	f7ff f8d7 	bl	100053c8 <vPortExitCritical>
1000621a:	0020      	movs	r0, r4
1000621c:	f7ff fbe4 	bl	100059e8 <prvUnlockQueue>
10006220:	2701      	movs	r7, #1
10006222:	f000 fb51 	bl	100068c8 <xTaskResumeAll>
10006226:	e7c9      	b.n	100061bc <xQueueSemaphoreTake+0x8c>
10006228:	f7ff f8c2 	bl	100053b0 <vPortEnterCritical>
1000622c:	6a61      	ldr	r1, [r4, #36]	@ 0x24
1000622e:	2900      	cmp	r1, #0
10006230:	d109      	bne.n	10006246 <xQueueSemaphoreTake+0x116>
10006232:	68a0      	ldr	r0, [r4, #8]
10006234:	f000 ff54 	bl	100070e0 <vTaskPriorityDisinheritAfterTimeout>
10006238:	f7ff f8c6 	bl	100053c8 <vPortExitCritical>
1000623c:	e7de      	b.n	100061fc <xQueueSemaphoreTake+0xcc>
1000623e:	f7ff f8ab 	bl	10005398 <vPortYield>
10006242:	2701      	movs	r7, #1
10006244:	e7ba      	b.n	100061bc <xQueueSemaphoreTake+0x8c>
10006246:	2120      	movs	r1, #32
10006248:	6b23      	ldr	r3, [r4, #48]	@ 0x30
1000624a:	681b      	ldr	r3, [r3, #0]
1000624c:	1ac9      	subs	r1, r1, r3
1000624e:	e7f0      	b.n	10006232 <xQueueSemaphoreTake+0x102>
10006250:	f7ff f8ae 	bl	100053b0 <vPortEnterCritical>
10006254:	68a0      	ldr	r0, [r4, #8]
10006256:	f000 fec7 	bl	10006fe8 <xTaskPriorityInherit>
1000625a:	4680      	mov	r8, r0
1000625c:	f7ff f8b4 	bl	100053c8 <vPortExitCritical>
10006260:	e79f      	b.n	100061a2 <xQueueSemaphoreTake+0x72>
10006262:	0020      	movs	r0, r4
10006264:	3010      	adds	r0, #16
10006266:	f000 fdbd 	bl	10006de4 <xTaskRemoveFromEventList>
1000626a:	2800      	cmp	r0, #0
1000626c:	d0b3      	beq.n	100061d6 <xQueueSemaphoreTake+0xa6>
1000626e:	f7ff f893 	bl	10005398 <vPortYield>
10006272:	e7b0      	b.n	100061d6 <xQueueSemaphoreTake+0xa6>
10006274:	f000 ff7e 	bl	10007174 <pvTaskIncrementMutexHeldCount>
10006278:	60a0      	str	r0, [r4, #8]
1000627a:	e7a9      	b.n	100061d0 <xQueueSemaphoreTake+0xa0>

1000627c <vQueueAddToRegistry>:
1000627c:	b510      	push	{r4, lr}
1000627e:	2900      	cmp	r1, #0
10006280:	d033      	beq.n	100062ea <vQueueAddToRegistry+0x6e>
10006282:	4b42      	ldr	r3, [pc, #264]	@ (1000638c <vQueueAddToRegistry+0x110>)
10006284:	685a      	ldr	r2, [r3, #4]
10006286:	4290      	cmp	r0, r2
10006288:	d100      	bne.n	1000628c <vQueueAddToRegistry+0x10>
1000628a:	e073      	b.n	10006374 <vQueueAddToRegistry+0xf8>
1000628c:	681a      	ldr	r2, [r3, #0]
1000628e:	2a00      	cmp	r2, #0
10006290:	d02c      	beq.n	100062ec <vQueueAddToRegistry+0x70>
10006292:	68da      	ldr	r2, [r3, #12]
10006294:	4290      	cmp	r0, r2
10006296:	d100      	bne.n	1000629a <vQueueAddToRegistry+0x1e>
10006298:	e076      	b.n	10006388 <vQueueAddToRegistry+0x10c>
1000629a:	689a      	ldr	r2, [r3, #8]
1000629c:	2a00      	cmp	r2, #0
1000629e:	d03e      	beq.n	1000631e <vQueueAddToRegistry+0xa2>
100062a0:	695a      	ldr	r2, [r3, #20]
100062a2:	4290      	cmp	r0, r2
100062a4:	d100      	bne.n	100062a8 <vQueueAddToRegistry+0x2c>
100062a6:	e06d      	b.n	10006384 <vQueueAddToRegistry+0x108>
100062a8:	691a      	ldr	r2, [r3, #16]
100062aa:	2a00      	cmp	r2, #0
100062ac:	d03d      	beq.n	1000632a <vQueueAddToRegistry+0xae>
100062ae:	69da      	ldr	r2, [r3, #28]
100062b0:	4290      	cmp	r0, r2
100062b2:	d061      	beq.n	10006378 <vQueueAddToRegistry+0xfc>
100062b4:	699a      	ldr	r2, [r3, #24]
100062b6:	2a00      	cmp	r2, #0
100062b8:	d03d      	beq.n	10006336 <vQueueAddToRegistry+0xba>
100062ba:	6a5a      	ldr	r2, [r3, #36]	@ 0x24
100062bc:	4290      	cmp	r0, r2
100062be:	d042      	beq.n	10006346 <vQueueAddToRegistry+0xca>
100062c0:	6a1a      	ldr	r2, [r3, #32]
100062c2:	2a00      	cmp	r2, #0
100062c4:	d043      	beq.n	1000634e <vQueueAddToRegistry+0xd2>
100062c6:	6ada      	ldr	r2, [r3, #44]	@ 0x2c
100062c8:	4290      	cmp	r0, r2
100062ca:	d057      	beq.n	1000637c <vQueueAddToRegistry+0x100>
100062cc:	6a9a      	ldr	r2, [r3, #40]	@ 0x28
100062ce:	2a00      	cmp	r2, #0
100062d0:	d043      	beq.n	1000635a <vQueueAddToRegistry+0xde>
100062d2:	6b5a      	ldr	r2, [r3, #52]	@ 0x34
100062d4:	4290      	cmp	r0, r2
100062d6:	d053      	beq.n	10006380 <vQueueAddToRegistry+0x104>
100062d8:	6b1a      	ldr	r2, [r3, #48]	@ 0x30
100062da:	2a00      	cmp	r2, #0
100062dc:	d043      	beq.n	10006366 <vQueueAddToRegistry+0xea>
100062de:	6bda      	ldr	r2, [r3, #60]	@ 0x3c
100062e0:	4290      	cmp	r0, r2
100062e2:	d045      	beq.n	10006370 <vQueueAddToRegistry+0xf4>
100062e4:	6b9a      	ldr	r2, [r3, #56]	@ 0x38
100062e6:	2a00      	cmp	r2, #0
100062e8:	d02a      	beq.n	10006340 <vQueueAddToRegistry+0xc4>
100062ea:	bd10      	pop	{r4, pc}
100062ec:	68da      	ldr	r2, [r3, #12]
100062ee:	4290      	cmp	r0, r2
100062f0:	d04a      	beq.n	10006388 <vQueueAddToRegistry+0x10c>
100062f2:	695a      	ldr	r2, [r3, #20]
100062f4:	4290      	cmp	r0, r2
100062f6:	d045      	beq.n	10006384 <vQueueAddToRegistry+0x108>
100062f8:	001a      	movs	r2, r3
100062fa:	69dc      	ldr	r4, [r3, #28]
100062fc:	42a0      	cmp	r0, r4
100062fe:	d03b      	beq.n	10006378 <vQueueAddToRegistry+0xfc>
10006300:	6a5c      	ldr	r4, [r3, #36]	@ 0x24
10006302:	42a0      	cmp	r0, r4
10006304:	d01f      	beq.n	10006346 <vQueueAddToRegistry+0xca>
10006306:	6adc      	ldr	r4, [r3, #44]	@ 0x2c
10006308:	42a0      	cmp	r0, r4
1000630a:	d037      	beq.n	1000637c <vQueueAddToRegistry+0x100>
1000630c:	6b5c      	ldr	r4, [r3, #52]	@ 0x34
1000630e:	42a0      	cmp	r0, r4
10006310:	d036      	beq.n	10006380 <vQueueAddToRegistry+0x104>
10006312:	6bdc      	ldr	r4, [r3, #60]	@ 0x3c
10006314:	42a0      	cmp	r0, r4
10006316:	d02b      	beq.n	10006370 <vQueueAddToRegistry+0xf4>
10006318:	6011      	str	r1, [r2, #0]
1000631a:	6050      	str	r0, [r2, #4]
1000631c:	e7e5      	b.n	100062ea <vQueueAddToRegistry+0x6e>
1000631e:	695a      	ldr	r2, [r3, #20]
10006320:	4290      	cmp	r0, r2
10006322:	d02f      	beq.n	10006384 <vQueueAddToRegistry+0x108>
10006324:	001a      	movs	r2, r3
10006326:	3208      	adds	r2, #8
10006328:	e7e7      	b.n	100062fa <vQueueAddToRegistry+0x7e>
1000632a:	69da      	ldr	r2, [r3, #28]
1000632c:	4290      	cmp	r0, r2
1000632e:	d023      	beq.n	10006378 <vQueueAddToRegistry+0xfc>
10006330:	001a      	movs	r2, r3
10006332:	3210      	adds	r2, #16
10006334:	e7e4      	b.n	10006300 <vQueueAddToRegistry+0x84>
10006336:	6a5a      	ldr	r2, [r3, #36]	@ 0x24
10006338:	4290      	cmp	r0, r2
1000633a:	d004      	beq.n	10006346 <vQueueAddToRegistry+0xca>
1000633c:	4a14      	ldr	r2, [pc, #80]	@ (10006390 <vQueueAddToRegistry+0x114>)
1000633e:	e7e2      	b.n	10006306 <vQueueAddToRegistry+0x8a>
10006340:	3338      	adds	r3, #56	@ 0x38
10006342:	001a      	movs	r2, r3
10006344:	e7e8      	b.n	10006318 <vQueueAddToRegistry+0x9c>
10006346:	2204      	movs	r2, #4
10006348:	00d2      	lsls	r2, r2, #3
1000634a:	189a      	adds	r2, r3, r2
1000634c:	e7e4      	b.n	10006318 <vQueueAddToRegistry+0x9c>
1000634e:	6ada      	ldr	r2, [r3, #44]	@ 0x2c
10006350:	4290      	cmp	r0, r2
10006352:	d013      	beq.n	1000637c <vQueueAddToRegistry+0x100>
10006354:	001a      	movs	r2, r3
10006356:	3220      	adds	r2, #32
10006358:	e7d8      	b.n	1000630c <vQueueAddToRegistry+0x90>
1000635a:	6b5a      	ldr	r2, [r3, #52]	@ 0x34
1000635c:	4290      	cmp	r0, r2
1000635e:	d00f      	beq.n	10006380 <vQueueAddToRegistry+0x104>
10006360:	001a      	movs	r2, r3
10006362:	3228      	adds	r2, #40	@ 0x28
10006364:	e7d5      	b.n	10006312 <vQueueAddToRegistry+0x96>
10006366:	001a      	movs	r2, r3
10006368:	6bdc      	ldr	r4, [r3, #60]	@ 0x3c
1000636a:	3230      	adds	r2, #48	@ 0x30
1000636c:	42a0      	cmp	r0, r4
1000636e:	d1d3      	bne.n	10006318 <vQueueAddToRegistry+0x9c>
10006370:	2207      	movs	r2, #7
10006372:	e7e9      	b.n	10006348 <vQueueAddToRegistry+0xcc>
10006374:	2200      	movs	r2, #0
10006376:	e7e7      	b.n	10006348 <vQueueAddToRegistry+0xcc>
10006378:	2203      	movs	r2, #3
1000637a:	e7e5      	b.n	10006348 <vQueueAddToRegistry+0xcc>
1000637c:	2205      	movs	r2, #5
1000637e:	e7e3      	b.n	10006348 <vQueueAddToRegistry+0xcc>
10006380:	2206      	movs	r2, #6
10006382:	e7e1      	b.n	10006348 <vQueueAddToRegistry+0xcc>
10006384:	2202      	movs	r2, #2
10006386:	e7df      	b.n	10006348 <vQueueAddToRegistry+0xcc>
10006388:	2201      	movs	r2, #1
1000638a:	e7dd      	b.n	10006348 <vQueueAddToRegistry+0xcc>
1000638c:	20001300 	.word	0x20001300
10006390:	20001318 	.word	0x20001318

10006394 <vQueueWaitForMessageRestricted>:
10006394:	b570      	push	{r4, r5, r6, lr}
10006396:	0004      	movs	r4, r0
10006398:	0016      	movs	r6, r2
1000639a:	000d      	movs	r5, r1
1000639c:	f7ff f808 	bl	100053b0 <vPortEnterCritical>
100063a0:	2244      	movs	r2, #68	@ 0x44
100063a2:	5ca3      	ldrb	r3, [r4, r2]
100063a4:	b25b      	sxtb	r3, r3
100063a6:	3301      	adds	r3, #1
100063a8:	d101      	bne.n	100063ae <vQueueWaitForMessageRestricted+0x1a>
100063aa:	2300      	movs	r3, #0
100063ac:	54a3      	strb	r3, [r4, r2]
100063ae:	2245      	movs	r2, #69	@ 0x45
100063b0:	5ca3      	ldrb	r3, [r4, r2]
100063b2:	b25b      	sxtb	r3, r3
100063b4:	3301      	adds	r3, #1
100063b6:	d101      	bne.n	100063bc <vQueueWaitForMessageRestricted+0x28>
100063b8:	2300      	movs	r3, #0
100063ba:	54a3      	strb	r3, [r4, r2]
100063bc:	f7ff f804 	bl	100053c8 <vPortExitCritical>
100063c0:	6ba3      	ldr	r3, [r4, #56]	@ 0x38
100063c2:	2b00      	cmp	r3, #0
100063c4:	d003      	beq.n	100063ce <vQueueWaitForMessageRestricted+0x3a>
100063c6:	0020      	movs	r0, r4
100063c8:	f7ff fb0e 	bl	100059e8 <prvUnlockQueue>
100063cc:	bd70      	pop	{r4, r5, r6, pc}
100063ce:	0020      	movs	r0, r4
100063d0:	0032      	movs	r2, r6
100063d2:	0029      	movs	r1, r5
100063d4:	3024      	adds	r0, #36	@ 0x24
100063d6:	f000 fc8b 	bl	10006cf0 <vTaskPlaceOnEventListRestricted>
100063da:	e7f4      	b.n	100063c6 <vQueueWaitForMessageRestricted+0x32>

100063dc <prvAddNewTaskToReadyList>:
100063dc:	b5f0      	push	{r4, r5, r6, r7, lr}
100063de:	46c6      	mov	lr, r8
100063e0:	b500      	push	{lr}
100063e2:	0004      	movs	r4, r0
100063e4:	f7fe ffe4 	bl	100053b0 <vPortEnterCritical>
100063e8:	4a38      	ldr	r2, [pc, #224]	@ (100064cc <prvAddNewTaskToReadyList+0xf0>)
100063ea:	4f39      	ldr	r7, [pc, #228]	@ (100064d0 <prvAddNewTaskToReadyList+0xf4>)
100063ec:	6813      	ldr	r3, [r2, #0]
100063ee:	3301      	adds	r3, #1
100063f0:	6013      	str	r3, [r2, #0]
100063f2:	683b      	ldr	r3, [r7, #0]
100063f4:	2b00      	cmp	r3, #0
100063f6:	d035      	beq.n	10006464 <prvAddNewTaskToReadyList+0x88>
100063f8:	4b36      	ldr	r3, [pc, #216]	@ (100064d4 <prvAddNewTaskToReadyList+0xf8>)
100063fa:	6ae2      	ldr	r2, [r4, #44]	@ 0x2c
100063fc:	4698      	mov	r8, r3
100063fe:	681b      	ldr	r3, [r3, #0]
10006400:	2b00      	cmp	r3, #0
10006402:	d029      	beq.n	10006458 <prvAddNewTaskToReadyList+0x7c>
10006404:	4e34      	ldr	r6, [pc, #208]	@ (100064d8 <prvAddNewTaskToReadyList+0xfc>)
10006406:	4935      	ldr	r1, [pc, #212]	@ (100064dc <prvAddNewTaskToReadyList+0x100>)
10006408:	680b      	ldr	r3, [r1, #0]
1000640a:	3301      	adds	r3, #1
1000640c:	600b      	str	r3, [r1, #0]
1000640e:	6463      	str	r3, [r4, #68]	@ 0x44
10006410:	4b33      	ldr	r3, [pc, #204]	@ (100064e0 <prvAddNewTaskToReadyList+0x104>)
10006412:	6819      	ldr	r1, [r3, #0]
10006414:	4291      	cmp	r1, r2
10006416:	d200      	bcs.n	1000641a <prvAddNewTaskToReadyList+0x3e>
10006418:	601a      	str	r2, [r3, #0]
1000641a:	0093      	lsls	r3, r2, #2
1000641c:	189b      	adds	r3, r3, r2
1000641e:	009b      	lsls	r3, r3, #2
10006420:	18f1      	adds	r1, r6, r3
10006422:	684a      	ldr	r2, [r1, #4]
10006424:	6890      	ldr	r0, [r2, #8]
10006426:	60a2      	str	r2, [r4, #8]
10006428:	4684      	mov	ip, r0
1000642a:	4665      	mov	r5, ip
1000642c:	60e0      	str	r0, [r4, #12]
1000642e:	1d20      	adds	r0, r4, #4
10006430:	6068      	str	r0, [r5, #4]
10006432:	6090      	str	r0, [r2, #8]
10006434:	58f2      	ldr	r2, [r6, r3]
10006436:	6161      	str	r1, [r4, #20]
10006438:	3201      	adds	r2, #1
1000643a:	50f2      	str	r2, [r6, r3]
1000643c:	f7fe ffc4 	bl	100053c8 <vPortExitCritical>
10006440:	4643      	mov	r3, r8
10006442:	681b      	ldr	r3, [r3, #0]
10006444:	2b00      	cmp	r3, #0
10006446:	d004      	beq.n	10006452 <prvAddNewTaskToReadyList+0x76>
10006448:	683b      	ldr	r3, [r7, #0]
1000644a:	6ada      	ldr	r2, [r3, #44]	@ 0x2c
1000644c:	6ae3      	ldr	r3, [r4, #44]	@ 0x2c
1000644e:	429a      	cmp	r2, r3
10006450:	d311      	bcc.n	10006476 <prvAddNewTaskToReadyList+0x9a>
10006452:	bc80      	pop	{r7}
10006454:	46b8      	mov	r8, r7
10006456:	bdf0      	pop	{r4, r5, r6, r7, pc}
10006458:	683b      	ldr	r3, [r7, #0]
1000645a:	6adb      	ldr	r3, [r3, #44]	@ 0x2c
1000645c:	4293      	cmp	r3, r2
1000645e:	d8d1      	bhi.n	10006404 <prvAddNewTaskToReadyList+0x28>
10006460:	603c      	str	r4, [r7, #0]
10006462:	e7cf      	b.n	10006404 <prvAddNewTaskToReadyList+0x28>
10006464:	603c      	str	r4, [r7, #0]
10006466:	6813      	ldr	r3, [r2, #0]
10006468:	2b01      	cmp	r3, #1
1000646a:	d007      	beq.n	1000647c <prvAddNewTaskToReadyList+0xa0>
1000646c:	4b19      	ldr	r3, [pc, #100]	@ (100064d4 <prvAddNewTaskToReadyList+0xf8>)
1000646e:	6ae2      	ldr	r2, [r4, #44]	@ 0x2c
10006470:	4698      	mov	r8, r3
10006472:	4e19      	ldr	r6, [pc, #100]	@ (100064d8 <prvAddNewTaskToReadyList+0xfc>)
10006474:	e7c7      	b.n	10006406 <prvAddNewTaskToReadyList+0x2a>
10006476:	f7fe ff8f 	bl	10005398 <vPortYield>
1000647a:	e7ea      	b.n	10006452 <prvAddNewTaskToReadyList+0x76>
1000647c:	23a0      	movs	r3, #160	@ 0xa0
1000647e:	4e16      	ldr	r6, [pc, #88]	@ (100064d8 <prvAddNewTaskToReadyList+0xfc>)
10006480:	009b      	lsls	r3, r3, #2
10006482:	4698      	mov	r8, r3
10006484:	0035      	movs	r5, r6
10006486:	44b0      	add	r8, r6
10006488:	0028      	movs	r0, r5
1000648a:	3514      	adds	r5, #20
1000648c:	f7ff fa74 	bl	10005978 <vListInitialise>
10006490:	4545      	cmp	r5, r8
10006492:	d1f9      	bne.n	10006488 <prvAddNewTaskToReadyList+0xac>
10006494:	4b13      	ldr	r3, [pc, #76]	@ (100064e4 <prvAddNewTaskToReadyList+0x108>)
10006496:	4698      	mov	r8, r3
10006498:	0018      	movs	r0, r3
1000649a:	f7ff fa6d 	bl	10005978 <vListInitialise>
1000649e:	4d12      	ldr	r5, [pc, #72]	@ (100064e8 <prvAddNewTaskToReadyList+0x10c>)
100064a0:	0028      	movs	r0, r5
100064a2:	f7ff fa69 	bl	10005978 <vListInitialise>
100064a6:	4811      	ldr	r0, [pc, #68]	@ (100064ec <prvAddNewTaskToReadyList+0x110>)
100064a8:	f7ff fa66 	bl	10005978 <vListInitialise>
100064ac:	4810      	ldr	r0, [pc, #64]	@ (100064f0 <prvAddNewTaskToReadyList+0x114>)
100064ae:	f7ff fa63 	bl	10005978 <vListInitialise>
100064b2:	4810      	ldr	r0, [pc, #64]	@ (100064f4 <prvAddNewTaskToReadyList+0x118>)
100064b4:	f7ff fa60 	bl	10005978 <vListInitialise>
100064b8:	4642      	mov	r2, r8
100064ba:	4b0f      	ldr	r3, [pc, #60]	@ (100064f8 <prvAddNewTaskToReadyList+0x11c>)
100064bc:	601a      	str	r2, [r3, #0]
100064be:	4b0f      	ldr	r3, [pc, #60]	@ (100064fc <prvAddNewTaskToReadyList+0x120>)
100064c0:	6ae2      	ldr	r2, [r4, #44]	@ 0x2c
100064c2:	601d      	str	r5, [r3, #0]
100064c4:	4b03      	ldr	r3, [pc, #12]	@ (100064d4 <prvAddNewTaskToReadyList+0xf8>)
100064c6:	4698      	mov	r8, r3
100064c8:	e79d      	b.n	10006406 <prvAddNewTaskToReadyList+0x2a>
100064ca:	46c0      	nop			@ (mov r8, r8)
100064cc:	20022454 	.word	0x20022454
100064d0:	20002024 	.word	0x20002024
100064d4:	200224f8 	.word	0x200224f8
100064d8:	2000203c 	.word	0x2000203c
100064dc:	20022460 	.word	0x20022460
100064e0:	20022464 	.word	0x20022464
100064e4:	20022490 	.word	0x20022490
100064e8:	200224a4 	.word	0x200224a4
100064ec:	200224e4 	.word	0x200224e4
100064f0:	20022518 	.word	0x20022518
100064f4:	20022504 	.word	0x20022504
100064f8:	2000202c 	.word	0x2000202c
100064fc:	20002034 	.word	0x20002034

10006500 <prvCreateTask>:
10006500:	b5f8      	push	{r3, r4, r5, r6, r7, lr}
10006502:	46ce      	mov	lr, r9
10006504:	4647      	mov	r7, r8
10006506:	0096      	lsls	r6, r2, #2
10006508:	b580      	push	{r7, lr}
1000650a:	4680      	mov	r8, r0
1000650c:	0030      	movs	r0, r6
1000650e:	000d      	movs	r5, r1
10006510:	4699      	mov	r9, r3
10006512:	f7fe fdbd 	bl	10005090 <pvPortMalloc>
10006516:	1e07      	subs	r7, r0, #0
10006518:	d100      	bne.n	1000651c <prvCreateTask+0x1c>
1000651a:	e087      	b.n	1000662c <prvCreateTask+0x12c>
1000651c:	2070      	movs	r0, #112	@ 0x70
1000651e:	f7fe fdb7 	bl	10005090 <pvPortMalloc>
10006522:	1e04      	subs	r4, r0, #0
10006524:	d100      	bne.n	10006528 <prvCreateTask+0x28>
10006526:	e07e      	b.n	10006626 <prvCreateTask+0x126>
10006528:	2270      	movs	r2, #112	@ 0x70
1000652a:	2100      	movs	r1, #0
1000652c:	f7fb fffa 	bl	10002524 <__wrap_memset>
10006530:	0032      	movs	r2, r6
10006532:	21a5      	movs	r1, #165	@ 0xa5
10006534:	0038      	movs	r0, r7
10006536:	6327      	str	r7, [r4, #48]	@ 0x30
10006538:	f7fb fff4 	bl	10002524 <__wrap_memset>
1000653c:	6b23      	ldr	r3, [r4, #48]	@ 0x30
1000653e:	3e04      	subs	r6, #4
10006540:	199e      	adds	r6, r3, r6
10006542:	2307      	movs	r3, #7
10006544:	439e      	bics	r6, r3
10006546:	2d00      	cmp	r5, #0
10006548:	d04b      	beq.n	100065e2 <prvCreateTask+0xe2>
1000654a:	2234      	movs	r2, #52	@ 0x34
1000654c:	782b      	ldrb	r3, [r5, #0]
1000654e:	54a3      	strb	r3, [r4, r2]
10006550:	2b00      	cmp	r3, #0
10006552:	d043      	beq.n	100065dc <prvCreateTask+0xdc>
10006554:	786b      	ldrb	r3, [r5, #1]
10006556:	3201      	adds	r2, #1
10006558:	54a3      	strb	r3, [r4, r2]
1000655a:	2b00      	cmp	r3, #0
1000655c:	d03e      	beq.n	100065dc <prvCreateTask+0xdc>
1000655e:	78ab      	ldrb	r3, [r5, #2]
10006560:	3201      	adds	r2, #1
10006562:	54a3      	strb	r3, [r4, r2]
10006564:	2b00      	cmp	r3, #0
10006566:	d039      	beq.n	100065dc <prvCreateTask+0xdc>
10006568:	78eb      	ldrb	r3, [r5, #3]
1000656a:	3201      	adds	r2, #1
1000656c:	54a3      	strb	r3, [r4, r2]
1000656e:	2b00      	cmp	r3, #0
10006570:	d034      	beq.n	100065dc <prvCreateTask+0xdc>
10006572:	792b      	ldrb	r3, [r5, #4]
10006574:	3201      	adds	r2, #1
10006576:	54a3      	strb	r3, [r4, r2]
10006578:	2b00      	cmp	r3, #0
1000657a:	d02f      	beq.n	100065dc <prvCreateTask+0xdc>
1000657c:	796b      	ldrb	r3, [r5, #5]
1000657e:	3201      	adds	r2, #1
10006580:	54a3      	strb	r3, [r4, r2]
10006582:	2b00      	cmp	r3, #0
10006584:	d02a      	beq.n	100065dc <prvCreateTask+0xdc>
10006586:	79ab      	ldrb	r3, [r5, #6]
10006588:	3201      	adds	r2, #1
1000658a:	54a3      	strb	r3, [r4, r2]
1000658c:	2b00      	cmp	r3, #0
1000658e:	d025      	beq.n	100065dc <prvCreateTask+0xdc>
10006590:	79eb      	ldrb	r3, [r5, #7]
10006592:	3201      	adds	r2, #1
10006594:	54a3      	strb	r3, [r4, r2]
10006596:	2b00      	cmp	r3, #0
10006598:	d020      	beq.n	100065dc <prvCreateTask+0xdc>
1000659a:	7a2b      	ldrb	r3, [r5, #8]
1000659c:	3201      	adds	r2, #1
1000659e:	54a3      	strb	r3, [r4, r2]
100065a0:	2b00      	cmp	r3, #0
100065a2:	d01b      	beq.n	100065dc <prvCreateTask+0xdc>
100065a4:	7a6b      	ldrb	r3, [r5, #9]
100065a6:	3201      	adds	r2, #1
100065a8:	54a3      	strb	r3, [r4, r2]
100065aa:	2b00      	cmp	r3, #0
100065ac:	d016      	beq.n	100065dc <prvCreateTask+0xdc>
100065ae:	7aab      	ldrb	r3, [r5, #10]
100065b0:	3201      	adds	r2, #1
100065b2:	54a3      	strb	r3, [r4, r2]
100065b4:	2b00      	cmp	r3, #0
100065b6:	d011      	beq.n	100065dc <prvCreateTask+0xdc>
100065b8:	7aeb      	ldrb	r3, [r5, #11]
100065ba:	3201      	adds	r2, #1
100065bc:	54a3      	strb	r3, [r4, r2]
100065be:	2b00      	cmp	r3, #0
100065c0:	d00c      	beq.n	100065dc <prvCreateTask+0xdc>
100065c2:	7b2b      	ldrb	r3, [r5, #12]
100065c4:	3201      	adds	r2, #1
100065c6:	54a3      	strb	r3, [r4, r2]
100065c8:	2b00      	cmp	r3, #0
100065ca:	d007      	beq.n	100065dc <prvCreateTask+0xdc>
100065cc:	7b6b      	ldrb	r3, [r5, #13]
100065ce:	3201      	adds	r2, #1
100065d0:	54a3      	strb	r3, [r4, r2]
100065d2:	2b00      	cmp	r3, #0
100065d4:	d002      	beq.n	100065dc <prvCreateTask+0xdc>
100065d6:	2342      	movs	r3, #66	@ 0x42
100065d8:	7baa      	ldrb	r2, [r5, #14]
100065da:	54e2      	strb	r2, [r4, r3]
100065dc:	2343      	movs	r3, #67	@ 0x43
100065de:	2200      	movs	r2, #0
100065e0:	54e2      	strb	r2, [r4, r3]
100065e2:	9d08      	ldr	r5, [sp, #32]
100065e4:	2d1f      	cmp	r5, #31
100065e6:	d81c      	bhi.n	10006622 <prvCreateTask+0x122>
100065e8:	1d20      	adds	r0, r4, #4
100065ea:	62e5      	str	r5, [r4, #44]	@ 0x2c
100065ec:	64e5      	str	r5, [r4, #76]	@ 0x4c
100065ee:	f7ff f9cf 	bl	10005990 <vListInitialiseItem>
100065f2:	0020      	movs	r0, r4
100065f4:	3018      	adds	r0, #24
100065f6:	f7ff f9cb 	bl	10005990 <vListInitialiseItem>
100065fa:	2320      	movs	r3, #32
100065fc:	1b5b      	subs	r3, r3, r5
100065fe:	61a3      	str	r3, [r4, #24]
10006600:	464a      	mov	r2, r9
10006602:	4641      	mov	r1, r8
10006604:	0030      	movs	r0, r6
10006606:	6124      	str	r4, [r4, #16]
10006608:	6264      	str	r4, [r4, #36]	@ 0x24
1000660a:	f7fe feb5 	bl	10005378 <pxPortInitialiseStack>
1000660e:	9b09      	ldr	r3, [sp, #36]	@ 0x24
10006610:	6020      	str	r0, [r4, #0]
10006612:	2b00      	cmp	r3, #0
10006614:	d000      	beq.n	10006618 <prvCreateTask+0x118>
10006616:	601c      	str	r4, [r3, #0]
10006618:	0020      	movs	r0, r4
1000661a:	bcc0      	pop	{r6, r7}
1000661c:	46b9      	mov	r9, r7
1000661e:	46b0      	mov	r8, r6
10006620:	bdf8      	pop	{r3, r4, r5, r6, r7, pc}
10006622:	251f      	movs	r5, #31
10006624:	e7e0      	b.n	100065e8 <prvCreateTask+0xe8>
10006626:	0038      	movs	r0, r7
10006628:	f7fe fdc4 	bl	100051b4 <vPortFree>
1000662c:	2400      	movs	r4, #0
1000662e:	e7f3      	b.n	10006618 <prvCreateTask+0x118>

10006630 <prvIdleTask>:
10006630:	b5f0      	push	{r4, r5, r6, r7, lr}
10006632:	46c6      	mov	lr, r8
10006634:	4b12      	ldr	r3, [pc, #72]	@ (10006680 <prvIdleTask+0x50>)
10006636:	b500      	push	{lr}
10006638:	4698      	mov	r8, r3
1000663a:	4d12      	ldr	r5, [pc, #72]	@ (10006684 <prvIdleTask+0x54>)
1000663c:	4f12      	ldr	r7, [pc, #72]	@ (10006688 <prvIdleTask+0x58>)
1000663e:	4e13      	ldr	r6, [pc, #76]	@ (1000668c <prvIdleTask+0x5c>)
10006640:	e014      	b.n	1000666c <prvIdleTask+0x3c>
10006642:	f7fe feb5 	bl	100053b0 <vPortEnterCritical>
10006646:	68fb      	ldr	r3, [r7, #12]
10006648:	68dc      	ldr	r4, [r3, #12]
1000664a:	1d20      	adds	r0, r4, #4
1000664c:	f7ff f9bc 	bl	100059c8 <uxListRemove>
10006650:	6833      	ldr	r3, [r6, #0]
10006652:	3b01      	subs	r3, #1
10006654:	6033      	str	r3, [r6, #0]
10006656:	682b      	ldr	r3, [r5, #0]
10006658:	3b01      	subs	r3, #1
1000665a:	602b      	str	r3, [r5, #0]
1000665c:	f7fe feb4 	bl	100053c8 <vPortExitCritical>
10006660:	6b20      	ldr	r0, [r4, #48]	@ 0x30
10006662:	f7fe fda7 	bl	100051b4 <vPortFree>
10006666:	0020      	movs	r0, r4
10006668:	f7fe fda4 	bl	100051b4 <vPortFree>
1000666c:	682b      	ldr	r3, [r5, #0]
1000666e:	2b00      	cmp	r3, #0
10006670:	d1e7      	bne.n	10006642 <prvIdleTask+0x12>
10006672:	4643      	mov	r3, r8
10006674:	681b      	ldr	r3, [r3, #0]
10006676:	2b01      	cmp	r3, #1
10006678:	d9f8      	bls.n	1000666c <prvIdleTask+0x3c>
1000667a:	f7fe fe8d 	bl	10005398 <vPortYield>
1000667e:	e7f5      	b.n	1000666c <prvIdleTask+0x3c>
10006680:	2000203c 	.word	0x2000203c
10006684:	20022458 	.word	0x20022458
10006688:	20022518 	.word	0x20022518
1000668c:	20022454 	.word	0x20022454

10006690 <xTaskIncrementTick.part.0>:
10006690:	b5f0      	push	{r4, r5, r6, r7, lr}
10006692:	46de      	mov	lr, fp
10006694:	4657      	mov	r7, sl
10006696:	464e      	mov	r6, r9
10006698:	4645      	mov	r5, r8
1000669a:	4b58      	ldr	r3, [pc, #352]	@ (100067fc <xTaskIncrementTick.part.0+0x16c>)
1000669c:	b5e0      	push	{r5, r6, r7, lr}
1000669e:	681a      	ldr	r2, [r3, #0]
100066a0:	b083      	sub	sp, #12
100066a2:	3201      	adds	r2, #1
100066a4:	4694      	mov	ip, r2
100066a6:	601a      	str	r2, [r3, #0]
100066a8:	2a00      	cmp	r2, #0
100066aa:	d05e      	beq.n	1000676a <xTaskIncrementTick.part.0+0xda>
100066ac:	4b54      	ldr	r3, [pc, #336]	@ (10006800 <xTaskIncrementTick.part.0+0x170>)
100066ae:	681a      	ldr	r2, [r3, #0]
100066b0:	4594      	cmp	ip, r2
100066b2:	d36e      	bcc.n	10006792 <xTaskIncrementTick.part.0+0x102>
100066b4:	4a53      	ldr	r2, [pc, #332]	@ (10006804 <xTaskIncrementTick.part.0+0x174>)
100066b6:	4690      	mov	r8, r2
100066b8:	6812      	ldr	r2, [r2, #0]
100066ba:	6812      	ldr	r2, [r2, #0]
100066bc:	2a00      	cmp	r2, #0
100066be:	d100      	bne.n	100066c2 <xTaskIncrementTick.part.0+0x32>
100066c0:	e095      	b.n	100067ee <xTaskIncrementTick.part.0+0x15e>
100066c2:	2200      	movs	r2, #0
100066c4:	9200      	str	r2, [sp, #0]
100066c6:	4a50      	ldr	r2, [pc, #320]	@ (10006808 <xTaskIncrementTick.part.0+0x178>)
100066c8:	4d50      	ldr	r5, [pc, #320]	@ (1000680c <xTaskIncrementTick.part.0+0x17c>)
100066ca:	4693      	mov	fp, r2
100066cc:	2200      	movs	r2, #0
100066ce:	4691      	mov	r9, r2
100066d0:	4a4f      	ldr	r2, [pc, #316]	@ (10006810 <xTaskIncrementTick.part.0+0x180>)
100066d2:	9301      	str	r3, [sp, #4]
100066d4:	4692      	mov	sl, r2
100066d6:	e036      	b.n	10006746 <xTaskIncrementTick.part.0+0xb6>
100066d8:	4649      	mov	r1, r9
100066da:	6159      	str	r1, [r3, #20]
100066dc:	6811      	ldr	r1, [r2, #0]
100066de:	3901      	subs	r1, #1
100066e0:	6011      	str	r1, [r2, #0]
100066e2:	6a9a      	ldr	r2, [r3, #40]	@ 0x28
100066e4:	2a00      	cmp	r2, #0
100066e6:	d00d      	beq.n	10006704 <xTaskIncrementTick.part.0+0x74>
100066e8:	69d9      	ldr	r1, [r3, #28]
100066ea:	6a18      	ldr	r0, [r3, #32]
100066ec:	6856      	ldr	r6, [r2, #4]
100066ee:	6088      	str	r0, [r1, #8]
100066f0:	6041      	str	r1, [r0, #4]
100066f2:	0019      	movs	r1, r3
100066f4:	3118      	adds	r1, #24
100066f6:	428e      	cmp	r6, r1
100066f8:	d06f      	beq.n	100067da <xTaskIncrementTick.part.0+0x14a>
100066fa:	4649      	mov	r1, r9
100066fc:	6299      	str	r1, [r3, #40]	@ 0x28
100066fe:	6811      	ldr	r1, [r2, #0]
10006700:	3901      	subs	r1, #1
10006702:	6011      	str	r1, [r2, #0]
10006704:	4652      	mov	r2, sl
10006706:	6ad9      	ldr	r1, [r3, #44]	@ 0x2c
10006708:	6812      	ldr	r2, [r2, #0]
1000670a:	4291      	cmp	r1, r2
1000670c:	d901      	bls.n	10006712 <xTaskIncrementTick.part.0+0x82>
1000670e:	4652      	mov	r2, sl
10006710:	6011      	str	r1, [r2, #0]
10006712:	008a      	lsls	r2, r1, #2
10006714:	1852      	adds	r2, r2, r1
10006716:	0092      	lsls	r2, r2, #2
10006718:	18ae      	adds	r6, r5, r2
1000671a:	6870      	ldr	r0, [r6, #4]
1000671c:	6887      	ldr	r7, [r0, #8]
1000671e:	6098      	str	r0, [r3, #8]
10006720:	60df      	str	r7, [r3, #12]
10006722:	607c      	str	r4, [r7, #4]
10006724:	6084      	str	r4, [r0, #8]
10006726:	615e      	str	r6, [r3, #20]
10006728:	58ab      	ldr	r3, [r5, r2]
1000672a:	3301      	adds	r3, #1
1000672c:	50ab      	str	r3, [r5, r2]
1000672e:	465b      	mov	r3, fp
10006730:	681b      	ldr	r3, [r3, #0]
10006732:	6adb      	ldr	r3, [r3, #44]	@ 0x2c
10006734:	4299      	cmp	r1, r3
10006736:	d901      	bls.n	1000673c <xTaskIncrementTick.part.0+0xac>
10006738:	2301      	movs	r3, #1
1000673a:	9300      	str	r3, [sp, #0]
1000673c:	4643      	mov	r3, r8
1000673e:	681b      	ldr	r3, [r3, #0]
10006740:	681b      	ldr	r3, [r3, #0]
10006742:	2b00      	cmp	r3, #0
10006744:	d04e      	beq.n	100067e4 <xTaskIncrementTick.part.0+0x154>
10006746:	4643      	mov	r3, r8
10006748:	681b      	ldr	r3, [r3, #0]
1000674a:	68db      	ldr	r3, [r3, #12]
1000674c:	68db      	ldr	r3, [r3, #12]
1000674e:	685a      	ldr	r2, [r3, #4]
10006750:	4594      	cmp	ip, r2
10006752:	d344      	bcc.n	100067de <xTaskIncrementTick.part.0+0x14e>
10006754:	695a      	ldr	r2, [r3, #20]
10006756:	6898      	ldr	r0, [r3, #8]
10006758:	68d9      	ldr	r1, [r3, #12]
1000675a:	1d1c      	adds	r4, r3, #4
1000675c:	6081      	str	r1, [r0, #8]
1000675e:	6048      	str	r0, [r1, #4]
10006760:	6850      	ldr	r0, [r2, #4]
10006762:	42a0      	cmp	r0, r4
10006764:	d1b8      	bne.n	100066d8 <xTaskIncrementTick.part.0+0x48>
10006766:	6051      	str	r1, [r2, #4]
10006768:	e7b6      	b.n	100066d8 <xTaskIncrementTick.part.0+0x48>
1000676a:	4b26      	ldr	r3, [pc, #152]	@ (10006804 <xTaskIncrementTick.part.0+0x174>)
1000676c:	4a29      	ldr	r2, [pc, #164]	@ (10006814 <xTaskIncrementTick.part.0+0x184>)
1000676e:	6819      	ldr	r1, [r3, #0]
10006770:	6810      	ldr	r0, [r2, #0]
10006772:	6018      	str	r0, [r3, #0]
10006774:	6011      	str	r1, [r2, #0]
10006776:	4928      	ldr	r1, [pc, #160]	@ (10006818 <xTaskIncrementTick.part.0+0x188>)
10006778:	680a      	ldr	r2, [r1, #0]
1000677a:	3201      	adds	r2, #1
1000677c:	600a      	str	r2, [r1, #0]
1000677e:	681a      	ldr	r2, [r3, #0]
10006780:	6812      	ldr	r2, [r2, #0]
10006782:	2a00      	cmp	r2, #0
10006784:	d123      	bne.n	100067ce <xTaskIncrementTick.part.0+0x13e>
10006786:	4b1e      	ldr	r3, [pc, #120]	@ (10006800 <xTaskIncrementTick.part.0+0x170>)
10006788:	3a01      	subs	r2, #1
1000678a:	601a      	str	r2, [r3, #0]
1000678c:	681a      	ldr	r2, [r3, #0]
1000678e:	4594      	cmp	ip, r2
10006790:	d290      	bcs.n	100066b4 <xTaskIncrementTick.part.0+0x24>
10006792:	2300      	movs	r3, #0
10006794:	9300      	str	r3, [sp, #0]
10006796:	4b1c      	ldr	r3, [pc, #112]	@ (10006808 <xTaskIncrementTick.part.0+0x178>)
10006798:	4d1c      	ldr	r5, [pc, #112]	@ (1000680c <xTaskIncrementTick.part.0+0x17c>)
1000679a:	469b      	mov	fp, r3
1000679c:	465b      	mov	r3, fp
1000679e:	681b      	ldr	r3, [r3, #0]
100067a0:	6ada      	ldr	r2, [r3, #44]	@ 0x2c
100067a2:	0093      	lsls	r3, r2, #2
100067a4:	189b      	adds	r3, r3, r2
100067a6:	009b      	lsls	r3, r3, #2
100067a8:	58eb      	ldr	r3, [r5, r3]
100067aa:	2b01      	cmp	r3, #1
100067ac:	d901      	bls.n	100067b2 <xTaskIncrementTick.part.0+0x122>
100067ae:	2301      	movs	r3, #1
100067b0:	9300      	str	r3, [sp, #0]
100067b2:	4b1a      	ldr	r3, [pc, #104]	@ (1000681c <xTaskIncrementTick.part.0+0x18c>)
100067b4:	681b      	ldr	r3, [r3, #0]
100067b6:	2b00      	cmp	r3, #0
100067b8:	d001      	beq.n	100067be <xTaskIncrementTick.part.0+0x12e>
100067ba:	2301      	movs	r3, #1
100067bc:	9300      	str	r3, [sp, #0]
100067be:	9800      	ldr	r0, [sp, #0]
100067c0:	b003      	add	sp, #12
100067c2:	bcf0      	pop	{r4, r5, r6, r7}
100067c4:	46bb      	mov	fp, r7
100067c6:	46b2      	mov	sl, r6
100067c8:	46a9      	mov	r9, r5
100067ca:	46a0      	mov	r8, r4
100067cc:	bdf0      	pop	{r4, r5, r6, r7, pc}
100067ce:	681b      	ldr	r3, [r3, #0]
100067d0:	68db      	ldr	r3, [r3, #12]
100067d2:	681a      	ldr	r2, [r3, #0]
100067d4:	4b0a      	ldr	r3, [pc, #40]	@ (10006800 <xTaskIncrementTick.part.0+0x170>)
100067d6:	601a      	str	r2, [r3, #0]
100067d8:	e769      	b.n	100066ae <xTaskIncrementTick.part.0+0x1e>
100067da:	6050      	str	r0, [r2, #4]
100067dc:	e78d      	b.n	100066fa <xTaskIncrementTick.part.0+0x6a>
100067de:	9b01      	ldr	r3, [sp, #4]
100067e0:	601a      	str	r2, [r3, #0]
100067e2:	e7db      	b.n	1000679c <xTaskIncrementTick.part.0+0x10c>
100067e4:	9b01      	ldr	r3, [sp, #4]
100067e6:	2201      	movs	r2, #1
100067e8:	4252      	negs	r2, r2
100067ea:	601a      	str	r2, [r3, #0]
100067ec:	e7d6      	b.n	1000679c <xTaskIncrementTick.part.0+0x10c>
100067ee:	2200      	movs	r2, #0
100067f0:	9200      	str	r2, [sp, #0]
100067f2:	4a05      	ldr	r2, [pc, #20]	@ (10006808 <xTaskIncrementTick.part.0+0x178>)
100067f4:	4d05      	ldr	r5, [pc, #20]	@ (1000680c <xTaskIncrementTick.part.0+0x17c>)
100067f6:	4693      	mov	fp, r2
100067f8:	e7f5      	b.n	100067e6 <xTaskIncrementTick.part.0+0x156>
100067fa:	46c0      	nop			@ (mov r8, r8)
100067fc:	2002252c 	.word	0x2002252c
10006800:	200224d0 	.word	0x200224d0
10006804:	2000202c 	.word	0x2000202c
10006808:	20002024 	.word	0x20002024
1000680c:	2000203c 	.word	0x2000203c
10006810:	20022464 	.word	0x20022464
10006814:	20002034 	.word	0x20002034
10006818:	200224d4 	.word	0x200224d4
1000681c:	20022538 	.word	0x20022538

10006820 <xTaskCreate>:
10006820:	b510      	push	{r4, lr}
10006822:	b082      	sub	sp, #8
10006824:	9c05      	ldr	r4, [sp, #20]
10006826:	9401      	str	r4, [sp, #4]
10006828:	9c04      	ldr	r4, [sp, #16]
1000682a:	9400      	str	r4, [sp, #0]
1000682c:	f7ff fe68 	bl	10006500 <prvCreateTask>
10006830:	2800      	cmp	r0, #0
10006832:	d004      	beq.n	1000683e <xTaskCreate+0x1e>
10006834:	f7ff fdd2 	bl	100063dc <prvAddNewTaskToReadyList>
10006838:	2001      	movs	r0, #1
1000683a:	b002      	add	sp, #8
1000683c:	bd10      	pop	{r4, pc}
1000683e:	2001      	movs	r0, #1
10006840:	4240      	negs	r0, r0
10006842:	e7fa      	b.n	1000683a <xTaskCreate+0x1a>

10006844 <vTaskStartScheduler>:
10006844:	b510      	push	{r4, lr}
10006846:	b086      	sub	sp, #24
10006848:	2210      	movs	r2, #16
1000684a:	2100      	movs	r1, #0
1000684c:	a802      	add	r0, sp, #8
1000684e:	f7fb fe69 	bl	10002524 <__wrap_memset>
10006852:	2400      	movs	r4, #0
10006854:	2280      	movs	r2, #128	@ 0x80
10006856:	4b11      	ldr	r3, [pc, #68]	@ (1000689c <vTaskStartScheduler+0x58>)
10006858:	4811      	ldr	r0, [pc, #68]	@ (100068a0 <vTaskStartScheduler+0x5c>)
1000685a:	9302      	str	r3, [sp, #8]
1000685c:	4b11      	ldr	r3, [pc, #68]	@ (100068a4 <vTaskStartScheduler+0x60>)
1000685e:	9400      	str	r4, [sp, #0]
10006860:	9301      	str	r3, [sp, #4]
10006862:	0052      	lsls	r2, r2, #1
10006864:	2300      	movs	r3, #0
10006866:	a902      	add	r1, sp, #8
10006868:	f7ff fe4a 	bl	10006500 <prvCreateTask>
1000686c:	2800      	cmp	r0, #0
1000686e:	d005      	beq.n	1000687c <vTaskStartScheduler+0x38>
10006870:	f7ff fdb4 	bl	100063dc <prvAddNewTaskToReadyList>
10006874:	f000 fe62 	bl	1000753c <xTimerCreateTimerTask>
10006878:	2801      	cmp	r0, #1
1000687a:	d003      	beq.n	10006884 <vTaskStartScheduler+0x40>
1000687c:	4b0a      	ldr	r3, [pc, #40]	@ (100068a8 <vTaskStartScheduler+0x64>)
1000687e:	681b      	ldr	r3, [r3, #0]
10006880:	b006      	add	sp, #24
10006882:	bd10      	pop	{r4, pc}
10006884:	b672      	cpsid	i
10006886:	2201      	movs	r2, #1
10006888:	4b08      	ldr	r3, [pc, #32]	@ (100068ac <vTaskStartScheduler+0x68>)
1000688a:	4252      	negs	r2, r2
1000688c:	601a      	str	r2, [r3, #0]
1000688e:	4b08      	ldr	r3, [pc, #32]	@ (100068b0 <vTaskStartScheduler+0x6c>)
10006890:	6018      	str	r0, [r3, #0]
10006892:	4b08      	ldr	r3, [pc, #32]	@ (100068b4 <vTaskStartScheduler+0x70>)
10006894:	601c      	str	r4, [r3, #0]
10006896:	f7fe fdd5 	bl	10005444 <xPortStartScheduler>
1000689a:	e7ef      	b.n	1000687c <vTaskStartScheduler+0x38>
1000689c:	454c4449 	.word	0x454c4449
100068a0:	10006631 	.word	0x10006631
100068a4:	200224c0 	.word	0x200224c0
100068a8:	10007cfc 	.word	0x10007cfc
100068ac:	200224d0 	.word	0x200224d0
100068b0:	200224f8 	.word	0x200224f8
100068b4:	2002252c 	.word	0x2002252c

100068b8 <vTaskSuspendAll>:
100068b8:	4a02      	ldr	r2, [pc, #8]	@ (100068c4 <vTaskSuspendAll+0xc>)
100068ba:	6813      	ldr	r3, [r2, #0]
100068bc:	3301      	adds	r3, #1
100068be:	6013      	str	r3, [r2, #0]
100068c0:	4770      	bx	lr
100068c2:	46c0      	nop			@ (mov r8, r8)
100068c4:	2002245c 	.word	0x2002245c

100068c8 <xTaskResumeAll>:
100068c8:	b5f0      	push	{r4, r5, r6, r7, lr}
100068ca:	46de      	mov	lr, fp
100068cc:	4657      	mov	r7, sl
100068ce:	464e      	mov	r6, r9
100068d0:	4645      	mov	r5, r8
100068d2:	b5e0      	push	{r5, r6, r7, lr}
100068d4:	b083      	sub	sp, #12
100068d6:	f7fe fd6b 	bl	100053b0 <vPortEnterCritical>
100068da:	4c53      	ldr	r4, [pc, #332]	@ (10006a28 <xTaskResumeAll+0x160>)
100068dc:	6823      	ldr	r3, [r4, #0]
100068de:	3b01      	subs	r3, #1
100068e0:	6023      	str	r3, [r4, #0]
100068e2:	6823      	ldr	r3, [r4, #0]
100068e4:	2b00      	cmp	r3, #0
100068e6:	d000      	beq.n	100068ea <xTaskResumeAll+0x22>
100068e8:	e081      	b.n	100069ee <xTaskResumeAll+0x126>
100068ea:	4b50      	ldr	r3, [pc, #320]	@ (10006a2c <xTaskResumeAll+0x164>)
100068ec:	681b      	ldr	r3, [r3, #0]
100068ee:	2b00      	cmp	r3, #0
100068f0:	d07d      	beq.n	100069ee <xTaskResumeAll+0x126>
100068f2:	4b4f      	ldr	r3, [pc, #316]	@ (10006a30 <xTaskResumeAll+0x168>)
100068f4:	469c      	mov	ip, r3
100068f6:	681b      	ldr	r3, [r3, #0]
100068f8:	2b00      	cmp	r3, #0
100068fa:	d100      	bne.n	100068fe <xTaskResumeAll+0x36>
100068fc:	e090      	b.n	10006a20 <xTaskResumeAll+0x158>
100068fe:	4b4d      	ldr	r3, [pc, #308]	@ (10006a34 <xTaskResumeAll+0x16c>)
10006900:	4d4d      	ldr	r5, [pc, #308]	@ (10006a38 <xTaskResumeAll+0x170>)
10006902:	4698      	mov	r8, r3
10006904:	4b4d      	ldr	r3, [pc, #308]	@ (10006a3c <xTaskResumeAll+0x174>)
10006906:	9401      	str	r4, [sp, #4]
10006908:	4699      	mov	r9, r3
1000690a:	4b4d      	ldr	r3, [pc, #308]	@ (10006a40 <xTaskResumeAll+0x178>)
1000690c:	469a      	mov	sl, r3
1000690e:	2300      	movs	r3, #0
10006910:	469b      	mov	fp, r3
10006912:	4663      	mov	r3, ip
10006914:	68db      	ldr	r3, [r3, #12]
10006916:	68db      	ldr	r3, [r3, #12]
10006918:	69d8      	ldr	r0, [r3, #28]
1000691a:	6a19      	ldr	r1, [r3, #32]
1000691c:	6a9a      	ldr	r2, [r3, #40]	@ 0x28
1000691e:	6081      	str	r1, [r0, #8]
10006920:	6048      	str	r0, [r1, #4]
10006922:	0018      	movs	r0, r3
10006924:	6856      	ldr	r6, [r2, #4]
10006926:	3018      	adds	r0, #24
10006928:	4286      	cmp	r6, r0
1000692a:	d100      	bne.n	1000692e <xTaskResumeAll+0x66>
1000692c:	e072      	b.n	10006a14 <xTaskResumeAll+0x14c>
1000692e:	4659      	mov	r1, fp
10006930:	6299      	str	r1, [r3, #40]	@ 0x28
10006932:	6811      	ldr	r1, [r2, #0]
10006934:	3901      	subs	r1, #1
10006936:	6011      	str	r1, [r2, #0]
10006938:	695a      	ldr	r2, [r3, #20]
1000693a:	6898      	ldr	r0, [r3, #8]
1000693c:	68d9      	ldr	r1, [r3, #12]
1000693e:	6856      	ldr	r6, [r2, #4]
10006940:	6081      	str	r1, [r0, #8]
10006942:	6048      	str	r0, [r1, #4]
10006944:	1d18      	adds	r0, r3, #4
10006946:	4286      	cmp	r6, r0
10006948:	d062      	beq.n	10006a10 <xTaskResumeAll+0x148>
1000694a:	6811      	ldr	r1, [r2, #0]
1000694c:	3901      	subs	r1, #1
1000694e:	6011      	str	r1, [r2, #0]
10006950:	4641      	mov	r1, r8
10006952:	6ada      	ldr	r2, [r3, #44]	@ 0x2c
10006954:	6809      	ldr	r1, [r1, #0]
10006956:	428a      	cmp	r2, r1
10006958:	d901      	bls.n	1000695e <xTaskResumeAll+0x96>
1000695a:	4641      	mov	r1, r8
1000695c:	600a      	str	r2, [r1, #0]
1000695e:	0091      	lsls	r1, r2, #2
10006960:	1889      	adds	r1, r1, r2
10006962:	008c      	lsls	r4, r1, #2
10006964:	192e      	adds	r6, r5, r4
10006966:	6871      	ldr	r1, [r6, #4]
10006968:	688f      	ldr	r7, [r1, #8]
1000696a:	6099      	str	r1, [r3, #8]
1000696c:	60df      	str	r7, [r3, #12]
1000696e:	6078      	str	r0, [r7, #4]
10006970:	6088      	str	r0, [r1, #8]
10006972:	615e      	str	r6, [r3, #20]
10006974:	592b      	ldr	r3, [r5, r4]
10006976:	3301      	adds	r3, #1
10006978:	512b      	str	r3, [r5, r4]
1000697a:	464b      	mov	r3, r9
1000697c:	681b      	ldr	r3, [r3, #0]
1000697e:	6adb      	ldr	r3, [r3, #44]	@ 0x2c
10006980:	429a      	cmp	r2, r3
10006982:	d93f      	bls.n	10006a04 <xTaskResumeAll+0x13c>
10006984:	4653      	mov	r3, sl
10006986:	2201      	movs	r2, #1
10006988:	601a      	str	r2, [r3, #0]
1000698a:	4663      	mov	r3, ip
1000698c:	681b      	ldr	r3, [r3, #0]
1000698e:	2b00      	cmp	r3, #0
10006990:	d1bf      	bne.n	10006912 <xTaskResumeAll+0x4a>
10006992:	4b2c      	ldr	r3, [pc, #176]	@ (10006a44 <xTaskResumeAll+0x17c>)
10006994:	9c01      	ldr	r4, [sp, #4]
10006996:	681a      	ldr	r2, [r3, #0]
10006998:	6812      	ldr	r2, [r2, #0]
1000699a:	2a00      	cmp	r2, #0
1000699c:	d03c      	beq.n	10006a18 <xTaskResumeAll+0x150>
1000699e:	681b      	ldr	r3, [r3, #0]
100069a0:	68db      	ldr	r3, [r3, #12]
100069a2:	681a      	ldr	r2, [r3, #0]
100069a4:	4b28      	ldr	r3, [pc, #160]	@ (10006a48 <xTaskResumeAll+0x180>)
100069a6:	601a      	str	r2, [r3, #0]
100069a8:	4e28      	ldr	r6, [pc, #160]	@ (10006a4c <xTaskResumeAll+0x184>)
100069aa:	6835      	ldr	r5, [r6, #0]
100069ac:	2d00      	cmp	r5, #0
100069ae:	d014      	beq.n	100069da <xTaskResumeAll+0x112>
100069b0:	2701      	movs	r7, #1
100069b2:	e008      	b.n	100069c6 <xTaskResumeAll+0xfe>
100069b4:	f7ff fe6c 	bl	10006690 <xTaskIncrementTick.part.0>
100069b8:	2800      	cmp	r0, #0
100069ba:	d001      	beq.n	100069c0 <xTaskResumeAll+0xf8>
100069bc:	4653      	mov	r3, sl
100069be:	601f      	str	r7, [r3, #0]
100069c0:	3d01      	subs	r5, #1
100069c2:	2d00      	cmp	r5, #0
100069c4:	d008      	beq.n	100069d8 <xTaskResumeAll+0x110>
100069c6:	6823      	ldr	r3, [r4, #0]
100069c8:	2b00      	cmp	r3, #0
100069ca:	d0f3      	beq.n	100069b4 <xTaskResumeAll+0xec>
100069cc:	6833      	ldr	r3, [r6, #0]
100069ce:	3d01      	subs	r5, #1
100069d0:	3301      	adds	r3, #1
100069d2:	6033      	str	r3, [r6, #0]
100069d4:	2d00      	cmp	r5, #0
100069d6:	d1f6      	bne.n	100069c6 <xTaskResumeAll+0xfe>
100069d8:	6035      	str	r5, [r6, #0]
100069da:	4653      	mov	r3, sl
100069dc:	681b      	ldr	r3, [r3, #0]
100069de:	2b00      	cmp	r3, #0
100069e0:	d005      	beq.n	100069ee <xTaskResumeAll+0x126>
100069e2:	4b16      	ldr	r3, [pc, #88]	@ (10006a3c <xTaskResumeAll+0x174>)
100069e4:	2401      	movs	r4, #1
100069e6:	681b      	ldr	r3, [r3, #0]
100069e8:	f7fe fcd6 	bl	10005398 <vPortYield>
100069ec:	e000      	b.n	100069f0 <xTaskResumeAll+0x128>
100069ee:	2400      	movs	r4, #0
100069f0:	f7fe fcea 	bl	100053c8 <vPortExitCritical>
100069f4:	0020      	movs	r0, r4
100069f6:	b003      	add	sp, #12
100069f8:	bcf0      	pop	{r4, r5, r6, r7}
100069fa:	46bb      	mov	fp, r7
100069fc:	46b2      	mov	sl, r6
100069fe:	46a9      	mov	r9, r5
10006a00:	46a0      	mov	r8, r4
10006a02:	bdf0      	pop	{r4, r5, r6, r7, pc}
10006a04:	4663      	mov	r3, ip
10006a06:	681b      	ldr	r3, [r3, #0]
10006a08:	2b00      	cmp	r3, #0
10006a0a:	d000      	beq.n	10006a0e <xTaskResumeAll+0x146>
10006a0c:	e781      	b.n	10006912 <xTaskResumeAll+0x4a>
10006a0e:	e7c0      	b.n	10006992 <xTaskResumeAll+0xca>
10006a10:	6051      	str	r1, [r2, #4]
10006a12:	e79a      	b.n	1000694a <xTaskResumeAll+0x82>
10006a14:	6051      	str	r1, [r2, #4]
10006a16:	e78a      	b.n	1000692e <xTaskResumeAll+0x66>
10006a18:	4b0b      	ldr	r3, [pc, #44]	@ (10006a48 <xTaskResumeAll+0x180>)
10006a1a:	3a01      	subs	r2, #1
10006a1c:	601a      	str	r2, [r3, #0]
10006a1e:	e7c3      	b.n	100069a8 <xTaskResumeAll+0xe0>
10006a20:	4b07      	ldr	r3, [pc, #28]	@ (10006a40 <xTaskResumeAll+0x178>)
10006a22:	469a      	mov	sl, r3
10006a24:	e7c0      	b.n	100069a8 <xTaskResumeAll+0xe0>
10006a26:	46c0      	nop			@ (mov r8, r8)
10006a28:	2002245c 	.word	0x2002245c
10006a2c:	20022454 	.word	0x20022454
10006a30:	200224e4 	.word	0x200224e4
10006a34:	20022464 	.word	0x20022464
10006a38:	2000203c 	.word	0x2000203c
10006a3c:	20002024 	.word	0x20002024
10006a40:	20022538 	.word	0x20022538
10006a44:	2000202c 	.word	0x2000202c
10006a48:	200224d0 	.word	0x200224d0
10006a4c:	200224e0 	.word	0x200224e0

10006a50 <vTaskDelay>:
10006a50:	b5f0      	push	{r4, r5, r6, r7, lr}
10006a52:	46c6      	mov	lr, r8
10006a54:	0004      	movs	r4, r0
10006a56:	b500      	push	{lr}
10006a58:	2800      	cmp	r0, #0
10006a5a:	d021      	beq.n	10006aa0 <vTaskDelay+0x50>
10006a5c:	4a17      	ldr	r2, [pc, #92]	@ (10006abc <vTaskDelay+0x6c>)
10006a5e:	6813      	ldr	r3, [r2, #0]
10006a60:	3301      	adds	r3, #1
10006a62:	6013      	str	r3, [r2, #0]
10006a64:	4b16      	ldr	r3, [pc, #88]	@ (10006ac0 <vTaskDelay+0x70>)
10006a66:	2100      	movs	r1, #0
10006a68:	681e      	ldr	r6, [r3, #0]
10006a6a:	4b16      	ldr	r3, [pc, #88]	@ (10006ac4 <vTaskDelay+0x74>)
10006a6c:	4d16      	ldr	r5, [pc, #88]	@ (10006ac8 <vTaskDelay+0x78>)
10006a6e:	681f      	ldr	r7, [r3, #0]
10006a70:	4b16      	ldr	r3, [pc, #88]	@ (10006acc <vTaskDelay+0x7c>)
10006a72:	19a4      	adds	r4, r4, r6
10006a74:	681b      	ldr	r3, [r3, #0]
10006a76:	682a      	ldr	r2, [r5, #0]
10006a78:	4698      	mov	r8, r3
10006a7a:	236d      	movs	r3, #109	@ 0x6d
10006a7c:	6828      	ldr	r0, [r5, #0]
10006a7e:	54d1      	strb	r1, [r2, r3]
10006a80:	3004      	adds	r0, #4
10006a82:	f7fe ffa1 	bl	100059c8 <uxListRemove>
10006a86:	682b      	ldr	r3, [r5, #0]
10006a88:	6829      	ldr	r1, [r5, #0]
10006a8a:	605c      	str	r4, [r3, #4]
10006a8c:	3104      	adds	r1, #4
10006a8e:	42a6      	cmp	r6, r4
10006a90:	d90b      	bls.n	10006aaa <vTaskDelay+0x5a>
10006a92:	4640      	mov	r0, r8
10006a94:	f7fe ff80 	bl	10005998 <vListInsert>
10006a98:	f7ff ff16 	bl	100068c8 <xTaskResumeAll>
10006a9c:	2800      	cmp	r0, #0
10006a9e:	d101      	bne.n	10006aa4 <vTaskDelay+0x54>
10006aa0:	f7fe fc7a 	bl	10005398 <vPortYield>
10006aa4:	bc80      	pop	{r7}
10006aa6:	46b8      	mov	r8, r7
10006aa8:	bdf0      	pop	{r4, r5, r6, r7, pc}
10006aaa:	0038      	movs	r0, r7
10006aac:	f7fe ff74 	bl	10005998 <vListInsert>
10006ab0:	4b07      	ldr	r3, [pc, #28]	@ (10006ad0 <vTaskDelay+0x80>)
10006ab2:	681a      	ldr	r2, [r3, #0]
10006ab4:	4294      	cmp	r4, r2
10006ab6:	d2ef      	bcs.n	10006a98 <vTaskDelay+0x48>
10006ab8:	601c      	str	r4, [r3, #0]
10006aba:	e7ed      	b.n	10006a98 <vTaskDelay+0x48>
10006abc:	2002245c 	.word	0x2002245c
10006ac0:	2002252c 	.word	0x2002252c
10006ac4:	2000202c 	.word	0x2000202c
10006ac8:	20002024 	.word	0x20002024
10006acc:	20002034 	.word	0x20002034
10006ad0:	200224d0 	.word	0x200224d0

10006ad4 <xTaskGetTickCount>:
10006ad4:	4b01      	ldr	r3, [pc, #4]	@ (10006adc <xTaskGetTickCount+0x8>)
10006ad6:	6818      	ldr	r0, [r3, #0]
10006ad8:	4770      	bx	lr
10006ada:	46c0      	nop			@ (mov r8, r8)
10006adc:	2002252c 	.word	0x2002252c

10006ae0 <uxTaskGetNumberOfTasks>:
10006ae0:	4b01      	ldr	r3, [pc, #4]	@ (10006ae8 <uxTaskGetNumberOfTasks+0x8>)
10006ae2:	6818      	ldr	r0, [r3, #0]
10006ae4:	4770      	bx	lr
10006ae6:	46c0      	nop			@ (mov r8, r8)
10006ae8:	20022454 	.word	0x20022454

10006aec <xTaskIncrementTick>:
10006aec:	4b06      	ldr	r3, [pc, #24]	@ (10006b08 <xTaskIncrementTick+0x1c>)
10006aee:	b510      	push	{r4, lr}
10006af0:	681b      	ldr	r3, [r3, #0]
10006af2:	2b00      	cmp	r3, #0
10006af4:	d102      	bne.n	10006afc <xTaskIncrementTick+0x10>
10006af6:	f7ff fdcb 	bl	10006690 <xTaskIncrementTick.part.0>
10006afa:	bd10      	pop	{r4, pc}
10006afc:	4a03      	ldr	r2, [pc, #12]	@ (10006b0c <xTaskIncrementTick+0x20>)
10006afe:	2000      	movs	r0, #0
10006b00:	6813      	ldr	r3, [r2, #0]
10006b02:	3301      	adds	r3, #1
10006b04:	6013      	str	r3, [r2, #0]
10006b06:	e7f8      	b.n	10006afa <xTaskIncrementTick+0xe>
10006b08:	2002245c 	.word	0x2002245c
10006b0c:	200224e0 	.word	0x200224e0

10006b10 <vTaskSwitchContext>:
10006b10:	4b19      	ldr	r3, [pc, #100]	@ (10006b78 <vTaskSwitchContext+0x68>)
10006b12:	b530      	push	{r4, r5, lr}
10006b14:	681b      	ldr	r3, [r3, #0]
10006b16:	2b00      	cmp	r3, #0
10006b18:	d003      	beq.n	10006b22 <vTaskSwitchContext+0x12>
10006b1a:	2201      	movs	r2, #1
10006b1c:	4b17      	ldr	r3, [pc, #92]	@ (10006b7c <vTaskSwitchContext+0x6c>)
10006b1e:	601a      	str	r2, [r3, #0]
10006b20:	bd30      	pop	{r4, r5, pc}
10006b22:	4a16      	ldr	r2, [pc, #88]	@ (10006b7c <vTaskSwitchContext+0x6c>)
10006b24:	4c16      	ldr	r4, [pc, #88]	@ (10006b80 <vTaskSwitchContext+0x70>)
10006b26:	6013      	str	r3, [r2, #0]
10006b28:	6822      	ldr	r2, [r4, #0]
10006b2a:	4816      	ldr	r0, [pc, #88]	@ (10006b84 <vTaskSwitchContext+0x74>)
10006b2c:	0091      	lsls	r1, r2, #2
10006b2e:	188b      	adds	r3, r1, r2
10006b30:	009b      	lsls	r3, r3, #2
10006b32:	58c5      	ldr	r5, [r0, r3]
10006b34:	2d00      	cmp	r5, #0
10006b36:	d107      	bne.n	10006b48 <vTaskSwitchContext+0x38>
10006b38:	3b14      	subs	r3, #20
10006b3a:	18c3      	adds	r3, r0, r3
10006b3c:	6819      	ldr	r1, [r3, #0]
10006b3e:	3b14      	subs	r3, #20
10006b40:	3a01      	subs	r2, #1
10006b42:	2900      	cmp	r1, #0
10006b44:	d0fa      	beq.n	10006b3c <vTaskSwitchContext+0x2c>
10006b46:	0091      	lsls	r1, r2, #2
10006b48:	1889      	adds	r1, r1, r2
10006b4a:	0089      	lsls	r1, r1, #2
10006b4c:	1845      	adds	r5, r0, r1
10006b4e:	686b      	ldr	r3, [r5, #4]
10006b50:	3108      	adds	r1, #8
10006b52:	685b      	ldr	r3, [r3, #4]
10006b54:	1840      	adds	r0, r0, r1
10006b56:	606b      	str	r3, [r5, #4]
10006b58:	4283      	cmp	r3, r0
10006b5a:	d005      	beq.n	10006b68 <vTaskSwitchContext+0x58>
10006b5c:	68d9      	ldr	r1, [r3, #12]
10006b5e:	4b0a      	ldr	r3, [pc, #40]	@ (10006b88 <vTaskSwitchContext+0x78>)
10006b60:	6019      	str	r1, [r3, #0]
10006b62:	6022      	str	r2, [r4, #0]
10006b64:	681b      	ldr	r3, [r3, #0]
10006b66:	e7db      	b.n	10006b20 <vTaskSwitchContext+0x10>
10006b68:	68eb      	ldr	r3, [r5, #12]
10006b6a:	68d9      	ldr	r1, [r3, #12]
10006b6c:	606b      	str	r3, [r5, #4]
10006b6e:	4b06      	ldr	r3, [pc, #24]	@ (10006b88 <vTaskSwitchContext+0x78>)
10006b70:	6019      	str	r1, [r3, #0]
10006b72:	6022      	str	r2, [r4, #0]
10006b74:	681b      	ldr	r3, [r3, #0]
10006b76:	e7d3      	b.n	10006b20 <vTaskSwitchContext+0x10>
10006b78:	2002245c 	.word	0x2002245c
10006b7c:	20022538 	.word	0x20022538
10006b80:	20022464 	.word	0x20022464
10006b84:	2000203c 	.word	0x2000203c
10006b88:	20002024 	.word	0x20002024

10006b8c <vTaskPlaceOnEventList>:
10006b8c:	b5f0      	push	{r4, r5, r6, r7, lr}
10006b8e:	46c6      	mov	lr, r8
10006b90:	4d20      	ldr	r5, [pc, #128]	@ (10006c14 <vTaskPlaceOnEventList+0x88>)
10006b92:	000c      	movs	r4, r1
10006b94:	6829      	ldr	r1, [r5, #0]
10006b96:	b500      	push	{lr}
10006b98:	3118      	adds	r1, #24
10006b9a:	f7fe fefd 	bl	10005998 <vListInsert>
10006b9e:	4b1e      	ldr	r3, [pc, #120]	@ (10006c18 <vTaskPlaceOnEventList+0x8c>)
10006ba0:	2100      	movs	r1, #0
10006ba2:	681e      	ldr	r6, [r3, #0]
10006ba4:	4b1d      	ldr	r3, [pc, #116]	@ (10006c1c <vTaskPlaceOnEventList+0x90>)
10006ba6:	681f      	ldr	r7, [r3, #0]
10006ba8:	4b1d      	ldr	r3, [pc, #116]	@ (10006c20 <vTaskPlaceOnEventList+0x94>)
10006baa:	681b      	ldr	r3, [r3, #0]
10006bac:	682a      	ldr	r2, [r5, #0]
10006bae:	4698      	mov	r8, r3
10006bb0:	236d      	movs	r3, #109	@ 0x6d
10006bb2:	6828      	ldr	r0, [r5, #0]
10006bb4:	54d1      	strb	r1, [r2, r3]
10006bb6:	3004      	adds	r0, #4
10006bb8:	f7fe ff06 	bl	100059c8 <uxListRemove>
10006bbc:	1c63      	adds	r3, r4, #1
10006bbe:	d015      	beq.n	10006bec <vTaskPlaceOnEventList+0x60>
10006bc0:	682b      	ldr	r3, [r5, #0]
10006bc2:	6829      	ldr	r1, [r5, #0]
10006bc4:	19a4      	adds	r4, r4, r6
10006bc6:	605c      	str	r4, [r3, #4]
10006bc8:	3104      	adds	r1, #4
10006bca:	42a6      	cmp	r6, r4
10006bcc:	d905      	bls.n	10006bda <vTaskPlaceOnEventList+0x4e>
10006bce:	4640      	mov	r0, r8
10006bd0:	f7fe fee2 	bl	10005998 <vListInsert>
10006bd4:	bc80      	pop	{r7}
10006bd6:	46b8      	mov	r8, r7
10006bd8:	bdf0      	pop	{r4, r5, r6, r7, pc}
10006bda:	0038      	movs	r0, r7
10006bdc:	f7fe fedc 	bl	10005998 <vListInsert>
10006be0:	4b10      	ldr	r3, [pc, #64]	@ (10006c24 <vTaskPlaceOnEventList+0x98>)
10006be2:	681a      	ldr	r2, [r3, #0]
10006be4:	4294      	cmp	r4, r2
10006be6:	d2f5      	bcs.n	10006bd4 <vTaskPlaceOnEventList+0x48>
10006be8:	601c      	str	r4, [r3, #0]
10006bea:	e7f3      	b.n	10006bd4 <vTaskPlaceOnEventList+0x48>
10006bec:	4b0e      	ldr	r3, [pc, #56]	@ (10006c28 <vTaskPlaceOnEventList+0x9c>)
10006bee:	6829      	ldr	r1, [r5, #0]
10006bf0:	685a      	ldr	r2, [r3, #4]
10006bf2:	608a      	str	r2, [r1, #8]
10006bf4:	6890      	ldr	r0, [r2, #8]
10006bf6:	6829      	ldr	r1, [r5, #0]
10006bf8:	60c8      	str	r0, [r1, #12]
10006bfa:	6829      	ldr	r1, [r5, #0]
10006bfc:	3104      	adds	r1, #4
10006bfe:	6041      	str	r1, [r0, #4]
10006c00:	6829      	ldr	r1, [r5, #0]
10006c02:	3104      	adds	r1, #4
10006c04:	6091      	str	r1, [r2, #8]
10006c06:	682a      	ldr	r2, [r5, #0]
10006c08:	6153      	str	r3, [r2, #20]
10006c0a:	681a      	ldr	r2, [r3, #0]
10006c0c:	3201      	adds	r2, #1
10006c0e:	601a      	str	r2, [r3, #0]
10006c10:	e7e0      	b.n	10006bd4 <vTaskPlaceOnEventList+0x48>
10006c12:	46c0      	nop			@ (mov r8, r8)
10006c14:	20002024 	.word	0x20002024
10006c18:	2002252c 	.word	0x2002252c
10006c1c:	2000202c 	.word	0x2000202c
10006c20:	20002034 	.word	0x20002034
10006c24:	200224d0 	.word	0x200224d0
10006c28:	20022504 	.word	0x20022504

10006c2c <vTaskPlaceOnUnorderedEventList>:
10006c2c:	2380      	movs	r3, #128	@ 0x80
10006c2e:	b5f0      	push	{r4, r5, r6, r7, lr}
10006c30:	46c6      	mov	lr, r8
10006c32:	4c29      	ldr	r4, [pc, #164]	@ (10006cd8 <vTaskPlaceOnUnorderedEventList+0xac>)
10006c34:	0015      	movs	r5, r2
10006c36:	061b      	lsls	r3, r3, #24
10006c38:	6822      	ldr	r2, [r4, #0]
10006c3a:	430b      	orrs	r3, r1
10006c3c:	b500      	push	{lr}
10006c3e:	6193      	str	r3, [r2, #24]
10006c40:	6822      	ldr	r2, [r4, #0]
10006c42:	6843      	ldr	r3, [r0, #4]
10006c44:	6899      	ldr	r1, [r3, #8]
10006c46:	61d3      	str	r3, [r2, #28]
10006c48:	6822      	ldr	r2, [r4, #0]
10006c4a:	6211      	str	r1, [r2, #32]
10006c4c:	6822      	ldr	r2, [r4, #0]
10006c4e:	3218      	adds	r2, #24
10006c50:	604a      	str	r2, [r1, #4]
10006c52:	6822      	ldr	r2, [r4, #0]
10006c54:	2100      	movs	r1, #0
10006c56:	3218      	adds	r2, #24
10006c58:	609a      	str	r2, [r3, #8]
10006c5a:	6823      	ldr	r3, [r4, #0]
10006c5c:	6298      	str	r0, [r3, #40]	@ 0x28
10006c5e:	6803      	ldr	r3, [r0, #0]
10006c60:	3301      	adds	r3, #1
10006c62:	6003      	str	r3, [r0, #0]
10006c64:	4b1d      	ldr	r3, [pc, #116]	@ (10006cdc <vTaskPlaceOnUnorderedEventList+0xb0>)
10006c66:	681e      	ldr	r6, [r3, #0]
10006c68:	4b1d      	ldr	r3, [pc, #116]	@ (10006ce0 <vTaskPlaceOnUnorderedEventList+0xb4>)
10006c6a:	681f      	ldr	r7, [r3, #0]
10006c6c:	4b1d      	ldr	r3, [pc, #116]	@ (10006ce4 <vTaskPlaceOnUnorderedEventList+0xb8>)
10006c6e:	681b      	ldr	r3, [r3, #0]
10006c70:	6822      	ldr	r2, [r4, #0]
10006c72:	4698      	mov	r8, r3
10006c74:	236d      	movs	r3, #109	@ 0x6d
10006c76:	6820      	ldr	r0, [r4, #0]
10006c78:	54d1      	strb	r1, [r2, r3]
10006c7a:	3004      	adds	r0, #4
10006c7c:	f7fe fea4 	bl	100059c8 <uxListRemove>
10006c80:	1c6b      	adds	r3, r5, #1
10006c82:	d015      	beq.n	10006cb0 <vTaskPlaceOnUnorderedEventList+0x84>
10006c84:	6823      	ldr	r3, [r4, #0]
10006c86:	6821      	ldr	r1, [r4, #0]
10006c88:	19ad      	adds	r5, r5, r6
10006c8a:	605d      	str	r5, [r3, #4]
10006c8c:	3104      	adds	r1, #4
10006c8e:	42ae      	cmp	r6, r5
10006c90:	d905      	bls.n	10006c9e <vTaskPlaceOnUnorderedEventList+0x72>
10006c92:	4640      	mov	r0, r8
10006c94:	f7fe fe80 	bl	10005998 <vListInsert>
10006c98:	bc80      	pop	{r7}
10006c9a:	46b8      	mov	r8, r7
10006c9c:	bdf0      	pop	{r4, r5, r6, r7, pc}
10006c9e:	0038      	movs	r0, r7
10006ca0:	f7fe fe7a 	bl	10005998 <vListInsert>
10006ca4:	4b10      	ldr	r3, [pc, #64]	@ (10006ce8 <vTaskPlaceOnUnorderedEventList+0xbc>)
10006ca6:	681a      	ldr	r2, [r3, #0]
10006ca8:	4295      	cmp	r5, r2
10006caa:	d2f5      	bcs.n	10006c98 <vTaskPlaceOnUnorderedEventList+0x6c>
10006cac:	601d      	str	r5, [r3, #0]
10006cae:	e7f3      	b.n	10006c98 <vTaskPlaceOnUnorderedEventList+0x6c>
10006cb0:	4b0e      	ldr	r3, [pc, #56]	@ (10006cec <vTaskPlaceOnUnorderedEventList+0xc0>)
10006cb2:	6821      	ldr	r1, [r4, #0]
10006cb4:	685a      	ldr	r2, [r3, #4]
10006cb6:	608a      	str	r2, [r1, #8]
10006cb8:	6890      	ldr	r0, [r2, #8]
10006cba:	6821      	ldr	r1, [r4, #0]
10006cbc:	60c8      	str	r0, [r1, #12]
10006cbe:	6821      	ldr	r1, [r4, #0]
10006cc0:	3104      	adds	r1, #4
10006cc2:	6041      	str	r1, [r0, #4]
10006cc4:	6821      	ldr	r1, [r4, #0]
10006cc6:	3104      	adds	r1, #4
10006cc8:	6091      	str	r1, [r2, #8]
10006cca:	6822      	ldr	r2, [r4, #0]
10006ccc:	6153      	str	r3, [r2, #20]
10006cce:	681a      	ldr	r2, [r3, #0]
10006cd0:	3201      	adds	r2, #1
10006cd2:	601a      	str	r2, [r3, #0]
10006cd4:	e7e0      	b.n	10006c98 <vTaskPlaceOnUnorderedEventList+0x6c>
10006cd6:	46c0      	nop			@ (mov r8, r8)
10006cd8:	20002024 	.word	0x20002024
10006cdc:	2002252c 	.word	0x2002252c
10006ce0:	2000202c 	.word	0x2000202c
10006ce4:	20002034 	.word	0x20002034
10006ce8:	200224d0 	.word	0x200224d0
10006cec:	20022504 	.word	0x20022504

10006cf0 <vTaskPlaceOnEventListRestricted>:
10006cf0:	b5f0      	push	{r4, r5, r6, r7, lr}
10006cf2:	46c6      	mov	lr, r8
10006cf4:	4c35      	ldr	r4, [pc, #212]	@ (10006dcc <vTaskPlaceOnEventListRestricted+0xdc>)
10006cf6:	6843      	ldr	r3, [r0, #4]
10006cf8:	000d      	movs	r5, r1
10006cfa:	6821      	ldr	r1, [r4, #0]
10006cfc:	b500      	push	{lr}
10006cfe:	689e      	ldr	r6, [r3, #8]
10006d00:	61cb      	str	r3, [r1, #28]
10006d02:	6821      	ldr	r1, [r4, #0]
10006d04:	620e      	str	r6, [r1, #32]
10006d06:	6821      	ldr	r1, [r4, #0]
10006d08:	3118      	adds	r1, #24
10006d0a:	6071      	str	r1, [r6, #4]
10006d0c:	6821      	ldr	r1, [r4, #0]
10006d0e:	3118      	adds	r1, #24
10006d10:	6099      	str	r1, [r3, #8]
10006d12:	6823      	ldr	r3, [r4, #0]
10006d14:	6298      	str	r0, [r3, #40]	@ 0x28
10006d16:	6803      	ldr	r3, [r0, #0]
10006d18:	3301      	adds	r3, #1
10006d1a:	6003      	str	r3, [r0, #0]
10006d1c:	4b2c      	ldr	r3, [pc, #176]	@ (10006dd0 <vTaskPlaceOnEventListRestricted+0xe0>)
10006d1e:	2a00      	cmp	r2, #0
10006d20:	d021      	beq.n	10006d66 <vTaskPlaceOnEventListRestricted+0x76>
10006d22:	681b      	ldr	r3, [r3, #0]
10006d24:	4b2b      	ldr	r3, [pc, #172]	@ (10006dd4 <vTaskPlaceOnEventListRestricted+0xe4>)
10006d26:	2100      	movs	r1, #0
10006d28:	681b      	ldr	r3, [r3, #0]
10006d2a:	4b2b      	ldr	r3, [pc, #172]	@ (10006dd8 <vTaskPlaceOnEventListRestricted+0xe8>)
10006d2c:	681b      	ldr	r3, [r3, #0]
10006d2e:	236d      	movs	r3, #109	@ 0x6d
10006d30:	6822      	ldr	r2, [r4, #0]
10006d32:	6820      	ldr	r0, [r4, #0]
10006d34:	54d1      	strb	r1, [r2, r3]
10006d36:	3004      	adds	r0, #4
10006d38:	f7fe fe46 	bl	100059c8 <uxListRemove>
10006d3c:	4b27      	ldr	r3, [pc, #156]	@ (10006ddc <vTaskPlaceOnEventListRestricted+0xec>)
10006d3e:	6821      	ldr	r1, [r4, #0]
10006d40:	685a      	ldr	r2, [r3, #4]
10006d42:	608a      	str	r2, [r1, #8]
10006d44:	6890      	ldr	r0, [r2, #8]
10006d46:	6821      	ldr	r1, [r4, #0]
10006d48:	60c8      	str	r0, [r1, #12]
10006d4a:	6821      	ldr	r1, [r4, #0]
10006d4c:	3104      	adds	r1, #4
10006d4e:	6041      	str	r1, [r0, #4]
10006d50:	6821      	ldr	r1, [r4, #0]
10006d52:	3104      	adds	r1, #4
10006d54:	6091      	str	r1, [r2, #8]
10006d56:	6822      	ldr	r2, [r4, #0]
10006d58:	6153      	str	r3, [r2, #20]
10006d5a:	681a      	ldr	r2, [r3, #0]
10006d5c:	3201      	adds	r2, #1
10006d5e:	601a      	str	r2, [r3, #0]
10006d60:	bc80      	pop	{r7}
10006d62:	46b8      	mov	r8, r7
10006d64:	bdf0      	pop	{r4, r5, r6, r7, pc}
10006d66:	681e      	ldr	r6, [r3, #0]
10006d68:	4b1a      	ldr	r3, [pc, #104]	@ (10006dd4 <vTaskPlaceOnEventListRestricted+0xe4>)
10006d6a:	681f      	ldr	r7, [r3, #0]
10006d6c:	4b1a      	ldr	r3, [pc, #104]	@ (10006dd8 <vTaskPlaceOnEventListRestricted+0xe8>)
10006d6e:	681b      	ldr	r3, [r3, #0]
10006d70:	6821      	ldr	r1, [r4, #0]
10006d72:	4698      	mov	r8, r3
10006d74:	236d      	movs	r3, #109	@ 0x6d
10006d76:	6820      	ldr	r0, [r4, #0]
10006d78:	54ca      	strb	r2, [r1, r3]
10006d7a:	3004      	adds	r0, #4
10006d7c:	f7fe fe24 	bl	100059c8 <uxListRemove>
10006d80:	1c6b      	adds	r3, r5, #1
10006d82:	d015      	beq.n	10006db0 <vTaskPlaceOnEventListRestricted+0xc0>
10006d84:	6823      	ldr	r3, [r4, #0]
10006d86:	19ad      	adds	r5, r5, r6
10006d88:	605d      	str	r5, [r3, #4]
10006d8a:	42ae      	cmp	r6, r5
10006d8c:	d80a      	bhi.n	10006da4 <vTaskPlaceOnEventListRestricted+0xb4>
10006d8e:	6821      	ldr	r1, [r4, #0]
10006d90:	0038      	movs	r0, r7
10006d92:	3104      	adds	r1, #4
10006d94:	f7fe fe00 	bl	10005998 <vListInsert>
10006d98:	4b11      	ldr	r3, [pc, #68]	@ (10006de0 <vTaskPlaceOnEventListRestricted+0xf0>)
10006d9a:	681a      	ldr	r2, [r3, #0]
10006d9c:	4295      	cmp	r5, r2
10006d9e:	d2df      	bcs.n	10006d60 <vTaskPlaceOnEventListRestricted+0x70>
10006da0:	601d      	str	r5, [r3, #0]
10006da2:	e7dd      	b.n	10006d60 <vTaskPlaceOnEventListRestricted+0x70>
10006da4:	6821      	ldr	r1, [r4, #0]
10006da6:	4640      	mov	r0, r8
10006da8:	3104      	adds	r1, #4
10006daa:	f7fe fdf5 	bl	10005998 <vListInsert>
10006dae:	e7d7      	b.n	10006d60 <vTaskPlaceOnEventListRestricted+0x70>
10006db0:	6822      	ldr	r2, [r4, #0]
10006db2:	1e73      	subs	r3, r6, #1
10006db4:	6053      	str	r3, [r2, #4]
10006db6:	429e      	cmp	r6, r3
10006db8:	d8f4      	bhi.n	10006da4 <vTaskPlaceOnEventListRestricted+0xb4>
10006dba:	6821      	ldr	r1, [r4, #0]
10006dbc:	0038      	movs	r0, r7
10006dbe:	3104      	adds	r1, #4
10006dc0:	f7fe fdea 	bl	10005998 <vListInsert>
10006dc4:	4b06      	ldr	r3, [pc, #24]	@ (10006de0 <vTaskPlaceOnEventListRestricted+0xf0>)
10006dc6:	681b      	ldr	r3, [r3, #0]
10006dc8:	e7ca      	b.n	10006d60 <vTaskPlaceOnEventListRestricted+0x70>
10006dca:	46c0      	nop			@ (mov r8, r8)
10006dcc:	20002024 	.word	0x20002024
10006dd0:	2002252c 	.word	0x2002252c
10006dd4:	2000202c 	.word	0x2000202c
10006dd8:	20002034 	.word	0x20002034
10006ddc:	20022504 	.word	0x20022504
10006de0:	200224d0 	.word	0x200224d0

10006de4 <xTaskRemoveFromEventList>:
10006de4:	68c3      	ldr	r3, [r0, #12]
10006de6:	b5f0      	push	{r4, r5, r6, r7, lr}
10006de8:	68db      	ldr	r3, [r3, #12]
10006dea:	69d8      	ldr	r0, [r3, #28]
10006dec:	6a19      	ldr	r1, [r3, #32]
10006dee:	6a9a      	ldr	r2, [r3, #40]	@ 0x28
10006df0:	6081      	str	r1, [r0, #8]
10006df2:	6048      	str	r0, [r1, #4]
10006df4:	0018      	movs	r0, r3
10006df6:	6854      	ldr	r4, [r2, #4]
10006df8:	3018      	adds	r0, #24
10006dfa:	4284      	cmp	r4, r0
10006dfc:	d041      	beq.n	10006e82 <xTaskRemoveFromEventList+0x9e>
10006dfe:	2100      	movs	r1, #0
10006e00:	6299      	str	r1, [r3, #40]	@ 0x28
10006e02:	6811      	ldr	r1, [r2, #0]
10006e04:	3901      	subs	r1, #1
10006e06:	6011      	str	r1, [r2, #0]
10006e08:	4a23      	ldr	r2, [pc, #140]	@ (10006e98 <xTaskRemoveFromEventList+0xb4>)
10006e0a:	6ad9      	ldr	r1, [r3, #44]	@ 0x2c
10006e0c:	6812      	ldr	r2, [r2, #0]
10006e0e:	2a00      	cmp	r2, #0
10006e10:	d129      	bne.n	10006e66 <xTaskRemoveFromEventList+0x82>
10006e12:	695a      	ldr	r2, [r3, #20]
10006e14:	689c      	ldr	r4, [r3, #8]
10006e16:	68d8      	ldr	r0, [r3, #12]
10006e18:	1d1d      	adds	r5, r3, #4
10006e1a:	60a0      	str	r0, [r4, #8]
10006e1c:	6044      	str	r4, [r0, #4]
10006e1e:	6854      	ldr	r4, [r2, #4]
10006e20:	42ac      	cmp	r4, r5
10006e22:	d030      	beq.n	10006e86 <xTaskRemoveFromEventList+0xa2>
10006e24:	6810      	ldr	r0, [r2, #0]
10006e26:	3801      	subs	r0, #1
10006e28:	6010      	str	r0, [r2, #0]
10006e2a:	4a1c      	ldr	r2, [pc, #112]	@ (10006e9c <xTaskRemoveFromEventList+0xb8>)
10006e2c:	6810      	ldr	r0, [r2, #0]
10006e2e:	4288      	cmp	r0, r1
10006e30:	d325      	bcc.n	10006e7e <xTaskRemoveFromEventList+0x9a>
10006e32:	008a      	lsls	r2, r1, #2
10006e34:	481a      	ldr	r0, [pc, #104]	@ (10006ea0 <xTaskRemoveFromEventList+0xbc>)
10006e36:	1852      	adds	r2, r2, r1
10006e38:	0092      	lsls	r2, r2, #2
10006e3a:	1886      	adds	r6, r0, r2
10006e3c:	6874      	ldr	r4, [r6, #4]
10006e3e:	68a7      	ldr	r7, [r4, #8]
10006e40:	609c      	str	r4, [r3, #8]
10006e42:	60df      	str	r7, [r3, #12]
10006e44:	607d      	str	r5, [r7, #4]
10006e46:	60a5      	str	r5, [r4, #8]
10006e48:	615e      	str	r6, [r3, #20]
10006e4a:	5883      	ldr	r3, [r0, r2]
10006e4c:	3301      	adds	r3, #1
10006e4e:	5083      	str	r3, [r0, r2]
10006e50:	4b14      	ldr	r3, [pc, #80]	@ (10006ea4 <xTaskRemoveFromEventList+0xc0>)
10006e52:	2000      	movs	r0, #0
10006e54:	681b      	ldr	r3, [r3, #0]
10006e56:	6adb      	ldr	r3, [r3, #44]	@ 0x2c
10006e58:	428b      	cmp	r3, r1
10006e5a:	d203      	bcs.n	10006e64 <xTaskRemoveFromEventList+0x80>
10006e5c:	2201      	movs	r2, #1
10006e5e:	4b12      	ldr	r3, [pc, #72]	@ (10006ea8 <xTaskRemoveFromEventList+0xc4>)
10006e60:	3001      	adds	r0, #1
10006e62:	601a      	str	r2, [r3, #0]
10006e64:	bdf0      	pop	{r4, r5, r6, r7, pc}
10006e66:	4a11      	ldr	r2, [pc, #68]	@ (10006eac <xTaskRemoveFromEventList+0xc8>)
10006e68:	6854      	ldr	r4, [r2, #4]
10006e6a:	68a5      	ldr	r5, [r4, #8]
10006e6c:	61dc      	str	r4, [r3, #28]
10006e6e:	621d      	str	r5, [r3, #32]
10006e70:	6068      	str	r0, [r5, #4]
10006e72:	60a0      	str	r0, [r4, #8]
10006e74:	629a      	str	r2, [r3, #40]	@ 0x28
10006e76:	6813      	ldr	r3, [r2, #0]
10006e78:	3301      	adds	r3, #1
10006e7a:	6013      	str	r3, [r2, #0]
10006e7c:	e7e8      	b.n	10006e50 <xTaskRemoveFromEventList+0x6c>
10006e7e:	6011      	str	r1, [r2, #0]
10006e80:	e7d7      	b.n	10006e32 <xTaskRemoveFromEventList+0x4e>
10006e82:	6051      	str	r1, [r2, #4]
10006e84:	e7bb      	b.n	10006dfe <xTaskRemoveFromEventList+0x1a>
10006e86:	6050      	str	r0, [r2, #4]
10006e88:	6810      	ldr	r0, [r2, #0]
10006e8a:	3801      	subs	r0, #1
10006e8c:	6010      	str	r0, [r2, #0]
10006e8e:	4a03      	ldr	r2, [pc, #12]	@ (10006e9c <xTaskRemoveFromEventList+0xb8>)
10006e90:	6810      	ldr	r0, [r2, #0]
10006e92:	4288      	cmp	r0, r1
10006e94:	d2cd      	bcs.n	10006e32 <xTaskRemoveFromEventList+0x4e>
10006e96:	e7f2      	b.n	10006e7e <xTaskRemoveFromEventList+0x9a>
10006e98:	2002245c 	.word	0x2002245c
10006e9c:	20022464 	.word	0x20022464
10006ea0:	2000203c 	.word	0x2000203c
10006ea4:	20002024 	.word	0x20002024
10006ea8:	20022538 	.word	0x20022538
10006eac:	200224e4 	.word	0x200224e4

10006eb0 <vTaskRemoveFromUnorderedEventList>:
10006eb0:	2380      	movs	r3, #128	@ 0x80
10006eb2:	061b      	lsls	r3, r3, #24
10006eb4:	b5f0      	push	{r4, r5, r6, r7, lr}
10006eb6:	6902      	ldr	r2, [r0, #16]
10006eb8:	6844      	ldr	r4, [r0, #4]
10006eba:	430b      	orrs	r3, r1
10006ebc:	6881      	ldr	r1, [r0, #8]
10006ebe:	6003      	str	r3, [r0, #0]
10006ec0:	68c3      	ldr	r3, [r0, #12]
10006ec2:	60a1      	str	r1, [r4, #8]
10006ec4:	604c      	str	r4, [r1, #4]
10006ec6:	6854      	ldr	r4, [r2, #4]
10006ec8:	4284      	cmp	r4, r0
10006eca:	d02e      	beq.n	10006f2a <vTaskRemoveFromUnorderedEventList+0x7a>
10006ecc:	2100      	movs	r1, #0
10006ece:	6101      	str	r1, [r0, #16]
10006ed0:	6811      	ldr	r1, [r2, #0]
10006ed2:	6898      	ldr	r0, [r3, #8]
10006ed4:	3901      	subs	r1, #1
10006ed6:	6011      	str	r1, [r2, #0]
10006ed8:	695a      	ldr	r2, [r3, #20]
10006eda:	68d9      	ldr	r1, [r3, #12]
10006edc:	1d1d      	adds	r5, r3, #4
10006ede:	6081      	str	r1, [r0, #8]
10006ee0:	6048      	str	r0, [r1, #4]
10006ee2:	6850      	ldr	r0, [r2, #4]
10006ee4:	42a8      	cmp	r0, r5
10006ee6:	d022      	beq.n	10006f2e <vTaskRemoveFromUnorderedEventList+0x7e>
10006ee8:	6811      	ldr	r1, [r2, #0]
10006eea:	3901      	subs	r1, #1
10006eec:	6011      	str	r1, [r2, #0]
10006eee:	4a11      	ldr	r2, [pc, #68]	@ (10006f34 <vTaskRemoveFromUnorderedEventList+0x84>)
10006ef0:	6ad9      	ldr	r1, [r3, #44]	@ 0x2c
10006ef2:	6810      	ldr	r0, [r2, #0]
10006ef4:	4281      	cmp	r1, r0
10006ef6:	d900      	bls.n	10006efa <vTaskRemoveFromUnorderedEventList+0x4a>
10006ef8:	6011      	str	r1, [r2, #0]
10006efa:	008a      	lsls	r2, r1, #2
10006efc:	480e      	ldr	r0, [pc, #56]	@ (10006f38 <vTaskRemoveFromUnorderedEventList+0x88>)
10006efe:	1852      	adds	r2, r2, r1
10006f00:	0092      	lsls	r2, r2, #2
10006f02:	1886      	adds	r6, r0, r2
10006f04:	6874      	ldr	r4, [r6, #4]
10006f06:	68a7      	ldr	r7, [r4, #8]
10006f08:	609c      	str	r4, [r3, #8]
10006f0a:	60df      	str	r7, [r3, #12]
10006f0c:	607d      	str	r5, [r7, #4]
10006f0e:	60a5      	str	r5, [r4, #8]
10006f10:	615e      	str	r6, [r3, #20]
10006f12:	5883      	ldr	r3, [r0, r2]
10006f14:	3301      	adds	r3, #1
10006f16:	5083      	str	r3, [r0, r2]
10006f18:	4b08      	ldr	r3, [pc, #32]	@ (10006f3c <vTaskRemoveFromUnorderedEventList+0x8c>)
10006f1a:	681b      	ldr	r3, [r3, #0]
10006f1c:	6adb      	ldr	r3, [r3, #44]	@ 0x2c
10006f1e:	4299      	cmp	r1, r3
10006f20:	d902      	bls.n	10006f28 <vTaskRemoveFromUnorderedEventList+0x78>
10006f22:	2201      	movs	r2, #1
10006f24:	4b06      	ldr	r3, [pc, #24]	@ (10006f40 <vTaskRemoveFromUnorderedEventList+0x90>)
10006f26:	601a      	str	r2, [r3, #0]
10006f28:	bdf0      	pop	{r4, r5, r6, r7, pc}
10006f2a:	6051      	str	r1, [r2, #4]
10006f2c:	e7ce      	b.n	10006ecc <vTaskRemoveFromUnorderedEventList+0x1c>
10006f2e:	6051      	str	r1, [r2, #4]
10006f30:	e7da      	b.n	10006ee8 <vTaskRemoveFromUnorderedEventList+0x38>
10006f32:	46c0      	nop			@ (mov r8, r8)
10006f34:	20022464 	.word	0x20022464
10006f38:	2000203c 	.word	0x2000203c
10006f3c:	20002024 	.word	0x20002024
10006f40:	20022538 	.word	0x20022538

10006f44 <vTaskInternalSetTimeOutState>:
10006f44:	4b03      	ldr	r3, [pc, #12]	@ (10006f54 <vTaskInternalSetTimeOutState+0x10>)
10006f46:	681b      	ldr	r3, [r3, #0]
10006f48:	6003      	str	r3, [r0, #0]
10006f4a:	4b03      	ldr	r3, [pc, #12]	@ (10006f58 <vTaskInternalSetTimeOutState+0x14>)
10006f4c:	681b      	ldr	r3, [r3, #0]
10006f4e:	6043      	str	r3, [r0, #4]
10006f50:	4770      	bx	lr
10006f52:	46c0      	nop			@ (mov r8, r8)
10006f54:	200224d4 	.word	0x200224d4
10006f58:	2002252c 	.word	0x2002252c

10006f5c <xTaskCheckForTimeOut>:
10006f5c:	b5f0      	push	{r4, r5, r6, r7, lr}
10006f5e:	46c6      	mov	lr, r8
10006f60:	b500      	push	{lr}
10006f62:	0004      	movs	r4, r0
10006f64:	000e      	movs	r6, r1
10006f66:	f7fe fa23 	bl	100053b0 <vPortEnterCritical>
10006f6a:	236d      	movs	r3, #109	@ 0x6d
10006f6c:	4815      	ldr	r0, [pc, #84]	@ (10006fc4 <xTaskCheckForTimeOut+0x68>)
10006f6e:	4a16      	ldr	r2, [pc, #88]	@ (10006fc8 <xTaskCheckForTimeOut+0x6c>)
10006f70:	6807      	ldr	r7, [r0, #0]
10006f72:	6815      	ldr	r5, [r2, #0]
10006f74:	6861      	ldr	r1, [r4, #4]
10006f76:	5ced      	ldrb	r5, [r5, r3]
10006f78:	2d00      	cmp	r5, #0
10006f7a:	d009      	beq.n	10006f90 <xTaskCheckForTimeOut+0x34>
10006f7c:	2100      	movs	r1, #0
10006f7e:	6812      	ldr	r2, [r2, #0]
10006f80:	54d1      	strb	r1, [r2, r3]
10006f82:	2401      	movs	r4, #1
10006f84:	f7fe fa20 	bl	100053c8 <vPortExitCritical>
10006f88:	0020      	movs	r0, r4
10006f8a:	bc80      	pop	{r7}
10006f8c:	46b8      	mov	r8, r7
10006f8e:	bdf0      	pop	{r4, r5, r6, r7, pc}
10006f90:	6833      	ldr	r3, [r6, #0]
10006f92:	1c5a      	adds	r2, r3, #1
10006f94:	d014      	beq.n	10006fc0 <xTaskCheckForTimeOut+0x64>
10006f96:	4a0d      	ldr	r2, [pc, #52]	@ (10006fcc <xTaskCheckForTimeOut+0x70>)
10006f98:	6815      	ldr	r5, [r2, #0]
10006f9a:	46a8      	mov	r8, r5
10006f9c:	6825      	ldr	r5, [r4, #0]
10006f9e:	4545      	cmp	r5, r8
10006fa0:	d004      	beq.n	10006fac <xTaskCheckForTimeOut+0x50>
10006fa2:	42b9      	cmp	r1, r7
10006fa4:	d802      	bhi.n	10006fac <xTaskCheckForTimeOut+0x50>
10006fa6:	2300      	movs	r3, #0
10006fa8:	6033      	str	r3, [r6, #0]
10006faa:	e7ea      	b.n	10006f82 <xTaskCheckForTimeOut+0x26>
10006fac:	1a7d      	subs	r5, r7, r1
10006fae:	42ab      	cmp	r3, r5
10006fb0:	d9f9      	bls.n	10006fa6 <xTaskCheckForTimeOut+0x4a>
10006fb2:	1bdb      	subs	r3, r3, r7
10006fb4:	185b      	adds	r3, r3, r1
10006fb6:	6033      	str	r3, [r6, #0]
10006fb8:	6813      	ldr	r3, [r2, #0]
10006fba:	6023      	str	r3, [r4, #0]
10006fbc:	6803      	ldr	r3, [r0, #0]
10006fbe:	6063      	str	r3, [r4, #4]
10006fc0:	2400      	movs	r4, #0
10006fc2:	e7df      	b.n	10006f84 <xTaskCheckForTimeOut+0x28>
10006fc4:	2002252c 	.word	0x2002252c
10006fc8:	20002024 	.word	0x20002024
10006fcc:	200224d4 	.word	0x200224d4

10006fd0 <vTaskMissedYield>:
10006fd0:	2201      	movs	r2, #1
10006fd2:	4b01      	ldr	r3, [pc, #4]	@ (10006fd8 <vTaskMissedYield+0x8>)
10006fd4:	601a      	str	r2, [r3, #0]
10006fd6:	4770      	bx	lr
10006fd8:	20022538 	.word	0x20022538

10006fdc <xTaskGetCurrentTaskHandle>:
10006fdc:	4b01      	ldr	r3, [pc, #4]	@ (10006fe4 <xTaskGetCurrentTaskHandle+0x8>)
10006fde:	6818      	ldr	r0, [r3, #0]
10006fe0:	4770      	bx	lr
10006fe2:	46c0      	nop			@ (mov r8, r8)
10006fe4:	20002024 	.word	0x20002024

10006fe8 <xTaskPriorityInherit>:
10006fe8:	b5f8      	push	{r3, r4, r5, r6, r7, lr}
10006fea:	1e04      	subs	r4, r0, #0
10006fec:	d021      	beq.n	10007032 <xTaskPriorityInherit+0x4a>
10006fee:	4d20      	ldr	r5, [pc, #128]	@ (10007070 <xTaskPriorityInherit+0x88>)
10006ff0:	6ac2      	ldr	r2, [r0, #44]	@ 0x2c
10006ff2:	682b      	ldr	r3, [r5, #0]
10006ff4:	6adb      	ldr	r3, [r3, #44]	@ 0x2c
10006ff6:	429a      	cmp	r2, r3
10006ff8:	d214      	bcs.n	10007024 <xTaskPriorityInherit+0x3c>
10006ffa:	6983      	ldr	r3, [r0, #24]
10006ffc:	2b00      	cmp	r3, #0
10006ffe:	db04      	blt.n	1000700a <xTaskPriorityInherit+0x22>
10007000:	682b      	ldr	r3, [r5, #0]
10007002:	6ad9      	ldr	r1, [r3, #44]	@ 0x2c
10007004:	2320      	movs	r3, #32
10007006:	1a5b      	subs	r3, r3, r1
10007008:	6183      	str	r3, [r0, #24]
1000700a:	0093      	lsls	r3, r2, #2
1000700c:	189b      	adds	r3, r3, r2
1000700e:	4e19      	ldr	r6, [pc, #100]	@ (10007074 <xTaskPriorityInherit+0x8c>)
10007010:	009b      	lsls	r3, r3, #2
10007012:	6962      	ldr	r2, [r4, #20]
10007014:	18f3      	adds	r3, r6, r3
10007016:	429a      	cmp	r2, r3
10007018:	d00d      	beq.n	10007036 <xTaskPriorityInherit+0x4e>
1000701a:	682b      	ldr	r3, [r5, #0]
1000701c:	2001      	movs	r0, #1
1000701e:	6adb      	ldr	r3, [r3, #44]	@ 0x2c
10007020:	62e3      	str	r3, [r4, #44]	@ 0x2c
10007022:	e005      	b.n	10007030 <xTaskPriorityInherit+0x48>
10007024:	682b      	ldr	r3, [r5, #0]
10007026:	6cc0      	ldr	r0, [r0, #76]	@ 0x4c
10007028:	6adb      	ldr	r3, [r3, #44]	@ 0x2c
1000702a:	4298      	cmp	r0, r3
1000702c:	4180      	sbcs	r0, r0
1000702e:	4240      	negs	r0, r0
10007030:	bdf8      	pop	{r3, r4, r5, r6, r7, pc}
10007032:	2000      	movs	r0, #0
10007034:	e7fc      	b.n	10007030 <xTaskPriorityInherit+0x48>
10007036:	1d27      	adds	r7, r4, #4
10007038:	0038      	movs	r0, r7
1000703a:	f7fe fcc5 	bl	100059c8 <uxListRemove>
1000703e:	682b      	ldr	r3, [r5, #0]
10007040:	6ada      	ldr	r2, [r3, #44]	@ 0x2c
10007042:	4b0d      	ldr	r3, [pc, #52]	@ (10007078 <xTaskPriorityInherit+0x90>)
10007044:	62e2      	str	r2, [r4, #44]	@ 0x2c
10007046:	6819      	ldr	r1, [r3, #0]
10007048:	428a      	cmp	r2, r1
1000704a:	d900      	bls.n	1000704e <xTaskPriorityInherit+0x66>
1000704c:	601a      	str	r2, [r3, #0]
1000704e:	0093      	lsls	r3, r2, #2
10007050:	189b      	adds	r3, r3, r2
10007052:	009b      	lsls	r3, r3, #2
10007054:	18f1      	adds	r1, r6, r3
10007056:	684a      	ldr	r2, [r1, #4]
10007058:	6890      	ldr	r0, [r2, #8]
1000705a:	60a2      	str	r2, [r4, #8]
1000705c:	60e0      	str	r0, [r4, #12]
1000705e:	6047      	str	r7, [r0, #4]
10007060:	6097      	str	r7, [r2, #8]
10007062:	58f2      	ldr	r2, [r6, r3]
10007064:	6161      	str	r1, [r4, #20]
10007066:	3201      	adds	r2, #1
10007068:	2001      	movs	r0, #1
1000706a:	50f2      	str	r2, [r6, r3]
1000706c:	e7e0      	b.n	10007030 <xTaskPriorityInherit+0x48>
1000706e:	46c0      	nop			@ (mov r8, r8)
10007070:	20002024 	.word	0x20002024
10007074:	2000203c 	.word	0x2000203c
10007078:	20022464 	.word	0x20022464

1000707c <xTaskPriorityDisinherit>:
1000707c:	b570      	push	{r4, r5, r6, lr}
1000707e:	1e04      	subs	r4, r0, #0
10007080:	d008      	beq.n	10007094 <xTaskPriorityDisinherit+0x18>
10007082:	6d03      	ldr	r3, [r0, #80]	@ 0x50
10007084:	6ac1      	ldr	r1, [r0, #44]	@ 0x2c
10007086:	6cc2      	ldr	r2, [r0, #76]	@ 0x4c
10007088:	3b01      	subs	r3, #1
1000708a:	6503      	str	r3, [r0, #80]	@ 0x50
1000708c:	4291      	cmp	r1, r2
1000708e:	d001      	beq.n	10007094 <xTaskPriorityDisinherit+0x18>
10007090:	2b00      	cmp	r3, #0
10007092:	d001      	beq.n	10007098 <xTaskPriorityDisinherit+0x1c>
10007094:	2000      	movs	r0, #0
10007096:	bd70      	pop	{r4, r5, r6, pc}
10007098:	1d05      	adds	r5, r0, #4
1000709a:	0028      	movs	r0, r5
1000709c:	f7fe fc94 	bl	100059c8 <uxListRemove>
100070a0:	2320      	movs	r3, #32
100070a2:	6ce2      	ldr	r2, [r4, #76]	@ 0x4c
100070a4:	1a9b      	subs	r3, r3, r2
100070a6:	61a3      	str	r3, [r4, #24]
100070a8:	4b0b      	ldr	r3, [pc, #44]	@ (100070d8 <xTaskPriorityDisinherit+0x5c>)
100070aa:	62e2      	str	r2, [r4, #44]	@ 0x2c
100070ac:	6819      	ldr	r1, [r3, #0]
100070ae:	428a      	cmp	r2, r1
100070b0:	d900      	bls.n	100070b4 <xTaskPriorityDisinherit+0x38>
100070b2:	601a      	str	r2, [r3, #0]
100070b4:	0093      	lsls	r3, r2, #2
100070b6:	4909      	ldr	r1, [pc, #36]	@ (100070dc <xTaskPriorityDisinherit+0x60>)
100070b8:	189b      	adds	r3, r3, r2
100070ba:	009b      	lsls	r3, r3, #2
100070bc:	18c8      	adds	r0, r1, r3
100070be:	6842      	ldr	r2, [r0, #4]
100070c0:	6896      	ldr	r6, [r2, #8]
100070c2:	60a2      	str	r2, [r4, #8]
100070c4:	60e6      	str	r6, [r4, #12]
100070c6:	6075      	str	r5, [r6, #4]
100070c8:	6095      	str	r5, [r2, #8]
100070ca:	58ca      	ldr	r2, [r1, r3]
100070cc:	6160      	str	r0, [r4, #20]
100070ce:	3201      	adds	r2, #1
100070d0:	2001      	movs	r0, #1
100070d2:	50ca      	str	r2, [r1, r3]
100070d4:	e7df      	b.n	10007096 <xTaskPriorityDisinherit+0x1a>
100070d6:	46c0      	nop			@ (mov r8, r8)
100070d8:	20022464 	.word	0x20022464
100070dc:	2000203c 	.word	0x2000203c

100070e0 <vTaskPriorityDisinheritAfterTimeout>:
100070e0:	b570      	push	{r4, r5, r6, lr}
100070e2:	1e04      	subs	r4, r0, #0
100070e4:	d008      	beq.n	100070f8 <vTaskPriorityDisinheritAfterTimeout+0x18>
100070e6:	6cc3      	ldr	r3, [r0, #76]	@ 0x4c
100070e8:	428b      	cmp	r3, r1
100070ea:	d306      	bcc.n	100070fa <vTaskPriorityDisinheritAfterTimeout+0x1a>
100070ec:	6ae2      	ldr	r2, [r4, #44]	@ 0x2c
100070ee:	429a      	cmp	r2, r3
100070f0:	d002      	beq.n	100070f8 <vTaskPriorityDisinheritAfterTimeout+0x18>
100070f2:	6d21      	ldr	r1, [r4, #80]	@ 0x50
100070f4:	2901      	cmp	r1, #1
100070f6:	d005      	beq.n	10007104 <vTaskPriorityDisinheritAfterTimeout+0x24>
100070f8:	bd70      	pop	{r4, r5, r6, pc}
100070fa:	6ae2      	ldr	r2, [r4, #44]	@ 0x2c
100070fc:	000b      	movs	r3, r1
100070fe:	429a      	cmp	r2, r3
10007100:	d1f7      	bne.n	100070f2 <vTaskPriorityDisinheritAfterTimeout+0x12>
10007102:	e7f9      	b.n	100070f8 <vTaskPriorityDisinheritAfterTimeout+0x18>
10007104:	69a1      	ldr	r1, [r4, #24]
10007106:	62e3      	str	r3, [r4, #44]	@ 0x2c
10007108:	2900      	cmp	r1, #0
1000710a:	db02      	blt.n	10007112 <vTaskPriorityDisinheritAfterTimeout+0x32>
1000710c:	2120      	movs	r1, #32
1000710e:	1acb      	subs	r3, r1, r3
10007110:	61a3      	str	r3, [r4, #24]
10007112:	0093      	lsls	r3, r2, #2
10007114:	189b      	adds	r3, r3, r2
10007116:	4d0f      	ldr	r5, [pc, #60]	@ (10007154 <vTaskPriorityDisinheritAfterTimeout+0x74>)
10007118:	009b      	lsls	r3, r3, #2
1000711a:	6962      	ldr	r2, [r4, #20]
1000711c:	18eb      	adds	r3, r5, r3
1000711e:	429a      	cmp	r2, r3
10007120:	d1ea      	bne.n	100070f8 <vTaskPriorityDisinheritAfterTimeout+0x18>
10007122:	1d26      	adds	r6, r4, #4
10007124:	0030      	movs	r0, r6
10007126:	f7fe fc4f 	bl	100059c8 <uxListRemove>
1000712a:	4b0b      	ldr	r3, [pc, #44]	@ (10007158 <vTaskPriorityDisinheritAfterTimeout+0x78>)
1000712c:	6ae2      	ldr	r2, [r4, #44]	@ 0x2c
1000712e:	6819      	ldr	r1, [r3, #0]
10007130:	428a      	cmp	r2, r1
10007132:	d900      	bls.n	10007136 <vTaskPriorityDisinheritAfterTimeout+0x56>
10007134:	601a      	str	r2, [r3, #0]
10007136:	0093      	lsls	r3, r2, #2
10007138:	189b      	adds	r3, r3, r2
1000713a:	009b      	lsls	r3, r3, #2
1000713c:	18e9      	adds	r1, r5, r3
1000713e:	684a      	ldr	r2, [r1, #4]
10007140:	6890      	ldr	r0, [r2, #8]
10007142:	60a2      	str	r2, [r4, #8]
10007144:	60e0      	str	r0, [r4, #12]
10007146:	6046      	str	r6, [r0, #4]
10007148:	6096      	str	r6, [r2, #8]
1000714a:	58ea      	ldr	r2, [r5, r3]
1000714c:	6161      	str	r1, [r4, #20]
1000714e:	3201      	adds	r2, #1
10007150:	50ea      	str	r2, [r5, r3]
10007152:	e7d1      	b.n	100070f8 <vTaskPriorityDisinheritAfterTimeout+0x18>
10007154:	2000203c 	.word	0x2000203c
10007158:	20022464 	.word	0x20022464

1000715c <uxTaskResetEventItemValue>:
1000715c:	4b04      	ldr	r3, [pc, #16]	@ (10007170 <uxTaskResetEventItemValue+0x14>)
1000715e:	681a      	ldr	r2, [r3, #0]
10007160:	6819      	ldr	r1, [r3, #0]
10007162:	6990      	ldr	r0, [r2, #24]
10007164:	681a      	ldr	r2, [r3, #0]
10007166:	2320      	movs	r3, #32
10007168:	6ac9      	ldr	r1, [r1, #44]	@ 0x2c
1000716a:	1a5b      	subs	r3, r3, r1
1000716c:	6193      	str	r3, [r2, #24]
1000716e:	4770      	bx	lr
10007170:	20002024 	.word	0x20002024

10007174 <pvTaskIncrementMutexHeldCount>:
10007174:	4b03      	ldr	r3, [pc, #12]	@ (10007184 <pvTaskIncrementMutexHeldCount+0x10>)
10007176:	6818      	ldr	r0, [r3, #0]
10007178:	2800      	cmp	r0, #0
1000717a:	d002      	beq.n	10007182 <pvTaskIncrementMutexHeldCount+0xe>
1000717c:	6d03      	ldr	r3, [r0, #80]	@ 0x50
1000717e:	3301      	adds	r3, #1
10007180:	6503      	str	r3, [r0, #80]	@ 0x50
10007182:	4770      	bx	lr
10007184:	20002024 	.word	0x20002024

10007188 <prvTimerTask>:
10007188:	b5f0      	push	{r4, r5, r6, r7, lr}
1000718a:	4ac9      	ldr	r2, [pc, #804]	@ (100074b0 <prvTimerTask+0x328>)
1000718c:	4657      	mov	r7, sl
1000718e:	4645      	mov	r5, r8
10007190:	46de      	mov	lr, fp
10007192:	464e      	mov	r6, r9
10007194:	4690      	mov	r8, r2
10007196:	b5e0      	push	{r5, r6, r7, lr}
10007198:	4fc6      	ldr	r7, [pc, #792]	@ (100074b4 <prvTimerTask+0x32c>)
1000719a:	46c2      	mov	sl, r8
1000719c:	46b8      	mov	r8, r7
1000719e:	4bc6      	ldr	r3, [pc, #792]	@ (100074b8 <prvTimerTask+0x330>)
100071a0:	4ac6      	ldr	r2, [pc, #792]	@ (100074bc <prvTimerTask+0x334>)
100071a2:	001f      	movs	r7, r3
100071a4:	4643      	mov	r3, r8
100071a6:	b08b      	sub	sp, #44	@ 0x2c
100071a8:	9201      	str	r2, [sp, #4]
100071aa:	2228      	movs	r2, #40	@ 0x28
100071ac:	681b      	ldr	r3, [r3, #0]
100071ae:	4693      	mov	fp, r2
100071b0:	681d      	ldr	r5, [r3, #0]
100071b2:	4cc3      	ldr	r4, [pc, #780]	@ (100074c0 <prvTimerTask+0x338>)
100071b4:	2d00      	cmp	r5, #0
100071b6:	d069      	beq.n	1000728c <prvTimerTask+0x104>
100071b8:	68db      	ldr	r3, [r3, #12]
100071ba:	681d      	ldr	r5, [r3, #0]
100071bc:	f7ff fb7c 	bl	100068b8 <vTaskSuspendAll>
100071c0:	f7ff fc88 	bl	10006ad4 <xTaskGetTickCount>
100071c4:	683b      	ldr	r3, [r7, #0]
100071c6:	4681      	mov	r9, r0
100071c8:	4298      	cmp	r0, r3
100071ca:	d200      	bcs.n	100071ce <prvTimerTask+0x46>
100071cc:	e0f6      	b.n	100073bc <prvTimerTask+0x234>
100071ce:	6038      	str	r0, [r7, #0]
100071d0:	4285      	cmp	r5, r0
100071d2:	d800      	bhi.n	100071d6 <prvTimerTask+0x4e>
100071d4:	e176      	b.n	100074c4 <prvTimerTask+0x33c>
100071d6:	2200      	movs	r2, #0
100071d8:	464b      	mov	r3, r9
100071da:	6820      	ldr	r0, [r4, #0]
100071dc:	1ae9      	subs	r1, r5, r3
100071de:	f7ff f8d9 	bl	10006394 <vQueueWaitForMessageRestricted>
100071e2:	f7ff fb71 	bl	100068c8 <xTaskResumeAll>
100071e6:	2800      	cmp	r0, #0
100071e8:	d100      	bne.n	100071ec <prvTimerTask+0x64>
100071ea:	e13b      	b.n	10007464 <prvTimerTask+0x2dc>
100071ec:	2210      	movs	r2, #16
100071ee:	2100      	movs	r1, #0
100071f0:	a806      	add	r0, sp, #24
100071f2:	f7fb f997 	bl	10002524 <__wrap_memset>
100071f6:	003d      	movs	r5, r7
100071f8:	2200      	movs	r2, #0
100071fa:	6820      	ldr	r0, [r4, #0]
100071fc:	a906      	add	r1, sp, #24
100071fe:	f7fe ff09 	bl	10006014 <xQueueReceive>
10007202:	2800      	cmp	r0, #0
10007204:	d03c      	beq.n	10007280 <prvTimerTask+0xf8>
10007206:	9b06      	ldr	r3, [sp, #24]
10007208:	9808      	ldr	r0, [sp, #32]
1000720a:	2b00      	cmp	r3, #0
1000720c:	db75      	blt.n	100072fa <prvTimerTask+0x172>
1000720e:	9e08      	ldr	r6, [sp, #32]
10007210:	2e00      	cmp	r6, #0
10007212:	d0f1      	beq.n	100071f8 <prvTimerTask+0x70>
10007214:	6973      	ldr	r3, [r6, #20]
10007216:	2b00      	cmp	r3, #0
10007218:	d002      	beq.n	10007220 <prvTimerTask+0x98>
1000721a:	1d30      	adds	r0, r6, #4
1000721c:	f7fe fbd4 	bl	100059c8 <uxListRemove>
10007220:	f7ff fc58 	bl	10006ad4 <xTaskGetTickCount>
10007224:	682b      	ldr	r3, [r5, #0]
10007226:	0007      	movs	r7, r0
10007228:	4298      	cmp	r0, r3
1000722a:	d36e      	bcc.n	1000730a <prvTimerTask+0x182>
1000722c:	9b06      	ldr	r3, [sp, #24]
1000722e:	602f      	str	r7, [r5, #0]
10007230:	2b09      	cmp	r3, #9
10007232:	d8e1      	bhi.n	100071f8 <prvTimerTask+0x70>
10007234:	9a01      	ldr	r2, [sp, #4]
10007236:	009b      	lsls	r3, r3, #2
10007238:	58d3      	ldr	r3, [r2, r3]
1000723a:	469f      	mov	pc, r3
1000723c:	465b      	mov	r3, fp
1000723e:	5cf0      	ldrb	r0, [r6, r3]
10007240:	2301      	movs	r3, #1
10007242:	465a      	mov	r2, fp
10007244:	4303      	orrs	r3, r0
10007246:	54b3      	strb	r3, [r6, r2]
10007248:	9907      	ldr	r1, [sp, #28]
1000724a:	69b2      	ldr	r2, [r6, #24]
1000724c:	6136      	str	r6, [r6, #16]
1000724e:	188b      	adds	r3, r1, r2
10007250:	6073      	str	r3, [r6, #4]
10007252:	42bb      	cmp	r3, r7
10007254:	d900      	bls.n	10007258 <prvTimerTask+0xd0>
10007256:	e0a6      	b.n	100073a6 <prvTimerTask+0x21e>
10007258:	1a79      	subs	r1, r7, r1
1000725a:	428a      	cmp	r2, r1
1000725c:	d836      	bhi.n	100072cc <prvTimerTask+0x144>
1000725e:	0741      	lsls	r1, r0, #29
10007260:	d500      	bpl.n	10007264 <prvTimerTask+0xdc>
10007262:	e102      	b.n	1000746a <prvTimerTask+0x2e2>
10007264:	2301      	movs	r3, #1
10007266:	4398      	bics	r0, r3
10007268:	465b      	mov	r3, fp
1000726a:	54f0      	strb	r0, [r6, r3]
1000726c:	0030      	movs	r0, r6
1000726e:	6a33      	ldr	r3, [r6, #32]
10007270:	4798      	blx	r3
10007272:	2200      	movs	r2, #0
10007274:	6820      	ldr	r0, [r4, #0]
10007276:	a906      	add	r1, sp, #24
10007278:	f7fe fecc 	bl	10006014 <xQueueReceive>
1000727c:	2800      	cmp	r0, #0
1000727e:	d1c2      	bne.n	10007206 <prvTimerTask+0x7e>
10007280:	4643      	mov	r3, r8
10007282:	681b      	ldr	r3, [r3, #0]
10007284:	002f      	movs	r7, r5
10007286:	681d      	ldr	r5, [r3, #0]
10007288:	2d00      	cmp	r5, #0
1000728a:	d195      	bne.n	100071b8 <prvTimerTask+0x30>
1000728c:	f7ff fb14 	bl	100068b8 <vTaskSuspendAll>
10007290:	f7ff fc20 	bl	10006ad4 <xTaskGetTickCount>
10007294:	683b      	ldr	r3, [r7, #0]
10007296:	4681      	mov	r9, r0
10007298:	4283      	cmp	r3, r0
1000729a:	d900      	bls.n	1000729e <prvTimerTask+0x116>
1000729c:	e08e      	b.n	100073bc <prvTimerTask+0x234>
1000729e:	464b      	mov	r3, r9
100072a0:	603b      	str	r3, [r7, #0]
100072a2:	4653      	mov	r3, sl
100072a4:	681b      	ldr	r3, [r3, #0]
100072a6:	681a      	ldr	r2, [r3, #0]
100072a8:	4253      	negs	r3, r2
100072aa:	415a      	adcs	r2, r3
100072ac:	e794      	b.n	100071d8 <prvTimerTask+0x50>
100072ae:	465b      	mov	r3, fp
100072b0:	2201      	movs	r2, #1
100072b2:	5cf3      	ldrb	r3, [r6, r3]
100072b4:	4313      	orrs	r3, r2
100072b6:	465a      	mov	r2, fp
100072b8:	54b3      	strb	r3, [r6, r2]
100072ba:	9b07      	ldr	r3, [sp, #28]
100072bc:	6136      	str	r6, [r6, #16]
100072be:	19da      	adds	r2, r3, r7
100072c0:	61b3      	str	r3, [r6, #24]
100072c2:	6072      	str	r2, [r6, #4]
100072c4:	42ba      	cmp	r2, r7
100072c6:	d873      	bhi.n	100073b0 <prvTimerTask+0x228>
100072c8:	2b00      	cmp	r3, #0
100072ca:	d095      	beq.n	100071f8 <prvTimerTask+0x70>
100072cc:	4653      	mov	r3, sl
100072ce:	1d31      	adds	r1, r6, #4
100072d0:	6818      	ldr	r0, [r3, #0]
100072d2:	f7fe fb61 	bl	10005998 <vListInsert>
100072d6:	e78f      	b.n	100071f8 <prvTimerTask+0x70>
100072d8:	465b      	mov	r3, fp
100072da:	2201      	movs	r2, #1
100072dc:	5cf3      	ldrb	r3, [r6, r3]
100072de:	4393      	bics	r3, r2
100072e0:	465a      	mov	r2, fp
100072e2:	54b3      	strb	r3, [r6, r2]
100072e4:	e788      	b.n	100071f8 <prvTimerTask+0x70>
100072e6:	465b      	mov	r3, fp
100072e8:	5cf3      	ldrb	r3, [r6, r3]
100072ea:	079a      	lsls	r2, r3, #30
100072ec:	d400      	bmi.n	100072f0 <prvTimerTask+0x168>
100072ee:	e0b5      	b.n	1000745c <prvTimerTask+0x2d4>
100072f0:	2201      	movs	r2, #1
100072f2:	4393      	bics	r3, r2
100072f4:	465a      	mov	r2, fp
100072f6:	54b3      	strb	r3, [r6, r2]
100072f8:	e77e      	b.n	100071f8 <prvTimerTask+0x70>
100072fa:	9b07      	ldr	r3, [sp, #28]
100072fc:	9909      	ldr	r1, [sp, #36]	@ 0x24
100072fe:	4798      	blx	r3
10007300:	9b06      	ldr	r3, [sp, #24]
10007302:	2b00      	cmp	r3, #0
10007304:	da00      	bge.n	10007308 <prvTimerTask+0x180>
10007306:	e777      	b.n	100071f8 <prvTimerTask+0x70>
10007308:	e781      	b.n	1000720e <prvTimerTask+0x86>
1000730a:	4643      	mov	r3, r8
1000730c:	681b      	ldr	r3, [r3, #0]
1000730e:	681a      	ldr	r2, [r3, #0]
10007310:	2a00      	cmp	r2, #0
10007312:	d041      	beq.n	10007398 <prvTimerTask+0x210>
10007314:	2204      	movs	r2, #4
10007316:	9602      	str	r6, [sp, #8]
10007318:	4691      	mov	r9, r2
1000731a:	9003      	str	r0, [sp, #12]
1000731c:	9504      	str	r5, [sp, #16]
1000731e:	9405      	str	r4, [sp, #20]
10007320:	e00b      	b.n	1000733a <prvTimerTask+0x1b2>
10007322:	2201      	movs	r2, #1
10007324:	4393      	bics	r3, r2
10007326:	465a      	mov	r2, fp
10007328:	54a3      	strb	r3, [r4, r2]
1000732a:	6a23      	ldr	r3, [r4, #32]
1000732c:	0020      	movs	r0, r4
1000732e:	4798      	blx	r3
10007330:	4643      	mov	r3, r8
10007332:	681b      	ldr	r3, [r3, #0]
10007334:	681a      	ldr	r2, [r3, #0]
10007336:	2a00      	cmp	r2, #0
10007338:	d02a      	beq.n	10007390 <prvTimerTask+0x208>
1000733a:	68db      	ldr	r3, [r3, #12]
1000733c:	68dc      	ldr	r4, [r3, #12]
1000733e:	681e      	ldr	r6, [r3, #0]
10007340:	1d27      	adds	r7, r4, #4
10007342:	0038      	movs	r0, r7
10007344:	f7fe fb40 	bl	100059c8 <uxListRemove>
10007348:	465b      	mov	r3, fp
1000734a:	464a      	mov	r2, r9
1000734c:	5ce3      	ldrb	r3, [r4, r3]
1000734e:	421a      	tst	r2, r3
10007350:	d0e7      	beq.n	10007322 <prvTimerTask+0x19a>
10007352:	69a3      	ldr	r3, [r4, #24]
10007354:	6124      	str	r4, [r4, #16]
10007356:	18f5      	adds	r5, r6, r3
10007358:	43f6      	mvns	r6, r6
1000735a:	6065      	str	r5, [r4, #4]
1000735c:	42b3      	cmp	r3, r6
1000735e:	d80a      	bhi.n	10007376 <prvTimerTask+0x1ee>
10007360:	002e      	movs	r6, r5
10007362:	43f6      	mvns	r6, r6
10007364:	6a23      	ldr	r3, [r4, #32]
10007366:	0020      	movs	r0, r4
10007368:	4798      	blx	r3
1000736a:	69a3      	ldr	r3, [r4, #24]
1000736c:	6124      	str	r4, [r4, #16]
1000736e:	18ed      	adds	r5, r5, r3
10007370:	6065      	str	r5, [r4, #4]
10007372:	42b3      	cmp	r3, r6
10007374:	d9f4      	bls.n	10007360 <prvTimerTask+0x1d8>
10007376:	4653      	mov	r3, sl
10007378:	0039      	movs	r1, r7
1000737a:	6818      	ldr	r0, [r3, #0]
1000737c:	f7fe fb0c 	bl	10005998 <vListInsert>
10007380:	6a23      	ldr	r3, [r4, #32]
10007382:	0020      	movs	r0, r4
10007384:	4798      	blx	r3
10007386:	4643      	mov	r3, r8
10007388:	681b      	ldr	r3, [r3, #0]
1000738a:	681a      	ldr	r2, [r3, #0]
1000738c:	2a00      	cmp	r2, #0
1000738e:	d1d4      	bne.n	1000733a <prvTimerTask+0x1b2>
10007390:	9e02      	ldr	r6, [sp, #8]
10007392:	9f03      	ldr	r7, [sp, #12]
10007394:	9d04      	ldr	r5, [sp, #16]
10007396:	9c05      	ldr	r4, [sp, #20]
10007398:	4652      	mov	r2, sl
1000739a:	4641      	mov	r1, r8
1000739c:	6812      	ldr	r2, [r2, #0]
1000739e:	600a      	str	r2, [r1, #0]
100073a0:	4652      	mov	r2, sl
100073a2:	6013      	str	r3, [r2, #0]
100073a4:	e742      	b.n	1000722c <prvTimerTask+0xa4>
100073a6:	42b9      	cmp	r1, r7
100073a8:	d902      	bls.n	100073b0 <prvTimerTask+0x228>
100073aa:	4299      	cmp	r1, r3
100073ac:	d800      	bhi.n	100073b0 <prvTimerTask+0x228>
100073ae:	e756      	b.n	1000725e <prvTimerTask+0xd6>
100073b0:	4643      	mov	r3, r8
100073b2:	1d31      	adds	r1, r6, #4
100073b4:	6818      	ldr	r0, [r3, #0]
100073b6:	f7fe faef 	bl	10005998 <vListInsert>
100073ba:	e71d      	b.n	100071f8 <prvTimerTask+0x70>
100073bc:	4643      	mov	r3, r8
100073be:	681b      	ldr	r3, [r3, #0]
100073c0:	681a      	ldr	r2, [r3, #0]
100073c2:	2a00      	cmp	r2, #0
100073c4:	d03f      	beq.n	10007446 <prvTimerTask+0x2be>
100073c6:	464a      	mov	r2, r9
100073c8:	9703      	str	r7, [sp, #12]
100073ca:	46a1      	mov	r9, r4
100073cc:	9202      	str	r2, [sp, #8]
100073ce:	e00b      	b.n	100073e8 <prvTimerTask+0x260>
100073d0:	2201      	movs	r2, #1
100073d2:	4393      	bics	r3, r2
100073d4:	465a      	mov	r2, fp
100073d6:	54ab      	strb	r3, [r5, r2]
100073d8:	6a2b      	ldr	r3, [r5, #32]
100073da:	0028      	movs	r0, r5
100073dc:	4798      	blx	r3
100073de:	4643      	mov	r3, r8
100073e0:	681b      	ldr	r3, [r3, #0]
100073e2:	681a      	ldr	r2, [r3, #0]
100073e4:	2a00      	cmp	r2, #0
100073e6:	d02a      	beq.n	1000743e <prvTimerTask+0x2b6>
100073e8:	68db      	ldr	r3, [r3, #12]
100073ea:	68dd      	ldr	r5, [r3, #12]
100073ec:	681f      	ldr	r7, [r3, #0]
100073ee:	1d2c      	adds	r4, r5, #4
100073f0:	0020      	movs	r0, r4
100073f2:	f7fe fae9 	bl	100059c8 <uxListRemove>
100073f6:	465b      	mov	r3, fp
100073f8:	2204      	movs	r2, #4
100073fa:	5ceb      	ldrb	r3, [r5, r3]
100073fc:	421a      	tst	r2, r3
100073fe:	d0e7      	beq.n	100073d0 <prvTimerTask+0x248>
10007400:	69ab      	ldr	r3, [r5, #24]
10007402:	612d      	str	r5, [r5, #16]
10007404:	18fe      	adds	r6, r7, r3
10007406:	43ff      	mvns	r7, r7
10007408:	606e      	str	r6, [r5, #4]
1000740a:	42bb      	cmp	r3, r7
1000740c:	d80a      	bhi.n	10007424 <prvTimerTask+0x29c>
1000740e:	0037      	movs	r7, r6
10007410:	43ff      	mvns	r7, r7
10007412:	6a2b      	ldr	r3, [r5, #32]
10007414:	0028      	movs	r0, r5
10007416:	4798      	blx	r3
10007418:	69ab      	ldr	r3, [r5, #24]
1000741a:	612d      	str	r5, [r5, #16]
1000741c:	18f6      	adds	r6, r6, r3
1000741e:	606e      	str	r6, [r5, #4]
10007420:	42bb      	cmp	r3, r7
10007422:	d9f4      	bls.n	1000740e <prvTimerTask+0x286>
10007424:	4653      	mov	r3, sl
10007426:	0021      	movs	r1, r4
10007428:	6818      	ldr	r0, [r3, #0]
1000742a:	f7fe fab5 	bl	10005998 <vListInsert>
1000742e:	6a2b      	ldr	r3, [r5, #32]
10007430:	0028      	movs	r0, r5
10007432:	4798      	blx	r3
10007434:	4643      	mov	r3, r8
10007436:	681b      	ldr	r3, [r3, #0]
10007438:	681a      	ldr	r2, [r3, #0]
1000743a:	2a00      	cmp	r2, #0
1000743c:	d1d4      	bne.n	100073e8 <prvTimerTask+0x260>
1000743e:	9a02      	ldr	r2, [sp, #8]
10007440:	464c      	mov	r4, r9
10007442:	4691      	mov	r9, r2
10007444:	9f03      	ldr	r7, [sp, #12]
10007446:	4652      	mov	r2, sl
10007448:	4641      	mov	r1, r8
1000744a:	6812      	ldr	r2, [r2, #0]
1000744c:	600a      	str	r2, [r1, #0]
1000744e:	4652      	mov	r2, sl
10007450:	6013      	str	r3, [r2, #0]
10007452:	464b      	mov	r3, r9
10007454:	603b      	str	r3, [r7, #0]
10007456:	f7ff fa37 	bl	100068c8 <xTaskResumeAll>
1000745a:	e6c7      	b.n	100071ec <prvTimerTask+0x64>
1000745c:	0030      	movs	r0, r6
1000745e:	f7fd fea9 	bl	100051b4 <vPortFree>
10007462:	e6c9      	b.n	100071f8 <prvTimerTask+0x70>
10007464:	f7fd ff98 	bl	10005398 <vPortYield>
10007468:	e6c0      	b.n	100071ec <prvTimerTask+0x64>
1000746a:	46a1      	mov	r9, r4
1000746c:	003c      	movs	r4, r7
1000746e:	e007      	b.n	10007480 <prvTimerTask+0x2f8>
10007470:	1ae3      	subs	r3, r4, r3
10007472:	429a      	cmp	r2, r3
10007474:	d814      	bhi.n	100074a0 <prvTimerTask+0x318>
10007476:	6a33      	ldr	r3, [r6, #32]
10007478:	0030      	movs	r0, r6
1000747a:	4798      	blx	r3
1000747c:	003b      	movs	r3, r7
1000747e:	69b2      	ldr	r2, [r6, #24]
10007480:	18d7      	adds	r7, r2, r3
10007482:	6077      	str	r7, [r6, #4]
10007484:	6136      	str	r6, [r6, #16]
10007486:	42bc      	cmp	r4, r7
10007488:	d2f2      	bcs.n	10007470 <prvTimerTask+0x2e8>
1000748a:	429c      	cmp	r4, r3
1000748c:	d201      	bcs.n	10007492 <prvTimerTask+0x30a>
1000748e:	42bb      	cmp	r3, r7
10007490:	d9f1      	bls.n	10007476 <prvTimerTask+0x2ee>
10007492:	4643      	mov	r3, r8
10007494:	1d31      	adds	r1, r6, #4
10007496:	6818      	ldr	r0, [r3, #0]
10007498:	464c      	mov	r4, r9
1000749a:	f7fe fa7d 	bl	10005998 <vListInsert>
1000749e:	e6e5      	b.n	1000726c <prvTimerTask+0xe4>
100074a0:	4653      	mov	r3, sl
100074a2:	1d31      	adds	r1, r6, #4
100074a4:	6818      	ldr	r0, [r3, #0]
100074a6:	464c      	mov	r4, r9
100074a8:	f7fe fa76 	bl	10005998 <vListInsert>
100074ac:	e6de      	b.n	1000726c <prvTimerTask+0xe4>
100074ae:	46c0      	nop			@ (mov r8, r8)
100074b0:	20002038 	.word	0x20002038
100074b4:	20002028 	.word	0x20002028
100074b8:	200224c8 	.word	0x200224c8
100074bc:	10007d00 	.word	0x10007d00
100074c0:	20022530 	.word	0x20022530
100074c4:	f7ff fa00 	bl	100068c8 <xTaskResumeAll>
100074c8:	4643      	mov	r3, r8
100074ca:	681b      	ldr	r3, [r3, #0]
100074cc:	68db      	ldr	r3, [r3, #12]
100074ce:	68de      	ldr	r6, [r3, #12]
100074d0:	1d33      	adds	r3, r6, #4
100074d2:	0018      	movs	r0, r3
100074d4:	9302      	str	r3, [sp, #8]
100074d6:	f7fe fa77 	bl	100059c8 <uxListRemove>
100074da:	465b      	mov	r3, fp
100074dc:	5cf3      	ldrb	r3, [r6, r3]
100074de:	075a      	lsls	r2, r3, #29
100074e0:	d407      	bmi.n	100074f2 <prvTimerTask+0x36a>
100074e2:	2201      	movs	r2, #1
100074e4:	4393      	bics	r3, r2
100074e6:	465a      	mov	r2, fp
100074e8:	54b3      	strb	r3, [r6, r2]
100074ea:	0030      	movs	r0, r6
100074ec:	6a33      	ldr	r3, [r6, #32]
100074ee:	4798      	blx	r3
100074f0:	e67c      	b.n	100071ec <prvTimerTask+0x64>
100074f2:	0022      	movs	r2, r4
100074f4:	002b      	movs	r3, r5
100074f6:	464c      	mov	r4, r9
100074f8:	4691      	mov	r9, r2
100074fa:	e006      	b.n	1000750a <prvTimerTask+0x382>
100074fc:	1ae3      	subs	r3, r4, r3
100074fe:	429a      	cmp	r2, r3
10007500:	d814      	bhi.n	1000752c <prvTimerTask+0x3a4>
10007502:	6a33      	ldr	r3, [r6, #32]
10007504:	0030      	movs	r0, r6
10007506:	4798      	blx	r3
10007508:	002b      	movs	r3, r5
1000750a:	69b2      	ldr	r2, [r6, #24]
1000750c:	6136      	str	r6, [r6, #16]
1000750e:	189d      	adds	r5, r3, r2
10007510:	6075      	str	r5, [r6, #4]
10007512:	42a5      	cmp	r5, r4
10007514:	d9f2      	bls.n	100074fc <prvTimerTask+0x374>
10007516:	42a3      	cmp	r3, r4
10007518:	d901      	bls.n	1000751e <prvTimerTask+0x396>
1000751a:	42ab      	cmp	r3, r5
1000751c:	d9f1      	bls.n	10007502 <prvTimerTask+0x37a>
1000751e:	4643      	mov	r3, r8
10007520:	9902      	ldr	r1, [sp, #8]
10007522:	6818      	ldr	r0, [r3, #0]
10007524:	464c      	mov	r4, r9
10007526:	f7fe fa37 	bl	10005998 <vListInsert>
1000752a:	e7de      	b.n	100074ea <prvTimerTask+0x362>
1000752c:	4653      	mov	r3, sl
1000752e:	9902      	ldr	r1, [sp, #8]
10007530:	6818      	ldr	r0, [r3, #0]
10007532:	464c      	mov	r4, r9
10007534:	f7fe fa30 	bl	10005998 <vListInsert>
10007538:	e7d7      	b.n	100074ea <prvTimerTask+0x362>
1000753a:	46c0      	nop			@ (mov r8, r8)

1000753c <xTimerCreateTimerTask>:
1000753c:	b570      	push	{r4, r5, r6, lr}
1000753e:	b082      	sub	sp, #8
10007540:	f7fd ff36 	bl	100053b0 <vPortEnterCritical>
10007544:	4c17      	ldr	r4, [pc, #92]	@ (100075a4 <xTimerCreateTimerTask+0x68>)
10007546:	6823      	ldr	r3, [r4, #0]
10007548:	2b00      	cmp	r3, #0
1000754a:	d012      	beq.n	10007572 <xTimerCreateTimerTask+0x36>
1000754c:	f7fd ff3c 	bl	100053c8 <vPortExitCritical>
10007550:	6823      	ldr	r3, [r4, #0]
10007552:	2000      	movs	r0, #0
10007554:	2b00      	cmp	r3, #0
10007556:	d00a      	beq.n	1000756e <xTimerCreateTimerTask+0x32>
10007558:	4b13      	ldr	r3, [pc, #76]	@ (100075a8 <xTimerCreateTimerTask+0x6c>)
1000755a:	2280      	movs	r2, #128	@ 0x80
1000755c:	9301      	str	r3, [sp, #4]
1000755e:	231f      	movs	r3, #31
10007560:	4912      	ldr	r1, [pc, #72]	@ (100075ac <xTimerCreateTimerTask+0x70>)
10007562:	9300      	str	r3, [sp, #0]
10007564:	4812      	ldr	r0, [pc, #72]	@ (100075b0 <xTimerCreateTimerTask+0x74>)
10007566:	2300      	movs	r3, #0
10007568:	00d2      	lsls	r2, r2, #3
1000756a:	f7ff f959 	bl	10006820 <xTaskCreate>
1000756e:	b002      	add	sp, #8
10007570:	bd70      	pop	{r4, r5, r6, pc}
10007572:	4e10      	ldr	r6, [pc, #64]	@ (100075b4 <xTimerCreateTimerTask+0x78>)
10007574:	0030      	movs	r0, r6
10007576:	f7fe f9ff 	bl	10005978 <vListInitialise>
1000757a:	4d0f      	ldr	r5, [pc, #60]	@ (100075b8 <xTimerCreateTimerTask+0x7c>)
1000757c:	0028      	movs	r0, r5
1000757e:	f7fe f9fb 	bl	10005978 <vListInitialise>
10007582:	4b0e      	ldr	r3, [pc, #56]	@ (100075bc <xTimerCreateTimerTask+0x80>)
10007584:	2200      	movs	r2, #0
10007586:	601e      	str	r6, [r3, #0]
10007588:	4b0d      	ldr	r3, [pc, #52]	@ (100075c0 <xTimerCreateTimerTask+0x84>)
1000758a:	2110      	movs	r1, #16
1000758c:	200a      	movs	r0, #10
1000758e:	601d      	str	r5, [r3, #0]
10007590:	f7fe fb32 	bl	10005bf8 <xQueueGenericCreate>
10007594:	6020      	str	r0, [r4, #0]
10007596:	2800      	cmp	r0, #0
10007598:	d0d8      	beq.n	1000754c <xTimerCreateTimerTask+0x10>
1000759a:	490a      	ldr	r1, [pc, #40]	@ (100075c4 <xTimerCreateTimerTask+0x88>)
1000759c:	f7fe fe6e 	bl	1000627c <vQueueAddToRegistry>
100075a0:	e7d4      	b.n	1000754c <xTimerCreateTimerTask+0x10>
100075a2:	46c0      	nop			@ (mov r8, r8)
100075a4:	20022530 	.word	0x20022530
100075a8:	20022534 	.word	0x20022534
100075ac:	10007a3c 	.word	0x10007a3c
100075b0:	10007189 	.word	0x10007189
100075b4:	20022468 	.word	0x20022468
100075b8:	2002247c 	.word	0x2002247c
100075bc:	20002028 	.word	0x20002028
100075c0:	20002038 	.word	0x20002038
100075c4:	10007a34 	.word	0x10007a34

100075c8 <xTimerPendFunctionCallFromISR>:
100075c8:	b510      	push	{r4, lr}
100075ca:	0014      	movs	r4, r2
100075cc:	001a      	movs	r2, r3
100075ce:	2302      	movs	r3, #2
100075d0:	b084      	sub	sp, #16
100075d2:	425b      	negs	r3, r3
100075d4:	9300      	str	r3, [sp, #0]
100075d6:	4b05      	ldr	r3, [pc, #20]	@ (100075ec <xTimerPendFunctionCallFromISR+0x24>)
100075d8:	9001      	str	r0, [sp, #4]
100075da:	9102      	str	r1, [sp, #8]
100075dc:	6818      	ldr	r0, [r3, #0]
100075de:	4669      	mov	r1, sp
100075e0:	2300      	movs	r3, #0
100075e2:	9403      	str	r4, [sp, #12]
100075e4:	f7fe fc7c 	bl	10005ee0 <xQueueGenericSendFromISR>
100075e8:	b004      	add	sp, #16
100075ea:	bd10      	pop	{r4, pc}
100075ec:	20022530 	.word	0x20022530

100075f0 <atexit>:
100075f0:	b510      	push	{r4, lr}
100075f2:	0001      	movs	r1, r0
100075f4:	2300      	movs	r3, #0
100075f6:	2200      	movs	r2, #0
100075f8:	2000      	movs	r0, #0
100075fa:	f000 f843 	bl	10007684 <__register_exitproc>
100075fe:	bd10      	pop	{r4, pc}

10007600 <strlen>:
10007600:	b510      	push	{r4, lr}
10007602:	0783      	lsls	r3, r0, #30
10007604:	d00a      	beq.n	1000761c <strlen+0x1c>
10007606:	0003      	movs	r3, r0
10007608:	2103      	movs	r1, #3
1000760a:	e002      	b.n	10007612 <strlen+0x12>
1000760c:	3301      	adds	r3, #1
1000760e:	420b      	tst	r3, r1
10007610:	d005      	beq.n	1000761e <strlen+0x1e>
10007612:	781a      	ldrb	r2, [r3, #0]
10007614:	2a00      	cmp	r2, #0
10007616:	d1f9      	bne.n	1000760c <strlen+0xc>
10007618:	1a18      	subs	r0, r3, r0
1000761a:	bd10      	pop	{r4, pc}
1000761c:	0003      	movs	r3, r0
1000761e:	6819      	ldr	r1, [r3, #0]
10007620:	4a0c      	ldr	r2, [pc, #48]	@ (10007654 <strlen+0x54>)
10007622:	4c0d      	ldr	r4, [pc, #52]	@ (10007658 <strlen+0x58>)
10007624:	188a      	adds	r2, r1, r2
10007626:	438a      	bics	r2, r1
10007628:	4222      	tst	r2, r4
1000762a:	d10f      	bne.n	1000764c <strlen+0x4c>
1000762c:	6859      	ldr	r1, [r3, #4]
1000762e:	4a09      	ldr	r2, [pc, #36]	@ (10007654 <strlen+0x54>)
10007630:	3304      	adds	r3, #4
10007632:	188a      	adds	r2, r1, r2
10007634:	438a      	bics	r2, r1
10007636:	4222      	tst	r2, r4
10007638:	d108      	bne.n	1000764c <strlen+0x4c>
1000763a:	6859      	ldr	r1, [r3, #4]
1000763c:	4a05      	ldr	r2, [pc, #20]	@ (10007654 <strlen+0x54>)
1000763e:	3304      	adds	r3, #4
10007640:	188a      	adds	r2, r1, r2
10007642:	438a      	bics	r2, r1
10007644:	4222      	tst	r2, r4
10007646:	d0f1      	beq.n	1000762c <strlen+0x2c>
10007648:	e000      	b.n	1000764c <strlen+0x4c>
1000764a:	3301      	adds	r3, #1
1000764c:	781a      	ldrb	r2, [r3, #0]
1000764e:	2a00      	cmp	r2, #0
10007650:	d1fb      	bne.n	1000764a <strlen+0x4a>
10007652:	e7e1      	b.n	10007618 <strlen+0x18>
10007654:	fefefeff 	.word	0xfefefeff
10007658:	80808080 	.word	0x80808080

1000765c <__libc_fini_array>:
1000765c:	b570      	push	{r4, r5, r6, lr}
1000765e:	4c07      	ldr	r4, [pc, #28]	@ (1000767c <__libc_fini_array+0x20>)
10007660:	4d07      	ldr	r5, [pc, #28]	@ (10007680 <__libc_fini_array+0x24>)
10007662:	1b64      	subs	r4, r4, r5
10007664:	10a4      	asrs	r4, r4, #2
10007666:	d005      	beq.n	10007674 <__libc_fini_array+0x18>
10007668:	3c01      	subs	r4, #1
1000766a:	00a3      	lsls	r3, r4, #2
1000766c:	58eb      	ldr	r3, [r5, r3]
1000766e:	4798      	blx	r3
10007670:	2c00      	cmp	r4, #0
10007672:	d1f9      	bne.n	10007668 <__libc_fini_array+0xc>
10007674:	f000 f84e 	bl	10007714 <_fini>
10007678:	bd70      	pop	{r4, r5, r6, pc}
1000767a:	46c0      	nop			@ (mov r8, r8)
1000767c:	10007824 	.word	0x10007824
10007680:	10007824 	.word	0x10007824

10007684 <__register_exitproc>:
10007684:	b5f0      	push	{r4, r5, r6, r7, lr}
10007686:	46c6      	mov	lr, r8
10007688:	4c1a      	ldr	r4, [pc, #104]	@ (100076f4 <__register_exitproc+0x70>)
1000768a:	b500      	push	{lr}
1000768c:	6825      	ldr	r5, [r4, #0]
1000768e:	2d00      	cmp	r5, #0
10007690:	d02a      	beq.n	100076e8 <__register_exitproc+0x64>
10007692:	686c      	ldr	r4, [r5, #4]
10007694:	2c1f      	cmp	r4, #31
10007696:	dc2a      	bgt.n	100076ee <__register_exitproc+0x6a>
10007698:	2800      	cmp	r0, #0
1000769a:	d108      	bne.n	100076ae <__register_exitproc+0x2a>
1000769c:	2000      	movs	r0, #0
1000769e:	1c63      	adds	r3, r4, #1
100076a0:	3402      	adds	r4, #2
100076a2:	00a4      	lsls	r4, r4, #2
100076a4:	606b      	str	r3, [r5, #4]
100076a6:	5161      	str	r1, [r4, r5]
100076a8:	bc80      	pop	{r7}
100076aa:	46b8      	mov	r8, r7
100076ac:	bdf0      	pop	{r4, r5, r6, r7, pc}
100076ae:	2788      	movs	r7, #136	@ 0x88
100076b0:	00a6      	lsls	r6, r4, #2
100076b2:	19ae      	adds	r6, r5, r6
100076b4:	51f2      	str	r2, [r6, r7]
100076b6:	3701      	adds	r7, #1
100076b8:	37ff      	adds	r7, #255	@ 0xff
100076ba:	46bc      	mov	ip, r7
100076bc:	2201      	movs	r2, #1
100076be:	44ac      	add	ip, r5
100076c0:	4667      	mov	r7, ip
100076c2:	40a2      	lsls	r2, r4
100076c4:	683f      	ldr	r7, [r7, #0]
100076c6:	4690      	mov	r8, r2
100076c8:	4317      	orrs	r7, r2
100076ca:	4662      	mov	r2, ip
100076cc:	6017      	str	r7, [r2, #0]
100076ce:	2784      	movs	r7, #132	@ 0x84
100076d0:	007f      	lsls	r7, r7, #1
100076d2:	51f3      	str	r3, [r6, r7]
100076d4:	2802      	cmp	r0, #2
100076d6:	d1e1      	bne.n	1000769c <__register_exitproc+0x18>
100076d8:	0028      	movs	r0, r5
100076da:	4642      	mov	r2, r8
100076dc:	308d      	adds	r0, #141	@ 0x8d
100076de:	30ff      	adds	r0, #255	@ 0xff
100076e0:	6803      	ldr	r3, [r0, #0]
100076e2:	4313      	orrs	r3, r2
100076e4:	6003      	str	r3, [r0, #0]
100076e6:	e7d9      	b.n	1000769c <__register_exitproc+0x18>
100076e8:	4d03      	ldr	r5, [pc, #12]	@ (100076f8 <__register_exitproc+0x74>)
100076ea:	6025      	str	r5, [r4, #0]
100076ec:	e7d1      	b.n	10007692 <__register_exitproc+0xe>
100076ee:	2001      	movs	r0, #1
100076f0:	4240      	negs	r0, r0
100076f2:	e7d9      	b.n	100076a8 <__register_exitproc+0x24>
100076f4:	200014ec 	.word	0x200014ec
100076f8:	2000135c 	.word	0x2000135c

100076fc <register_fini>:
100076fc:	4b03      	ldr	r3, [pc, #12]	@ (1000770c <register_fini+0x10>)
100076fe:	b510      	push	{r4, lr}
10007700:	2b00      	cmp	r3, #0
10007702:	d002      	beq.n	1000770a <register_fini+0xe>
10007704:	4802      	ldr	r0, [pc, #8]	@ (10007710 <register_fini+0x14>)
10007706:	f7ff ff73 	bl	100075f0 <atexit>
1000770a:	bd10      	pop	{r4, pc}
1000770c:	00000000 	.word	0x00000000
10007710:	1000765d 	.word	0x1000765d

10007714 <_fini>:
10007714:	b5f8      	push	{r3, r4, r5, r6, r7, lr}
10007716:	46c0      	nop			@ (mov r8, r8)

10007718 <__flash_do_cmd_veneer>:
10007718:	b401      	push	{r0}
1000771a:	4802      	ldr	r0, [pc, #8]	@ (10007724 <__flash_do_cmd_veneer+0xc>)
1000771c:	4684      	mov	ip, r0
1000771e:	bc01      	pop	{r0}
10007720:	4760      	bx	ip
10007722:	bf00      	nop
10007724:	200002ed 	.word	0x200002ed

10007728 <__mutex_exit_veneer>:
10007728:	b401      	push	{r0}
1000772a:	4802      	ldr	r0, [pc, #8]	@ (10007734 <__mutex_exit_veneer+0xc>)
1000772c:	4684      	mov	ip, r0
1000772e:	bc01      	pop	{r0}
10007730:	4760      	bx	ip
10007732:	bf00      	nop
10007734:	20000219 	.word	0x20000219

10007738 <____aeabi_ldiv0_veneer>:
10007738:	b401      	push	{r0}
1000773a:	4802      	ldr	r0, [pc, #8]	@ (10007744 <____aeabi_ldiv0_veneer+0xc>)
1000773c:	4684      	mov	ip, r0
1000773e:	bc01      	pop	{r0}
10007740:	4760      	bx	ip
10007742:	bf00      	nop
10007744:	20000f01 	.word	0x20000f01

10007748 <____aeabi_idiv0_veneer>:
10007748:	b401      	push	{r0}
1000774a:	4802      	ldr	r0, [pc, #8]	@ (10007754 <____aeabi_idiv0_veneer+0xc>)
1000774c:	4684      	mov	ip, r0
1000774e:	bc01      	pop	{r0}
10007750:	4760      	bx	ip
10007752:	bf00      	nop
10007754:	20000f01 	.word	0x20000f01

10007758 <__mutex_try_enter_veneer>:
10007758:	b401      	push	{r0}
1000775a:	4802      	ldr	r0, [pc, #8]	@ (10007764 <__mutex_try_enter_veneer+0xc>)
1000775c:	4684      	mov	ip, r0
1000775e:	bc01      	pop	{r0}
10007760:	4760      	bx	ip
10007762:	bf00      	nop
10007764:	200000c1 	.word	0x200000c1

10007768 <__mutex_enter_timeout_ms_veneer>:
10007768:	b401      	push	{r0}
1000776a:	4802      	ldr	r0, [pc, #8]	@ (10007774 <__mutex_enter_timeout_ms_veneer+0xc>)
1000776c:	4684      	mov	ip, r0
1000776e:	bc01      	pop	{r0}
10007770:	4760      	bx	ip
10007772:	bf00      	nop
10007774:	200001a1 	.word	0x200001a1

10007778 <__mutex_try_enter_block_until_veneer>:
10007778:	b401      	push	{r0}
1000777a:	4802      	ldr	r0, [pc, #8]	@ (10007784 <__mutex_try_enter_block_until_veneer+0xc>)
1000777c:	4684      	mov	ip, r0
1000777e:	bc01      	pop	{r0}
10007780:	4760      	bx	ip
10007782:	bf00      	nop
10007784:	20000101 	.word	0x20000101

10007788 <__hw_endpoint_start_next_buffer_veneer>:
10007788:	b401      	push	{r0}
1000778a:	4802      	ldr	r0, [pc, #8]	@ (10007794 <__hw_endpoint_start_next_buffer_veneer+0xc>)
1000778c:	4684      	mov	ip, r0
1000778e:	bc01      	pop	{r0}
10007790:	4760      	bx	ip
10007792:	bf00      	nop
10007794:	20000c71 	.word	0x20000c71

10007798 <__e15_is_critical_frame_period_veneer>:
10007798:	b401      	push	{r0}
1000779a:	4802      	ldr	r0, [pc, #8]	@ (100077a4 <__e15_is_critical_frame_period_veneer+0xc>)
1000779c:	4684      	mov	ip, r0
1000779e:	bc01      	pop	{r0}
100077a0:	4760      	bx	ip
100077a2:	bf00      	nop
100077a4:	20000be1 	.word	0x20000be1

100077a8 <__e15_is_bulkin_ep_veneer>:
100077a8:	b401      	push	{r0}
100077aa:	4802      	ldr	r0, [pc, #8]	@ (100077b4 <__e15_is_bulkin_ep_veneer+0xc>)
100077ac:	4684      	mov	ip, r0
100077ae:	bc01      	pop	{r0}
100077b0:	4760      	bx	ip
100077b2:	bf00      	nop
100077b4:	20000bb9 	.word	0x20000bb9

100077b8 <___hw_endpoint_buffer_control_update32_veneer>:
100077b8:	b401      	push	{r0}
100077ba:	4802      	ldr	r0, [pc, #8]	@ (100077c4 <___hw_endpoint_buffer_control_update32_veneer+0xc>)
100077bc:	4684      	mov	ip, r0
100077be:	bc01      	pop	{r0}
100077c0:	4760      	bx	ip
100077c2:	bf00      	nop
100077c4:	20000c21 	.word	0x20000c21

100077c8 <__reset_non_control_endpoints_veneer>:
100077c8:	b401      	push	{r0}
100077ca:	4802      	ldr	r0, [pc, #8]	@ (100077d4 <__reset_non_control_endpoints_veneer+0xc>)
100077cc:	4684      	mov	ip, r0
100077ce:	bc01      	pop	{r0}
100077d0:	4760      	bx	ip
100077d2:	bf00      	nop
100077d4:	200003bd 	.word	0x200003bd

100077d8 <__pre_init_runtime_init_early_resets>:
100077d8:	10001bc1                                ....

100077dc <__pre_init_runtime_init_usb_power_down>:
100077dc:	10001bed 10001dd1 10002515 1000225d     .........%..]"..
100077ec:	10002481                                .$..

100077f0 <__pre_init_runtime_init_clocks>:
100077f0:	10001cf9                                ....

100077f4 <__pre_init_runtime_init_post_clock_resets>:
100077f4:	10001c09                                ....

100077f8 <__pre_init_runtime_init_rp2040_gpio_ie_disable>:
100077f8:	10001c29                                )...

100077fc <__pre_init_runtime_init_spin_locks_reset>:
100077fc:	10001c3d                                =...

10007800 <__pre_init_runtime_init_mutex>:
10007800:	10000ea9                                ....

10007804 <__pre_init_runtime_init_install_ram_vector_table>:
10007804:	10001c45                                E...

10007808 <__pre_init_runtime_init_default_alarm_pool>:
10007808:	10001269                                i...

1000780c <__pre_init_first_per_core_initializer>:
1000780c:	10001b89                                ....

10007810 <__pre_init_runtime_init_per_core_irq_priorities>:
10007810:	10000ab5                                ....

10007814 <__init_array_start>:
10007814:	100076fd 	.word	0x100076fd
10007818:	10002e1d 	.word	0x10002e1d

1000781c <__frame_dummy_init_array_entry>:
1000781c:	100002fd 1000573d                       ....=W..

Disassembly of section .data:

200000c0 <mutex_try_enter>:
200000c0:	b570      	push	{r4, r5, r6, lr}
200000c2:	6802      	ldr	r2, [r0, #0]
200000c4:	0004      	movs	r4, r0
200000c6:	f3ef 8510 	mrs	r5, PRIMASK
200000ca:	b672      	cpsid	i
200000cc:	6813      	ldr	r3, [r2, #0]
200000ce:	2b00      	cmp	r3, #0
200000d0:	d0fc      	beq.n	200000cc <mutex_try_enter+0xc>
200000d2:	f3bf 8f5f 	dmb	sy
200000d6:	6863      	ldr	r3, [r4, #4]
200000d8:	1c5a      	adds	r2, r3, #1
200000da:	d00b      	beq.n	200000f4 <mutex_try_enter+0x34>
200000dc:	2900      	cmp	r1, #0
200000de:	d000      	beq.n	200000e2 <mutex_try_enter+0x22>
200000e0:	600b      	str	r3, [r1, #0]
200000e2:	2000      	movs	r0, #0
200000e4:	6823      	ldr	r3, [r4, #0]
200000e6:	f3bf 8f5f 	dmb	sy
200000ea:	2200      	movs	r2, #0
200000ec:	601a      	str	r2, [r3, #0]
200000ee:	f385 8810 	msr	PRIMASK, r5
200000f2:	bd70      	pop	{r4, r5, r6, pc}
200000f4:	f000 ff30 	bl	20000f58 <__ulPortLockGetCurrentOwnerId_veneer>
200000f8:	6060      	str	r0, [r4, #4]
200000fa:	2001      	movs	r0, #1
200000fc:	e7f2      	b.n	200000e4 <mutex_try_enter+0x24>
200000fe:	46c0      	nop			@ (mov r8, r8)

20000100 <mutex_try_enter_block_until>:
20000100:	b5f0      	push	{r4, r5, r6, r7, lr}
20000102:	46c6      	mov	lr, r8
20000104:	0016      	movs	r6, r2
20000106:	b500      	push	{lr}
20000108:	0004      	movs	r4, r0
2000010a:	001f      	movs	r7, r3
2000010c:	6802      	ldr	r2, [r0, #0]
2000010e:	f3ef 8810 	mrs	r8, PRIMASK
20000112:	b672      	cpsid	i
20000114:	6813      	ldr	r3, [r2, #0]
20000116:	2b00      	cmp	r3, #0
20000118:	d0fc      	beq.n	20000114 <mutex_try_enter_block_until+0x14>
2000011a:	f3bf 8f5f 	dmb	sy
2000011e:	6865      	ldr	r5, [r4, #4]
20000120:	1c6b      	adds	r3, r5, #1
20000122:	d00e      	beq.n	20000142 <mutex_try_enter_block_until+0x42>
20000124:	6823      	ldr	r3, [r4, #0]
20000126:	f3bf 8f5f 	dmb	sy
2000012a:	2200      	movs	r2, #0
2000012c:	601a      	str	r2, [r3, #0]
2000012e:	f388 8810 	msr	PRIMASK, r8
20000132:	f000 ff11 	bl	20000f58 <__ulPortLockGetCurrentOwnerId_veneer>
20000136:	42a8      	cmp	r0, r5
20000138:	d10f      	bne.n	2000015a <mutex_try_enter_block_until+0x5a>
2000013a:	2000      	movs	r0, #0
2000013c:	bc80      	pop	{r7}
2000013e:	46b8      	mov	r8, r7
20000140:	bdf0      	pop	{r4, r5, r6, r7, pc}
20000142:	f000 ff09 	bl	20000f58 <__ulPortLockGetCurrentOwnerId_veneer>
20000146:	6823      	ldr	r3, [r4, #0]
20000148:	6060      	str	r0, [r4, #4]
2000014a:	f3bf 8f5f 	dmb	sy
2000014e:	2200      	movs	r2, #0
20000150:	601a      	str	r2, [r3, #0]
20000152:	f388 8810 	msr	PRIMASK, r8
20000156:	2001      	movs	r0, #1
20000158:	e7f0      	b.n	2000013c <mutex_try_enter_block_until+0x3c>
2000015a:	f000 fefd 	bl	20000f58 <__ulPortLockGetCurrentOwnerId_veneer>
2000015e:	4680      	mov	r8, r0
20000160:	e006      	b.n	20000170 <mutex_try_enter_block_until+0x70>
20000162:	0032      	movs	r2, r6
20000164:	003b      	movs	r3, r7
20000166:	0020      	movs	r0, r4
20000168:	f000 fece 	bl	20000f08 <__xPortLockInternalSpinUnlockWithBestEffortWaitOrTimeout_veneer>
2000016c:	2800      	cmp	r0, #0
2000016e:	d1e4      	bne.n	2000013a <mutex_try_enter_block_until+0x3a>
20000170:	6822      	ldr	r2, [r4, #0]
20000172:	f3ef 8110 	mrs	r1, PRIMASK
20000176:	b672      	cpsid	i
20000178:	6813      	ldr	r3, [r2, #0]
2000017a:	2b00      	cmp	r3, #0
2000017c:	d0fc      	beq.n	20000178 <mutex_try_enter_block_until+0x78>
2000017e:	f3bf 8f5f 	dmb	sy
20000182:	6865      	ldr	r5, [r4, #4]
20000184:	3501      	adds	r5, #1
20000186:	d1ec      	bne.n	20000162 <mutex_try_enter_block_until+0x62>
20000188:	4643      	mov	r3, r8
2000018a:	6063      	str	r3, [r4, #4]
2000018c:	6823      	ldr	r3, [r4, #0]
2000018e:	f3bf 8f5f 	dmb	sy
20000192:	2200      	movs	r2, #0
20000194:	601a      	str	r2, [r3, #0]
20000196:	f381 8810 	msr	PRIMASK, r1
2000019a:	2001      	movs	r0, #1
2000019c:	e7ce      	b.n	2000013c <mutex_try_enter_block_until+0x3c>
2000019e:	46c0      	nop			@ (mov r8, r8)

200001a0 <mutex_enter_timeout_ms>:
200001a0:	b5f8      	push	{r3, r4, r5, r6, r7, lr}
200001a2:	000d      	movs	r5, r1
200001a4:	0004      	movs	r4, r0
200001a6:	f000 fee7 	bl	20000f78 <__time_us_64_veneer>
200001aa:	22fa      	movs	r2, #250	@ 0xfa
200001ac:	0006      	movs	r6, r0
200001ae:	000f      	movs	r7, r1
200001b0:	2300      	movs	r3, #0
200001b2:	0028      	movs	r0, r5
200001b4:	2100      	movs	r1, #0
200001b6:	0092      	lsls	r2, r2, #2
200001b8:	f000 fee6 	bl	20000f88 <____wrap___aeabi_lmul_veneer>
200001bc:	2380      	movs	r3, #128	@ 0x80
200001be:	1836      	adds	r6, r6, r0
200001c0:	414f      	adcs	r7, r1
200001c2:	061b      	lsls	r3, r3, #24
200001c4:	429f      	cmp	r7, r3
200001c6:	d302      	bcc.n	200001ce <mutex_enter_timeout_ms+0x2e>
200001c8:	2601      	movs	r6, #1
200001ca:	4f12      	ldr	r7, [pc, #72]	@ (20000214 <mutex_enter_timeout_ms+0x74>)
200001cc:	4276      	negs	r6, r6
200001ce:	f000 fec3 	bl	20000f58 <__ulPortLockGetCurrentOwnerId_veneer>
200001d2:	0005      	movs	r5, r0
200001d4:	e006      	b.n	200001e4 <mutex_enter_timeout_ms+0x44>
200001d6:	0032      	movs	r2, r6
200001d8:	003b      	movs	r3, r7
200001da:	0020      	movs	r0, r4
200001dc:	f000 fe94 	bl	20000f08 <__xPortLockInternalSpinUnlockWithBestEffortWaitOrTimeout_veneer>
200001e0:	2800      	cmp	r0, #0
200001e2:	d115      	bne.n	20000210 <mutex_enter_timeout_ms+0x70>
200001e4:	6822      	ldr	r2, [r4, #0]
200001e6:	f3ef 8110 	mrs	r1, PRIMASK
200001ea:	b672      	cpsid	i
200001ec:	6813      	ldr	r3, [r2, #0]
200001ee:	2b00      	cmp	r3, #0
200001f0:	d0fc      	beq.n	200001ec <mutex_enter_timeout_ms+0x4c>
200001f2:	f3bf 8f5f 	dmb	sy
200001f6:	6863      	ldr	r3, [r4, #4]
200001f8:	3301      	adds	r3, #1
200001fa:	d1ec      	bne.n	200001d6 <mutex_enter_timeout_ms+0x36>
200001fc:	6065      	str	r5, [r4, #4]
200001fe:	6823      	ldr	r3, [r4, #0]
20000200:	f3bf 8f5f 	dmb	sy
20000204:	2200      	movs	r2, #0
20000206:	601a      	str	r2, [r3, #0]
20000208:	f381 8810 	msr	PRIMASK, r1
2000020c:	2001      	movs	r0, #1
2000020e:	bdf8      	pop	{r3, r4, r5, r6, r7, pc}
20000210:	2000      	movs	r0, #0
20000212:	e7fc      	b.n	2000020e <mutex_enter_timeout_ms+0x6e>
20000214:	7fffffff 	.word	0x7fffffff

20000218 <mutex_exit>:
20000218:	b510      	push	{r4, lr}
2000021a:	6802      	ldr	r2, [r0, #0]
2000021c:	f3ef 8110 	mrs	r1, PRIMASK
20000220:	b672      	cpsid	i
20000222:	6813      	ldr	r3, [r2, #0]
20000224:	2b00      	cmp	r3, #0
20000226:	d0fc      	beq.n	20000222 <mutex_exit+0xa>
20000228:	f3bf 8f5f 	dmb	sy
2000022c:	2301      	movs	r3, #1
2000022e:	425b      	negs	r3, r3
20000230:	6043      	str	r3, [r0, #4]
20000232:	f000 fe81 	bl	20000f38 <__vPortLockInternalSpinUnlockWithNotify_veneer>
20000236:	bd10      	pop	{r4, pc}

20000238 <flash_init_boot2_copyout>:
20000238:	b510      	push	{r4, lr}
2000023a:	4c08      	ldr	r4, [pc, #32]	@ (2000025c <flash_init_boot2_copyout+0x24>)
2000023c:	7823      	ldrb	r3, [r4, #0]
2000023e:	2b00      	cmp	r3, #0
20000240:	d10a      	bne.n	20000258 <flash_init_boot2_copyout+0x20>
20000242:	2380      	movs	r3, #128	@ 0x80
20000244:	4806      	ldr	r0, [pc, #24]	@ (20000260 <flash_init_boot2_copyout+0x28>)
20000246:	4907      	ldr	r1, [pc, #28]	@ (20000264 <flash_init_boot2_copyout+0x2c>)
20000248:	055b      	lsls	r3, r3, #21
2000024a:	681a      	ldr	r2, [r3, #0]
2000024c:	50c2      	str	r2, [r0, r3]
2000024e:	3304      	adds	r3, #4
20000250:	428b      	cmp	r3, r1
20000252:	d1fa      	bne.n	2000024a <flash_init_boot2_copyout+0x12>
20000254:	2301      	movs	r3, #1
20000256:	7023      	strb	r3, [r4, #0]
20000258:	bd10      	pop	{r4, pc}
2000025a:	46c0      	nop			@ (mov r8, r8)
2000025c:	2002253f 	.word	0x2002253f
20000260:	10001a88 	.word	0x10001a88
20000264:	10000100 	.word	0x10000100

20000268 <flash_enable_xip_via_boot2>:
20000268:	b510      	push	{r4, lr}
2000026a:	4b01      	ldr	r3, [pc, #4]	@ (20000270 <flash_enable_xip_via_boot2+0x8>)
2000026c:	4798      	blx	r3
2000026e:	bd10      	pop	{r4, pc}
20000270:	20001a89 	.word	0x20001a89

20000274 <flash_save_hardware_state>:
20000274:	4b06      	ldr	r3, [pc, #24]	@ (20000290 <flash_save_hardware_state+0x1c>)
20000276:	685a      	ldr	r2, [r3, #4]
20000278:	6002      	str	r2, [r0, #0]
2000027a:	689a      	ldr	r2, [r3, #8]
2000027c:	6042      	str	r2, [r0, #4]
2000027e:	68da      	ldr	r2, [r3, #12]
20000280:	6082      	str	r2, [r0, #8]
20000282:	691a      	ldr	r2, [r3, #16]
20000284:	60c2      	str	r2, [r0, #12]
20000286:	695a      	ldr	r2, [r3, #20]
20000288:	6102      	str	r2, [r0, #16]
2000028a:	699b      	ldr	r3, [r3, #24]
2000028c:	6143      	str	r3, [r0, #20]
2000028e:	4770      	bx	lr
20000290:	40020000 	.word	0x40020000

20000294 <flash_restore_hardware_state>:
20000294:	6802      	ldr	r2, [r0, #0]
20000296:	4b06      	ldr	r3, [pc, #24]	@ (200002b0 <flash_restore_hardware_state+0x1c>)
20000298:	605a      	str	r2, [r3, #4]
2000029a:	6842      	ldr	r2, [r0, #4]
2000029c:	609a      	str	r2, [r3, #8]
2000029e:	6882      	ldr	r2, [r0, #8]
200002a0:	60da      	str	r2, [r3, #12]
200002a2:	68c2      	ldr	r2, [r0, #12]
200002a4:	611a      	str	r2, [r3, #16]
200002a6:	6902      	ldr	r2, [r0, #16]
200002a8:	615a      	str	r2, [r3, #20]
200002aa:	6942      	ldr	r2, [r0, #20]
200002ac:	619a      	str	r2, [r3, #24]
200002ae:	4770      	bx	lr
200002b0:	40020000 	.word	0x40020000

200002b4 <flash_cs_force.constprop.0>:
200002b4:	4b03      	ldr	r3, [pc, #12]	@ (200002c4 <flash_cs_force.constprop.0+0x10>)
200002b6:	681a      	ldr	r2, [r3, #0]
200002b8:	23c0      	movs	r3, #192	@ 0xc0
200002ba:	009b      	lsls	r3, r3, #2
200002bc:	4393      	bics	r3, r2
200002be:	4a02      	ldr	r2, [pc, #8]	@ (200002c8 <flash_cs_force.constprop.0+0x14>)
200002c0:	6013      	str	r3, [r2, #0]
200002c2:	4770      	bx	lr
200002c4:	4001800c 	.word	0x4001800c
200002c8:	4001900c 	.word	0x4001900c

200002cc <flash_cs_force.constprop.1>:
200002cc:	4b05      	ldr	r3, [pc, #20]	@ (200002e4 <flash_cs_force.constprop.1+0x18>)
200002ce:	681a      	ldr	r2, [r3, #0]
200002d0:	2380      	movs	r3, #128	@ 0x80
200002d2:	009b      	lsls	r3, r3, #2
200002d4:	4053      	eors	r3, r2
200002d6:	22c0      	movs	r2, #192	@ 0xc0
200002d8:	0092      	lsls	r2, r2, #2
200002da:	4013      	ands	r3, r2
200002dc:	4a02      	ldr	r2, [pc, #8]	@ (200002e8 <flash_cs_force.constprop.1+0x1c>)
200002de:	6013      	str	r3, [r2, #0]
200002e0:	4770      	bx	lr
200002e2:	46c0      	nop			@ (mov r8, r8)
200002e4:	4001800c 	.word	0x4001800c
200002e8:	4001900c 	.word	0x4001900c

200002ec <flash_do_cmd>:
200002ec:	2314      	movs	r3, #20
200002ee:	b5f0      	push	{r4, r5, r6, r7, lr}
200002f0:	46d6      	mov	lr, sl
200002f2:	464f      	mov	r7, r9
200002f4:	4646      	mov	r6, r8
200002f6:	469a      	mov	sl, r3
200002f8:	b5c0      	push	{r6, r7, lr}
200002fa:	4681      	mov	r9, r0
200002fc:	8818      	ldrh	r0, [r3, #0]
200002fe:	3304      	adds	r3, #4
20000300:	b086      	sub	sp, #24
20000302:	4698      	mov	r8, r3
20000304:	000e      	movs	r6, r1
20000306:	881b      	ldrh	r3, [r3, #0]
20000308:	4929      	ldr	r1, [pc, #164]	@ (200003b0 <flash_do_cmd+0xc4>)
2000030a:	0014      	movs	r4, r2
2000030c:	4798      	blx	r3
2000030e:	4653      	mov	r3, sl
20000310:	0007      	movs	r7, r0
20000312:	8818      	ldrh	r0, [r3, #0]
20000314:	4643      	mov	r3, r8
20000316:	4927      	ldr	r1, [pc, #156]	@ (200003b4 <flash_do_cmd+0xc8>)
20000318:	881b      	ldrh	r3, [r3, #0]
2000031a:	4798      	blx	r3
2000031c:	4653      	mov	r3, sl
2000031e:	0005      	movs	r5, r0
20000320:	8818      	ldrh	r0, [r3, #0]
20000322:	4643      	mov	r3, r8
20000324:	4924      	ldr	r1, [pc, #144]	@ (200003b8 <flash_do_cmd+0xcc>)
20000326:	881b      	ldrh	r3, [r3, #0]
20000328:	4798      	blx	r3
2000032a:	4680      	mov	r8, r0
2000032c:	f7ff ff84 	bl	20000238 <flash_init_boot2_copyout>
20000330:	4668      	mov	r0, sp
20000332:	f7ff ff9f 	bl	20000274 <flash_save_hardware_state>
20000336:	47b8      	blx	r7
20000338:	47a8      	blx	r5
2000033a:	f7ff ffc7 	bl	200002cc <flash_cs_force.constprop.1>
2000033e:	1e22      	subs	r2, r4, #0
20000340:	d020      	beq.n	20000384 <flash_do_cmd+0x98>
20000342:	21c0      	movs	r1, #192	@ 0xc0
20000344:	2708      	movs	r7, #8
20000346:	2002      	movs	r0, #2
20000348:	0549      	lsls	r1, r1, #21
2000034a:	e011      	b.n	20000370 <flash_do_cmd+0x84>
2000034c:	2c00      	cmp	r4, #0
2000034e:	d014      	beq.n	2000037a <flash_do_cmd+0x8e>
20000350:	1b13      	subs	r3, r2, r4
20000352:	2b0d      	cmp	r3, #13
20000354:	d924      	bls.n	200003a0 <flash_do_cmd+0xb4>
20000356:	2d00      	cmp	r5, #0
20000358:	d00a      	beq.n	20000370 <flash_do_cmd+0x84>
2000035a:	0023      	movs	r3, r4
2000035c:	2a00      	cmp	r2, #0
2000035e:	d005      	beq.n	2000036c <flash_do_cmd+0x80>
20000360:	6e0b      	ldr	r3, [r1, #96]	@ 0x60
20000362:	3a01      	subs	r2, #1
20000364:	7033      	strb	r3, [r6, #0]
20000366:	0013      	movs	r3, r2
20000368:	3601      	adds	r6, #1
2000036a:	4323      	orrs	r3, r4
2000036c:	2b00      	cmp	r3, #0
2000036e:	d009      	beq.n	20000384 <flash_do_cmd+0x98>
20000370:	003d      	movs	r5, r7
20000372:	6a8b      	ldr	r3, [r1, #40]	@ 0x28
20000374:	401d      	ands	r5, r3
20000376:	4218      	tst	r0, r3
20000378:	d1e8      	bne.n	2000034c <flash_do_cmd+0x60>
2000037a:	2d00      	cmp	r5, #0
2000037c:	d1ed      	bne.n	2000035a <flash_do_cmd+0x6e>
2000037e:	0023      	movs	r3, r4
20000380:	4313      	orrs	r3, r2
20000382:	d1f5      	bne.n	20000370 <flash_do_cmd+0x84>
20000384:	f7ff ff96 	bl	200002b4 <flash_cs_force.constprop.0>
20000388:	47c0      	blx	r8
2000038a:	f7ff ff6d 	bl	20000268 <flash_enable_xip_via_boot2>
2000038e:	4668      	mov	r0, sp
20000390:	f7ff ff80 	bl	20000294 <flash_restore_hardware_state>
20000394:	b006      	add	sp, #24
20000396:	bce0      	pop	{r5, r6, r7}
20000398:	46ba      	mov	sl, r7
2000039a:	46b1      	mov	r9, r6
2000039c:	46a8      	mov	r8, r5
2000039e:	bdf0      	pop	{r4, r5, r6, r7, pc}
200003a0:	464b      	mov	r3, r9
200003a2:	781b      	ldrb	r3, [r3, #0]
200003a4:	3c01      	subs	r4, #1
200003a6:	660b      	str	r3, [r1, #96]	@ 0x60
200003a8:	2301      	movs	r3, #1
200003aa:	469c      	mov	ip, r3
200003ac:	44e1      	add	r9, ip
200003ae:	e7e4      	b.n	2000037a <flash_do_cmd+0x8e>
200003b0:	00004649 	.word	0x00004649
200003b4:	00005845 	.word	0x00005845
200003b8:	00004346 	.word	0x00004346

200003bc <reset_non_control_endpoints>:
200003bc:	2200      	movs	r2, #0
200003be:	4b15      	ldr	r3, [pc, #84]	@ (20000414 <reset_non_control_endpoints+0x58>)
200003c0:	b510      	push	{r4, lr}
200003c2:	609a      	str	r2, [r3, #8]
200003c4:	60da      	str	r2, [r3, #12]
200003c6:	611a      	str	r2, [r3, #16]
200003c8:	615a      	str	r2, [r3, #20]
200003ca:	619a      	str	r2, [r3, #24]
200003cc:	61da      	str	r2, [r3, #28]
200003ce:	621a      	str	r2, [r3, #32]
200003d0:	625a      	str	r2, [r3, #36]	@ 0x24
200003d2:	629a      	str	r2, [r3, #40]	@ 0x28
200003d4:	62da      	str	r2, [r3, #44]	@ 0x2c
200003d6:	631a      	str	r2, [r3, #48]	@ 0x30
200003d8:	635a      	str	r2, [r3, #52]	@ 0x34
200003da:	639a      	str	r2, [r3, #56]	@ 0x38
200003dc:	63da      	str	r2, [r3, #60]	@ 0x3c
200003de:	641a      	str	r2, [r3, #64]	@ 0x40
200003e0:	645a      	str	r2, [r3, #68]	@ 0x44
200003e2:	649a      	str	r2, [r3, #72]	@ 0x48
200003e4:	64da      	str	r2, [r3, #76]	@ 0x4c
200003e6:	651a      	str	r2, [r3, #80]	@ 0x50
200003e8:	655a      	str	r2, [r3, #84]	@ 0x54
200003ea:	659a      	str	r2, [r3, #88]	@ 0x58
200003ec:	65da      	str	r2, [r3, #92]	@ 0x5c
200003ee:	661a      	str	r2, [r3, #96]	@ 0x60
200003f0:	665a      	str	r2, [r3, #100]	@ 0x64
200003f2:	669a      	str	r2, [r3, #104]	@ 0x68
200003f4:	66da      	str	r2, [r3, #108]	@ 0x6c
200003f6:	671a      	str	r2, [r3, #112]	@ 0x70
200003f8:	675a      	str	r2, [r3, #116]	@ 0x74
200003fa:	679a      	str	r2, [r3, #120]	@ 0x78
200003fc:	67da      	str	r2, [r3, #124]	@ 0x7c
200003fe:	32f0      	adds	r2, #240	@ 0xf0
20000400:	0092      	lsls	r2, r2, #2
20000402:	2100      	movs	r1, #0
20000404:	4804      	ldr	r0, [pc, #16]	@ (20000418 <reset_non_control_endpoints+0x5c>)
20000406:	f000 fd9f 	bl	20000f48 <____wrap_memset_veneer>
2000040a:	4b04      	ldr	r3, [pc, #16]	@ (2000041c <reset_non_control_endpoints+0x60>)
2000040c:	4a04      	ldr	r2, [pc, #16]	@ (20000420 <reset_non_control_endpoints+0x64>)
2000040e:	601a      	str	r2, [r3, #0]
20000410:	bd10      	pop	{r4, pc}
20000412:	46c0      	nop			@ (mov r8, r8)
20000414:	50100000 	.word	0x50100000
20000418:	20001c34 	.word	0x20001c34
2000041c:	20002004 	.word	0x20002004
20000420:	50100180 	.word	0x50100180

20000424 <hw_handle_buff_status>:
20000424:	b5f0      	push	{r4, r5, r6, r7, lr}
20000426:	464e      	mov	r6, r9
20000428:	4645      	mov	r5, r8
2000042a:	46de      	mov	lr, fp
2000042c:	4657      	mov	r7, sl
2000042e:	b5e0      	push	{r5, r6, r7, lr}
20000430:	4b21      	ldr	r3, [pc, #132]	@ (200004b8 <hw_handle_buff_status+0x94>)
20000432:	2400      	movs	r4, #0
20000434:	6d9e      	ldr	r6, [r3, #88]	@ 0x58
20000436:	2501      	movs	r5, #1
20000438:	b085      	sub	sp, #20
2000043a:	2e00      	cmp	r6, #0
2000043c:	d022      	beq.n	20000484 <hw_handle_buff_status+0x60>
2000043e:	4b1f      	ldr	r3, [pc, #124]	@ (200004bc <hw_handle_buff_status+0x98>)
20000440:	469a      	mov	sl, r3
20000442:	2301      	movs	r3, #1
20000444:	4699      	mov	r9, r3
20000446:	4b1e      	ldr	r3, [pc, #120]	@ (200004c0 <hw_handle_buff_status+0x9c>)
20000448:	4698      	mov	r8, r3
2000044a:	e001      	b.n	20000450 <hw_handle_buff_status+0x2c>
2000044c:	2c20      	cmp	r4, #32
2000044e:	d019      	beq.n	20000484 <hw_handle_buff_status+0x60>
20000450:	002a      	movs	r2, r5
20000452:	0023      	movs	r3, r4
20000454:	3401      	adds	r4, #1
20000456:	002f      	movs	r7, r5
20000458:	4032      	ands	r2, r6
2000045a:	b2e4      	uxtb	r4, r4
2000045c:	006d      	lsls	r5, r5, #1
2000045e:	2a00      	cmp	r2, #0
20000460:	d0f4      	beq.n	2000044c <hw_handle_buff_status+0x28>
20000462:	4652      	mov	r2, sl
20000464:	6597      	str	r7, [r2, #88]	@ 0x58
20000466:	464a      	mov	r2, r9
20000468:	085b      	lsrs	r3, r3, #1
2000046a:	005b      	lsls	r3, r3, #1
2000046c:	4022      	ands	r2, r4
2000046e:	189b      	adds	r3, r3, r2
20000470:	015b      	lsls	r3, r3, #5
20000472:	4443      	add	r3, r8
20000474:	0018      	movs	r0, r3
20000476:	469b      	mov	fp, r3
20000478:	f000 fc30 	bl	20000cdc <hw_endpoint_xfer_continue>
2000047c:	2800      	cmp	r0, #0
2000047e:	d108      	bne.n	20000492 <hw_handle_buff_status+0x6e>
20000480:	43be      	bics	r6, r7
20000482:	d1e3      	bne.n	2000044c <hw_handle_buff_status+0x28>
20000484:	b005      	add	sp, #20
20000486:	bcf0      	pop	{r4, r5, r6, r7}
20000488:	46bb      	mov	fp, r7
2000048a:	46b2      	mov	sl, r6
2000048c:	46a9      	mov	r9, r5
2000048e:	46a0      	mov	r8, r4
20000490:	bdf0      	pop	{r4, r5, r6, r7, pc}
20000492:	465b      	mov	r3, fp
20000494:	21e0      	movs	r1, #224	@ 0xe0
20000496:	789a      	ldrb	r2, [r3, #2]
20000498:	8adb      	ldrh	r3, [r3, #22]
2000049a:	a801      	add	r0, sp, #4
2000049c:	6083      	str	r3, [r0, #8]
2000049e:	2300      	movs	r3, #0
200004a0:	00c9      	lsls	r1, r1, #3
200004a2:	8001      	strh	r1, [r0, #0]
200004a4:	2101      	movs	r1, #1
200004a6:	7102      	strb	r2, [r0, #4]
200004a8:	7143      	strb	r3, [r0, #5]
200004aa:	f000 fc37 	bl	20000d1c <dcd_event_handler>
200004ae:	4658      	mov	r0, fp
200004b0:	f000 fbb0 	bl	20000c14 <hw_endpoint_reset_transfer>
200004b4:	e7e4      	b.n	20000480 <hw_handle_buff_status+0x5c>
200004b6:	46c0      	nop			@ (mov r8, r8)
200004b8:	50110000 	.word	0x50110000
200004bc:	50113000 	.word	0x50113000
200004c0:	20001bf4 	.word	0x20001bf4

200004c4 <dcd_rp2040_irq>:
200004c4:	2398      	movs	r3, #152	@ 0x98
200004c6:	b5f0      	push	{r4, r5, r6, r7, lr}
200004c8:	46c6      	mov	lr, r8
200004ca:	4ac6      	ldr	r2, [pc, #792]	@ (200007e4 <dcd_rp2040_irq+0x320>)
200004cc:	b500      	push	{lr}
200004ce:	58d5      	ldr	r5, [r2, r3]
200004d0:	2380      	movs	r3, #128	@ 0x80
200004d2:	002e      	movs	r6, r5
200004d4:	029b      	lsls	r3, r3, #10
200004d6:	2410      	movs	r4, #16
200004d8:	b084      	sub	sp, #16
200004da:	401e      	ands	r6, r3
200004dc:	421d      	tst	r5, r3
200004de:	d073      	beq.n	200005c8 <dcd_rp2040_irq+0x104>
200004e0:	4bc1      	ldr	r3, [pc, #772]	@ (200007e8 <dcd_rp2040_irq+0x324>)
200004e2:	4cc2      	ldr	r4, [pc, #776]	@ (200007ec <dcd_rp2040_irq+0x328>)
200004e4:	6a9a      	ldr	r2, [r3, #40]	@ 0x28
200004e6:	4bc2      	ldr	r3, [pc, #776]	@ (200007f0 <dcd_rp2040_irq+0x32c>)
200004e8:	2600      	movs	r6, #0
200004ea:	601a      	str	r2, [r3, #0]
200004ec:	233b      	movs	r3, #59	@ 0x3b
200004ee:	5ce3      	ldrb	r3, [r4, r3]
200004f0:	2b02      	cmp	r3, #2
200004f2:	d100      	bne.n	200004f6 <dcd_rp2040_irq+0x32>
200004f4:	e0f4      	b.n	200006e0 <dcd_rp2040_irq+0x21c>
200004f6:	237b      	movs	r3, #123	@ 0x7b
200004f8:	5ce3      	ldrb	r3, [r4, r3]
200004fa:	2b02      	cmp	r3, #2
200004fc:	d100      	bne.n	20000500 <dcd_rp2040_irq+0x3c>
200004fe:	e10c      	b.n	2000071a <dcd_rp2040_irq+0x256>
20000500:	23bb      	movs	r3, #187	@ 0xbb
20000502:	5ce3      	ldrb	r3, [r4, r3]
20000504:	2b02      	cmp	r3, #2
20000506:	d100      	bne.n	2000050a <dcd_rp2040_irq+0x46>
20000508:	e0fb      	b.n	20000702 <dcd_rp2040_irq+0x23e>
2000050a:	23fb      	movs	r3, #251	@ 0xfb
2000050c:	5ce3      	ldrb	r3, [r4, r3]
2000050e:	2b02      	cmp	r3, #2
20000510:	d100      	bne.n	20000514 <dcd_rp2040_irq+0x50>
20000512:	e135      	b.n	20000780 <dcd_rp2040_irq+0x2bc>
20000514:	233c      	movs	r3, #60	@ 0x3c
20000516:	33ff      	adds	r3, #255	@ 0xff
20000518:	5ce3      	ldrb	r3, [r4, r3]
2000051a:	2b02      	cmp	r3, #2
2000051c:	d100      	bne.n	20000520 <dcd_rp2040_irq+0x5c>
2000051e:	e122      	b.n	20000766 <dcd_rp2040_irq+0x2a2>
20000520:	237c      	movs	r3, #124	@ 0x7c
20000522:	33ff      	adds	r3, #255	@ 0xff
20000524:	5ce3      	ldrb	r3, [r4, r3]
20000526:	2b02      	cmp	r3, #2
20000528:	d100      	bne.n	2000052c <dcd_rp2040_irq+0x68>
2000052a:	e10f      	b.n	2000074c <dcd_rp2040_irq+0x288>
2000052c:	23bc      	movs	r3, #188	@ 0xbc
2000052e:	33ff      	adds	r3, #255	@ 0xff
20000530:	5ce3      	ldrb	r3, [r4, r3]
20000532:	2b02      	cmp	r3, #2
20000534:	d100      	bne.n	20000538 <dcd_rp2040_irq+0x74>
20000536:	e0fc      	b.n	20000732 <dcd_rp2040_irq+0x26e>
20000538:	23fc      	movs	r3, #252	@ 0xfc
2000053a:	33ff      	adds	r3, #255	@ 0xff
2000053c:	5ce3      	ldrb	r3, [r4, r3]
2000053e:	2b02      	cmp	r3, #2
20000540:	d100      	bne.n	20000544 <dcd_rp2040_irq+0x80>
20000542:	e1a6      	b.n	20000892 <dcd_rp2040_irq+0x3ce>
20000544:	4bab      	ldr	r3, [pc, #684]	@ (200007f4 <dcd_rp2040_irq+0x330>)
20000546:	5ce3      	ldrb	r3, [r4, r3]
20000548:	2b02      	cmp	r3, #2
2000054a:	d100      	bne.n	2000054e <dcd_rp2040_irq+0x8a>
2000054c:	e196      	b.n	2000087c <dcd_rp2040_irq+0x3b8>
2000054e:	4baa      	ldr	r3, [pc, #680]	@ (200007f8 <dcd_rp2040_irq+0x334>)
20000550:	5ce3      	ldrb	r3, [r4, r3]
20000552:	2b02      	cmp	r3, #2
20000554:	d100      	bne.n	20000558 <dcd_rp2040_irq+0x94>
20000556:	e185      	b.n	20000864 <dcd_rp2040_irq+0x3a0>
20000558:	4ba8      	ldr	r3, [pc, #672]	@ (200007fc <dcd_rp2040_irq+0x338>)
2000055a:	5ce3      	ldrb	r3, [r4, r3]
2000055c:	2b02      	cmp	r3, #2
2000055e:	d100      	bne.n	20000562 <dcd_rp2040_irq+0x9e>
20000560:	e174      	b.n	2000084c <dcd_rp2040_irq+0x388>
20000562:	4ba7      	ldr	r3, [pc, #668]	@ (20000800 <dcd_rp2040_irq+0x33c>)
20000564:	5ce3      	ldrb	r3, [r4, r3]
20000566:	2b02      	cmp	r3, #2
20000568:	d100      	bne.n	2000056c <dcd_rp2040_irq+0xa8>
2000056a:	e163      	b.n	20000834 <dcd_rp2040_irq+0x370>
2000056c:	4ba5      	ldr	r3, [pc, #660]	@ (20000804 <dcd_rp2040_irq+0x340>)
2000056e:	5ce3      	ldrb	r3, [r4, r3]
20000570:	2b02      	cmp	r3, #2
20000572:	d100      	bne.n	20000576 <dcd_rp2040_irq+0xb2>
20000574:	e12a      	b.n	200007cc <dcd_rp2040_irq+0x308>
20000576:	4ba4      	ldr	r3, [pc, #656]	@ (20000808 <dcd_rp2040_irq+0x344>)
20000578:	5ce3      	ldrb	r3, [r4, r3]
2000057a:	2b02      	cmp	r3, #2
2000057c:	d100      	bne.n	20000580 <dcd_rp2040_irq+0xbc>
2000057e:	e10b      	b.n	20000798 <dcd_rp2040_irq+0x2d4>
20000580:	4ba2      	ldr	r3, [pc, #648]	@ (2000080c <dcd_rp2040_irq+0x348>)
20000582:	5ce3      	ldrb	r3, [r4, r3]
20000584:	2b02      	cmp	r3, #2
20000586:	d100      	bne.n	2000058a <dcd_rp2040_irq+0xc6>
20000588:	e18f      	b.n	200008aa <dcd_rp2040_irq+0x3e6>
2000058a:	4ba1      	ldr	r3, [pc, #644]	@ (20000810 <dcd_rp2040_irq+0x34c>)
2000058c:	5ce3      	ldrb	r3, [r4, r3]
2000058e:	2b02      	cmp	r3, #2
20000590:	d100      	bne.n	20000594 <dcd_rp2040_irq+0xd0>
20000592:	e1a6      	b.n	200008e2 <dcd_rp2040_irq+0x41e>
20000594:	2e00      	cmp	r6, #0
20000596:	d108      	bne.n	200005aa <dcd_rp2040_irq+0xe6>
20000598:	4b9e      	ldr	r3, [pc, #632]	@ (20000814 <dcd_rp2040_irq+0x350>)
2000059a:	781b      	ldrb	r3, [r3, #0]
2000059c:	2b00      	cmp	r3, #0
2000059e:	d104      	bne.n	200005aa <dcd_rp2040_irq+0xe6>
200005a0:	2180      	movs	r1, #128	@ 0x80
200005a2:	4a9d      	ldr	r2, [pc, #628]	@ (20000818 <dcd_rp2040_irq+0x354>)
200005a4:	3390      	adds	r3, #144	@ 0x90
200005a6:	0289      	lsls	r1, r1, #10
200005a8:	50d1      	str	r1, [r2, r3]
200005aa:	22c0      	movs	r2, #192	@ 0xc0
200005ac:	4b8d      	ldr	r3, [pc, #564]	@ (200007e4 <dcd_rp2040_irq+0x320>)
200005ae:	a801      	add	r0, sp, #4
200005b0:	6c9b      	ldr	r3, [r3, #72]	@ 0x48
200005b2:	0092      	lsls	r2, r2, #2
200005b4:	055b      	lsls	r3, r3, #21
200005b6:	0d5b      	lsrs	r3, r3, #21
200005b8:	2101      	movs	r1, #1
200005ba:	2680      	movs	r6, #128	@ 0x80
200005bc:	8002      	strh	r2, [r0, #0]
200005be:	6043      	str	r3, [r0, #4]
200005c0:	f000 fbac 	bl	20000d1c <dcd_event_handler>
200005c4:	4c95      	ldr	r4, [pc, #596]	@ (2000081c <dcd_rp2040_irq+0x358>)
200005c6:	02b6      	lsls	r6, r6, #10
200005c8:	06eb      	lsls	r3, r5, #27
200005ca:	d500      	bpl.n	200005ce <dcd_rp2040_irq+0x10a>
200005cc:	e07c      	b.n	200006c8 <dcd_rp2040_irq+0x204>
200005ce:	2380      	movs	r3, #128	@ 0x80
200005d0:	025b      	lsls	r3, r3, #9
200005d2:	421d      	tst	r5, r3
200005d4:	d032      	beq.n	2000063c <dcd_rp2040_irq+0x178>
200005d6:	431e      	orrs	r6, r3
200005d8:	2301      	movs	r3, #1
200005da:	2402      	movs	r4, #2
200005dc:	4698      	mov	r8, r3
200005de:	4f83      	ldr	r7, [pc, #524]	@ (200007ec <dcd_rp2040_irq+0x328>)
200005e0:	7ebb      	ldrb	r3, [r7, #26]
200005e2:	2b00      	cmp	r3, #0
200005e4:	d014      	beq.n	20000610 <dcd_rp2040_irq+0x14c>
200005e6:	f000 fcd7 	bl	20000f98 <__rp2040_chip_version_veneer>
200005ea:	2801      	cmp	r0, #1
200005ec:	d900      	bls.n	200005f0 <dcd_rp2040_irq+0x12c>
200005ee:	e06f      	b.n	200006d0 <dcd_rp2040_irq+0x20c>
200005f0:	22c0      	movs	r2, #192	@ 0xc0
200005f2:	2100      	movs	r1, #0
200005f4:	0038      	movs	r0, r7
200005f6:	0192      	lsls	r2, r2, #6
200005f8:	f000 fb12 	bl	20000c20 <_hw_endpoint_buffer_control_update32>
200005fc:	0038      	movs	r0, r7
200005fe:	f000 fb09 	bl	20000c14 <hw_endpoint_reset_transfer>
20000602:	f000 fcc9 	bl	20000f98 <__rp2040_chip_version_veneer>
20000606:	2801      	cmp	r0, #1
20000608:	d902      	bls.n	20000610 <dcd_rp2040_irq+0x14c>
2000060a:	4b83      	ldr	r3, [pc, #524]	@ (20000818 <dcd_rp2040_irq+0x354>)
2000060c:	665c      	str	r4, [r3, #100]	@ 0x64
2000060e:	661c      	str	r4, [r3, #96]	@ 0x60
20000610:	4643      	mov	r3, r8
20000612:	70fb      	strb	r3, [r7, #3]
20000614:	3720      	adds	r7, #32
20000616:	2c01      	cmp	r4, #1
20000618:	d001      	beq.n	2000061e <dcd_rp2040_irq+0x15a>
2000061a:	2401      	movs	r4, #1
2000061c:	e7e0      	b.n	200005e0 <dcd_rp2040_irq+0x11c>
2000061e:	23c0      	movs	r3, #192	@ 0xc0
20000620:	a801      	add	r0, sp, #4
20000622:	00db      	lsls	r3, r3, #3
20000624:	4a7e      	ldr	r2, [pc, #504]	@ (20000820 <dcd_rp2040_irq+0x35c>)
20000626:	8003      	strh	r3, [r0, #0]
20000628:	ab02      	add	r3, sp, #8
2000062a:	ca12      	ldmia	r2!, {r1, r4}
2000062c:	c312      	stmia	r3!, {r1, r4}
2000062e:	2101      	movs	r1, #1
20000630:	f000 fb74 	bl	20000d1c <dcd_event_handler>
20000634:	2280      	movs	r2, #128	@ 0x80
20000636:	4b78      	ldr	r3, [pc, #480]	@ (20000818 <dcd_rp2040_irq+0x354>)
20000638:	0292      	lsls	r2, r2, #10
2000063a:	651a      	str	r2, [r3, #80]	@ 0x50
2000063c:	2380      	movs	r3, #128	@ 0x80
2000063e:	015b      	lsls	r3, r3, #5
20000640:	421d      	tst	r5, r3
20000642:	d10e      	bne.n	20000662 <dcd_rp2040_irq+0x19e>
20000644:	2380      	movs	r3, #128	@ 0x80
20000646:	01db      	lsls	r3, r3, #7
20000648:	421d      	tst	r5, r3
2000064a:	d121      	bne.n	20000690 <dcd_rp2040_irq+0x1cc>
2000064c:	2380      	movs	r3, #128	@ 0x80
2000064e:	021b      	lsls	r3, r3, #8
20000650:	421d      	tst	r5, r3
20000652:	d12c      	bne.n	200006ae <dcd_rp2040_irq+0x1ea>
20000654:	42ae      	cmp	r6, r5
20000656:	d000      	beq.n	2000065a <dcd_rp2040_irq+0x196>
20000658:	e1c0      	b.n	200009dc <dcd_rp2040_irq+0x518>
2000065a:	b004      	add	sp, #16
2000065c:	bc80      	pop	{r7}
2000065e:	46b8      	mov	r8, r7
20000660:	bdf0      	pop	{r4, r5, r6, r7, pc}
20000662:	2400      	movs	r4, #0
20000664:	431e      	orrs	r6, r3
20000666:	4b5f      	ldr	r3, [pc, #380]	@ (200007e4 <dcd_rp2040_irq+0x320>)
20000668:	601c      	str	r4, [r3, #0]
2000066a:	f7ff fea7 	bl	200003bc <reset_non_control_endpoints>
2000066e:	2380      	movs	r3, #128	@ 0x80
20000670:	466a      	mov	r2, sp
20000672:	005b      	lsls	r3, r3, #1
20000674:	8093      	strh	r3, [r2, #4]
20000676:	7214      	strb	r4, [r2, #8]
20000678:	2101      	movs	r1, #1
2000067a:	a801      	add	r0, sp, #4
2000067c:	f000 fb4e 	bl	20000d1c <dcd_event_handler>
20000680:	2280      	movs	r2, #128	@ 0x80
20000682:	4b65      	ldr	r3, [pc, #404]	@ (20000818 <dcd_rp2040_irq+0x354>)
20000684:	0312      	lsls	r2, r2, #12
20000686:	651a      	str	r2, [r3, #80]	@ 0x50
20000688:	2380      	movs	r3, #128	@ 0x80
2000068a:	01db      	lsls	r3, r3, #7
2000068c:	421d      	tst	r5, r3
2000068e:	d0dd      	beq.n	2000064c <dcd_rp2040_irq+0x188>
20000690:	431e      	orrs	r6, r3
20000692:	2380      	movs	r3, #128	@ 0x80
20000694:	a801      	add	r0, sp, #4
20000696:	00db      	lsls	r3, r3, #3
20000698:	8003      	strh	r3, [r0, #0]
2000069a:	2101      	movs	r1, #1
2000069c:	f000 fb3e 	bl	20000d1c <dcd_event_handler>
200006a0:	2210      	movs	r2, #16
200006a2:	4b5d      	ldr	r3, [pc, #372]	@ (20000818 <dcd_rp2040_irq+0x354>)
200006a4:	651a      	str	r2, [r3, #80]	@ 0x50
200006a6:	2380      	movs	r3, #128	@ 0x80
200006a8:	021b      	lsls	r3, r3, #8
200006aa:	421d      	tst	r5, r3
200006ac:	d0d2      	beq.n	20000654 <dcd_rp2040_irq+0x190>
200006ae:	431e      	orrs	r6, r3
200006b0:	23a0      	movs	r3, #160	@ 0xa0
200006b2:	a801      	add	r0, sp, #4
200006b4:	00db      	lsls	r3, r3, #3
200006b6:	8003      	strh	r3, [r0, #0]
200006b8:	2101      	movs	r1, #1
200006ba:	f000 fb2f 	bl	20000d1c <dcd_event_handler>
200006be:	2280      	movs	r2, #128	@ 0x80
200006c0:	4b55      	ldr	r3, [pc, #340]	@ (20000818 <dcd_rp2040_irq+0x354>)
200006c2:	0112      	lsls	r2, r2, #4
200006c4:	651a      	str	r2, [r3, #80]	@ 0x50
200006c6:	e7c5      	b.n	20000654 <dcd_rp2040_irq+0x190>
200006c8:	f7ff feac 	bl	20000424 <hw_handle_buff_status>
200006cc:	0026      	movs	r6, r4
200006ce:	e77e      	b.n	200005ce <dcd_rp2040_irq+0x10a>
200006d0:	4b54      	ldr	r3, [pc, #336]	@ (20000824 <dcd_rp2040_irq+0x360>)
200006d2:	4a44      	ldr	r2, [pc, #272]	@ (200007e4 <dcd_rp2040_irq+0x320>)
200006d4:	661c      	str	r4, [r3, #96]	@ 0x60
200006d6:	6e53      	ldr	r3, [r2, #100]	@ 0x64
200006d8:	4023      	ands	r3, r4
200006da:	42a3      	cmp	r3, r4
200006dc:	d1fb      	bne.n	200006d6 <dcd_rp2040_irq+0x212>
200006de:	e787      	b.n	200005f0 <dcd_rp2040_irq+0x12c>
200006e0:	3338      	adds	r3, #56	@ 0x38
200006e2:	5ce6      	ldrb	r6, [r4, r3]
200006e4:	2e00      	cmp	r6, #0
200006e6:	d100      	bne.n	200006ea <dcd_rp2040_irq+0x226>
200006e8:	e705      	b.n	200004f6 <dcd_rp2040_irq+0x32>
200006ea:	3302      	adds	r3, #2
200006ec:	5ce2      	ldrb	r2, [r4, r3]
200006ee:	2a00      	cmp	r2, #0
200006f0:	d100      	bne.n	200006f4 <dcd_rp2040_irq+0x230>
200006f2:	e700      	b.n	200004f6 <dcd_rp2040_irq+0x32>
200006f4:	0020      	movs	r0, r4
200006f6:	2200      	movs	r2, #0
200006f8:	3020      	adds	r0, #32
200006fa:	54e2      	strb	r2, [r4, r3]
200006fc:	f000 fab8 	bl	20000c70 <hw_endpoint_start_next_buffer>
20000700:	e6f9      	b.n	200004f6 <dcd_rp2040_irq+0x32>
20000702:	33b8      	adds	r3, #184	@ 0xb8
20000704:	5ce7      	ldrb	r7, [r4, r3]
20000706:	2f00      	cmp	r7, #0
20000708:	d100      	bne.n	2000070c <dcd_rp2040_irq+0x248>
2000070a:	e6fe      	b.n	2000050a <dcd_rp2040_irq+0x46>
2000070c:	3302      	adds	r3, #2
2000070e:	5ce2      	ldrb	r2, [r4, r3]
20000710:	2a00      	cmp	r2, #0
20000712:	d000      	beq.n	20000716 <dcd_rp2040_irq+0x252>
20000714:	e122      	b.n	2000095c <dcd_rp2040_irq+0x498>
20000716:	003e      	movs	r6, r7
20000718:	e6f7      	b.n	2000050a <dcd_rp2040_irq+0x46>
2000071a:	3378      	adds	r3, #120	@ 0x78
2000071c:	5ce7      	ldrb	r7, [r4, r3]
2000071e:	2f00      	cmp	r7, #0
20000720:	d100      	bne.n	20000724 <dcd_rp2040_irq+0x260>
20000722:	e6ed      	b.n	20000500 <dcd_rp2040_irq+0x3c>
20000724:	3302      	adds	r3, #2
20000726:	5ce2      	ldrb	r2, [r4, r3]
20000728:	2a00      	cmp	r2, #0
2000072a:	d000      	beq.n	2000072e <dcd_rp2040_irq+0x26a>
2000072c:	e10e      	b.n	2000094c <dcd_rp2040_irq+0x488>
2000072e:	003e      	movs	r6, r7
20000730:	e6e6      	b.n	20000500 <dcd_rp2040_irq+0x3c>
20000732:	33b9      	adds	r3, #185	@ 0xb9
20000734:	33ff      	adds	r3, #255	@ 0xff
20000736:	5ce7      	ldrb	r7, [r4, r3]
20000738:	2f00      	cmp	r7, #0
2000073a:	d100      	bne.n	2000073e <dcd_rp2040_irq+0x27a>
2000073c:	e6fc      	b.n	20000538 <dcd_rp2040_irq+0x74>
2000073e:	3302      	adds	r3, #2
20000740:	5ce2      	ldrb	r2, [r4, r3]
20000742:	2a00      	cmp	r2, #0
20000744:	d000      	beq.n	20000748 <dcd_rp2040_irq+0x284>
20000746:	e0f8      	b.n	2000093a <dcd_rp2040_irq+0x476>
20000748:	003e      	movs	r6, r7
2000074a:	e6f5      	b.n	20000538 <dcd_rp2040_irq+0x74>
2000074c:	3379      	adds	r3, #121	@ 0x79
2000074e:	33ff      	adds	r3, #255	@ 0xff
20000750:	5ce7      	ldrb	r7, [r4, r3]
20000752:	2f00      	cmp	r7, #0
20000754:	d100      	bne.n	20000758 <dcd_rp2040_irq+0x294>
20000756:	e6e9      	b.n	2000052c <dcd_rp2040_irq+0x68>
20000758:	3302      	adds	r3, #2
2000075a:	5ce2      	ldrb	r2, [r4, r3]
2000075c:	2a00      	cmp	r2, #0
2000075e:	d000      	beq.n	20000762 <dcd_rp2040_irq+0x29e>
20000760:	e0e2      	b.n	20000928 <dcd_rp2040_irq+0x464>
20000762:	003e      	movs	r6, r7
20000764:	e6e2      	b.n	2000052c <dcd_rp2040_irq+0x68>
20000766:	3339      	adds	r3, #57	@ 0x39
20000768:	33ff      	adds	r3, #255	@ 0xff
2000076a:	5ce7      	ldrb	r7, [r4, r3]
2000076c:	2f00      	cmp	r7, #0
2000076e:	d100      	bne.n	20000772 <dcd_rp2040_irq+0x2ae>
20000770:	e6d6      	b.n	20000520 <dcd_rp2040_irq+0x5c>
20000772:	3302      	adds	r3, #2
20000774:	5ce2      	ldrb	r2, [r4, r3]
20000776:	2a00      	cmp	r2, #0
20000778:	d000      	beq.n	2000077c <dcd_rp2040_irq+0x2b8>
2000077a:	e0cc      	b.n	20000916 <dcd_rp2040_irq+0x452>
2000077c:	003e      	movs	r6, r7
2000077e:	e6cf      	b.n	20000520 <dcd_rp2040_irq+0x5c>
20000780:	33f8      	adds	r3, #248	@ 0xf8
20000782:	5ce7      	ldrb	r7, [r4, r3]
20000784:	2f00      	cmp	r7, #0
20000786:	d100      	bne.n	2000078a <dcd_rp2040_irq+0x2c6>
20000788:	e6c4      	b.n	20000514 <dcd_rp2040_irq+0x50>
2000078a:	3302      	adds	r3, #2
2000078c:	5ce2      	ldrb	r2, [r4, r3]
2000078e:	2a00      	cmp	r2, #0
20000790:	d000      	beq.n	20000794 <dcd_rp2040_irq+0x2d0>
20000792:	e0b8      	b.n	20000906 <dcd_rp2040_irq+0x442>
20000794:	003e      	movs	r6, r7
20000796:	e6bd      	b.n	20000514 <dcd_rp2040_irq+0x50>
20000798:	4b23      	ldr	r3, [pc, #140]	@ (20000828 <dcd_rp2040_irq+0x364>)
2000079a:	5ce7      	ldrb	r7, [r4, r3]
2000079c:	2f00      	cmp	r7, #0
2000079e:	d100      	bne.n	200007a2 <dcd_rp2040_irq+0x2de>
200007a0:	e6ee      	b.n	20000580 <dcd_rp2040_irq+0xbc>
200007a2:	3302      	adds	r3, #2
200007a4:	5ce2      	ldrb	r2, [r4, r3]
200007a6:	2a00      	cmp	r2, #0
200007a8:	d000      	beq.n	200007ac <dcd_rp2040_irq+0x2e8>
200007aa:	e110      	b.n	200009ce <dcd_rp2040_irq+0x50a>
200007ac:	4b17      	ldr	r3, [pc, #92]	@ (2000080c <dcd_rp2040_irq+0x348>)
200007ae:	5ce3      	ldrb	r3, [r4, r3]
200007b0:	2b02      	cmp	r3, #2
200007b2:	d100      	bne.n	200007b6 <dcd_rp2040_irq+0x2f2>
200007b4:	e08b      	b.n	200008ce <dcd_rp2040_irq+0x40a>
200007b6:	4b16      	ldr	r3, [pc, #88]	@ (20000810 <dcd_rp2040_irq+0x34c>)
200007b8:	5ce3      	ldrb	r3, [r4, r3]
200007ba:	2b02      	cmp	r3, #2
200007bc:	d000      	beq.n	200007c0 <dcd_rp2040_irq+0x2fc>
200007be:	e6f4      	b.n	200005aa <dcd_rp2040_irq+0xe6>
200007c0:	4b1a      	ldr	r3, [pc, #104]	@ (2000082c <dcd_rp2040_irq+0x368>)
200007c2:	5ce3      	ldrb	r3, [r4, r3]
200007c4:	2b00      	cmp	r3, #0
200007c6:	d000      	beq.n	200007ca <dcd_rp2040_irq+0x306>
200007c8:	e090      	b.n	200008ec <dcd_rp2040_irq+0x428>
200007ca:	e6ee      	b.n	200005aa <dcd_rp2040_irq+0xe6>
200007cc:	4b18      	ldr	r3, [pc, #96]	@ (20000830 <dcd_rp2040_irq+0x36c>)
200007ce:	5ce7      	ldrb	r7, [r4, r3]
200007d0:	2f00      	cmp	r7, #0
200007d2:	d100      	bne.n	200007d6 <dcd_rp2040_irq+0x312>
200007d4:	e6cf      	b.n	20000576 <dcd_rp2040_irq+0xb2>
200007d6:	3302      	adds	r3, #2
200007d8:	5ce2      	ldrb	r2, [r4, r3]
200007da:	2a00      	cmp	r2, #0
200007dc:	d000      	beq.n	200007e0 <dcd_rp2040_irq+0x31c>
200007de:	e0ee      	b.n	200009be <dcd_rp2040_irq+0x4fa>
200007e0:	003e      	movs	r6, r7
200007e2:	e6c8      	b.n	20000576 <dcd_rp2040_irq+0xb2>
200007e4:	50110000 	.word	0x50110000
200007e8:	40054000 	.word	0x40054000
200007ec:	20001bf4 	.word	0x20001bf4
200007f0:	20001bec 	.word	0x20001bec
200007f4:	0000023b 	.word	0x0000023b
200007f8:	0000027b 	.word	0x0000027b
200007fc:	000002bb 	.word	0x000002bb
20000800:	000002fb 	.word	0x000002fb
20000804:	0000033b 	.word	0x0000033b
20000808:	0000037b 	.word	0x0000037b
2000080c:	000003bb 	.word	0x000003bb
20000810:	000003fb 	.word	0x000003fb
20000814:	2002253d 	.word	0x2002253d
20000818:	50113000 	.word	0x50113000
2000081c:	00020010 	.word	0x00020010
20000820:	50100000 	.word	0x50100000
20000824:	50112000 	.word	0x50112000
20000828:	0000037a 	.word	0x0000037a
2000082c:	000003fa 	.word	0x000003fa
20000830:	0000033a 	.word	0x0000033a
20000834:	4b6c      	ldr	r3, [pc, #432]	@ (200009e8 <dcd_rp2040_irq+0x524>)
20000836:	5ce7      	ldrb	r7, [r4, r3]
20000838:	2f00      	cmp	r7, #0
2000083a:	d100      	bne.n	2000083e <dcd_rp2040_irq+0x37a>
2000083c:	e696      	b.n	2000056c <dcd_rp2040_irq+0xa8>
2000083e:	3302      	adds	r3, #2
20000840:	5ce2      	ldrb	r2, [r4, r3]
20000842:	2a00      	cmp	r2, #0
20000844:	d000      	beq.n	20000848 <dcd_rp2040_irq+0x384>
20000846:	e0b2      	b.n	200009ae <dcd_rp2040_irq+0x4ea>
20000848:	003e      	movs	r6, r7
2000084a:	e68f      	b.n	2000056c <dcd_rp2040_irq+0xa8>
2000084c:	4b67      	ldr	r3, [pc, #412]	@ (200009ec <dcd_rp2040_irq+0x528>)
2000084e:	5ce7      	ldrb	r7, [r4, r3]
20000850:	2f00      	cmp	r7, #0
20000852:	d100      	bne.n	20000856 <dcd_rp2040_irq+0x392>
20000854:	e685      	b.n	20000562 <dcd_rp2040_irq+0x9e>
20000856:	3302      	adds	r3, #2
20000858:	5ce2      	ldrb	r2, [r4, r3]
2000085a:	2a00      	cmp	r2, #0
2000085c:	d000      	beq.n	20000860 <dcd_rp2040_irq+0x39c>
2000085e:	e09e      	b.n	2000099e <dcd_rp2040_irq+0x4da>
20000860:	003e      	movs	r6, r7
20000862:	e67e      	b.n	20000562 <dcd_rp2040_irq+0x9e>
20000864:	4b62      	ldr	r3, [pc, #392]	@ (200009f0 <dcd_rp2040_irq+0x52c>)
20000866:	5ce7      	ldrb	r7, [r4, r3]
20000868:	2f00      	cmp	r7, #0
2000086a:	d100      	bne.n	2000086e <dcd_rp2040_irq+0x3aa>
2000086c:	e674      	b.n	20000558 <dcd_rp2040_irq+0x94>
2000086e:	3302      	adds	r3, #2
20000870:	5ce2      	ldrb	r2, [r4, r3]
20000872:	2a00      	cmp	r2, #0
20000874:	d000      	beq.n	20000878 <dcd_rp2040_irq+0x3b4>
20000876:	e08a      	b.n	2000098e <dcd_rp2040_irq+0x4ca>
20000878:	003e      	movs	r6, r7
2000087a:	e66d      	b.n	20000558 <dcd_rp2040_irq+0x94>
2000087c:	4b5d      	ldr	r3, [pc, #372]	@ (200009f4 <dcd_rp2040_irq+0x530>)
2000087e:	5ce7      	ldrb	r7, [r4, r3]
20000880:	2f00      	cmp	r7, #0
20000882:	d100      	bne.n	20000886 <dcd_rp2040_irq+0x3c2>
20000884:	e663      	b.n	2000054e <dcd_rp2040_irq+0x8a>
20000886:	3302      	adds	r3, #2
20000888:	5ce2      	ldrb	r2, [r4, r3]
2000088a:	2a00      	cmp	r2, #0
2000088c:	d177      	bne.n	2000097e <dcd_rp2040_irq+0x4ba>
2000088e:	003e      	movs	r6, r7
20000890:	e65d      	b.n	2000054e <dcd_rp2040_irq+0x8a>
20000892:	33f9      	adds	r3, #249	@ 0xf9
20000894:	33ff      	adds	r3, #255	@ 0xff
20000896:	5ce7      	ldrb	r7, [r4, r3]
20000898:	2f00      	cmp	r7, #0
2000089a:	d100      	bne.n	2000089e <dcd_rp2040_irq+0x3da>
2000089c:	e652      	b.n	20000544 <dcd_rp2040_irq+0x80>
2000089e:	3302      	adds	r3, #2
200008a0:	5ce2      	ldrb	r2, [r4, r3]
200008a2:	2a00      	cmp	r2, #0
200008a4:	d162      	bne.n	2000096c <dcd_rp2040_irq+0x4a8>
200008a6:	003e      	movs	r6, r7
200008a8:	e64c      	b.n	20000544 <dcd_rp2040_irq+0x80>
200008aa:	4b53      	ldr	r3, [pc, #332]	@ (200009f8 <dcd_rp2040_irq+0x534>)
200008ac:	5ce3      	ldrb	r3, [r4, r3]
200008ae:	2b00      	cmp	r3, #0
200008b0:	d100      	bne.n	200008b4 <dcd_rp2040_irq+0x3f0>
200008b2:	e66a      	b.n	2000058a <dcd_rp2040_irq+0xc6>
200008b4:	23ef      	movs	r3, #239	@ 0xef
200008b6:	009b      	lsls	r3, r3, #2
200008b8:	5ce2      	ldrb	r2, [r4, r3]
200008ba:	2a00      	cmp	r2, #0
200008bc:	d100      	bne.n	200008c0 <dcd_rp2040_irq+0x3fc>
200008be:	e77a      	b.n	200007b6 <dcd_rp2040_irq+0x2f2>
200008c0:	2200      	movs	r2, #0
200008c2:	54e2      	strb	r2, [r4, r3]
200008c4:	3b1c      	subs	r3, #28
200008c6:	18e0      	adds	r0, r4, r3
200008c8:	f000 f9d2 	bl	20000c70 <hw_endpoint_start_next_buffer>
200008cc:	e773      	b.n	200007b6 <dcd_rp2040_irq+0x2f2>
200008ce:	4b4a      	ldr	r3, [pc, #296]	@ (200009f8 <dcd_rp2040_irq+0x534>)
200008d0:	5ce3      	ldrb	r3, [r4, r3]
200008d2:	2b00      	cmp	r3, #0
200008d4:	d1ee      	bne.n	200008b4 <dcd_rp2040_irq+0x3f0>
200008d6:	4b49      	ldr	r3, [pc, #292]	@ (200009fc <dcd_rp2040_irq+0x538>)
200008d8:	5ce3      	ldrb	r3, [r4, r3]
200008da:	2b02      	cmp	r3, #2
200008dc:	d000      	beq.n	200008e0 <dcd_rp2040_irq+0x41c>
200008de:	e664      	b.n	200005aa <dcd_rp2040_irq+0xe6>
200008e0:	003e      	movs	r6, r7
200008e2:	4b47      	ldr	r3, [pc, #284]	@ (20000a00 <dcd_rp2040_irq+0x53c>)
200008e4:	5ce3      	ldrb	r3, [r4, r3]
200008e6:	2b00      	cmp	r3, #0
200008e8:	d100      	bne.n	200008ec <dcd_rp2040_irq+0x428>
200008ea:	e653      	b.n	20000594 <dcd_rp2040_irq+0xd0>
200008ec:	23ff      	movs	r3, #255	@ 0xff
200008ee:	009b      	lsls	r3, r3, #2
200008f0:	5ce2      	ldrb	r2, [r4, r3]
200008f2:	2a00      	cmp	r2, #0
200008f4:	d100      	bne.n	200008f8 <dcd_rp2040_irq+0x434>
200008f6:	e658      	b.n	200005aa <dcd_rp2040_irq+0xe6>
200008f8:	2200      	movs	r2, #0
200008fa:	54e2      	strb	r2, [r4, r3]
200008fc:	3b1c      	subs	r3, #28
200008fe:	18e0      	adds	r0, r4, r3
20000900:	f000 f9b6 	bl	20000c70 <hw_endpoint_start_next_buffer>
20000904:	e651      	b.n	200005aa <dcd_rp2040_irq+0xe6>
20000906:	0020      	movs	r0, r4
20000908:	2200      	movs	r2, #0
2000090a:	30e0      	adds	r0, #224	@ 0xe0
2000090c:	54e2      	strb	r2, [r4, r3]
2000090e:	003e      	movs	r6, r7
20000910:	f000 f9ae 	bl	20000c70 <hw_endpoint_start_next_buffer>
20000914:	e5fe      	b.n	20000514 <dcd_rp2040_irq+0x50>
20000916:	0020      	movs	r0, r4
20000918:	2200      	movs	r2, #0
2000091a:	3021      	adds	r0, #33	@ 0x21
2000091c:	30ff      	adds	r0, #255	@ 0xff
2000091e:	54e2      	strb	r2, [r4, r3]
20000920:	003e      	movs	r6, r7
20000922:	f000 f9a5 	bl	20000c70 <hw_endpoint_start_next_buffer>
20000926:	e5fb      	b.n	20000520 <dcd_rp2040_irq+0x5c>
20000928:	0020      	movs	r0, r4
2000092a:	2200      	movs	r2, #0
2000092c:	3061      	adds	r0, #97	@ 0x61
2000092e:	30ff      	adds	r0, #255	@ 0xff
20000930:	54e2      	strb	r2, [r4, r3]
20000932:	003e      	movs	r6, r7
20000934:	f000 f99c 	bl	20000c70 <hw_endpoint_start_next_buffer>
20000938:	e5f8      	b.n	2000052c <dcd_rp2040_irq+0x68>
2000093a:	0020      	movs	r0, r4
2000093c:	2200      	movs	r2, #0
2000093e:	30a1      	adds	r0, #161	@ 0xa1
20000940:	30ff      	adds	r0, #255	@ 0xff
20000942:	54e2      	strb	r2, [r4, r3]
20000944:	003e      	movs	r6, r7
20000946:	f000 f993 	bl	20000c70 <hw_endpoint_start_next_buffer>
2000094a:	e5f5      	b.n	20000538 <dcd_rp2040_irq+0x74>
2000094c:	0020      	movs	r0, r4
2000094e:	2200      	movs	r2, #0
20000950:	3060      	adds	r0, #96	@ 0x60
20000952:	54e2      	strb	r2, [r4, r3]
20000954:	003e      	movs	r6, r7
20000956:	f000 f98b 	bl	20000c70 <hw_endpoint_start_next_buffer>
2000095a:	e5d1      	b.n	20000500 <dcd_rp2040_irq+0x3c>
2000095c:	0020      	movs	r0, r4
2000095e:	2200      	movs	r2, #0
20000960:	30a0      	adds	r0, #160	@ 0xa0
20000962:	54e2      	strb	r2, [r4, r3]
20000964:	003e      	movs	r6, r7
20000966:	f000 f983 	bl	20000c70 <hw_endpoint_start_next_buffer>
2000096a:	e5ce      	b.n	2000050a <dcd_rp2040_irq+0x46>
2000096c:	0020      	movs	r0, r4
2000096e:	2200      	movs	r2, #0
20000970:	30e1      	adds	r0, #225	@ 0xe1
20000972:	30ff      	adds	r0, #255	@ 0xff
20000974:	54e2      	strb	r2, [r4, r3]
20000976:	003e      	movs	r6, r7
20000978:	f000 f97a 	bl	20000c70 <hw_endpoint_start_next_buffer>
2000097c:	e5e2      	b.n	20000544 <dcd_rp2040_irq+0x80>
2000097e:	2200      	movs	r2, #0
20000980:	54e2      	strb	r2, [r4, r3]
20000982:	3b1c      	subs	r3, #28
20000984:	18e0      	adds	r0, r4, r3
20000986:	f000 f973 	bl	20000c70 <hw_endpoint_start_next_buffer>
2000098a:	003e      	movs	r6, r7
2000098c:	e5df      	b.n	2000054e <dcd_rp2040_irq+0x8a>
2000098e:	2200      	movs	r2, #0
20000990:	54e2      	strb	r2, [r4, r3]
20000992:	3b1c      	subs	r3, #28
20000994:	18e0      	adds	r0, r4, r3
20000996:	f000 f96b 	bl	20000c70 <hw_endpoint_start_next_buffer>
2000099a:	003e      	movs	r6, r7
2000099c:	e5dc      	b.n	20000558 <dcd_rp2040_irq+0x94>
2000099e:	2200      	movs	r2, #0
200009a0:	54e2      	strb	r2, [r4, r3]
200009a2:	3b1c      	subs	r3, #28
200009a4:	18e0      	adds	r0, r4, r3
200009a6:	f000 f963 	bl	20000c70 <hw_endpoint_start_next_buffer>
200009aa:	003e      	movs	r6, r7
200009ac:	e5d9      	b.n	20000562 <dcd_rp2040_irq+0x9e>
200009ae:	2200      	movs	r2, #0
200009b0:	54e2      	strb	r2, [r4, r3]
200009b2:	3b1c      	subs	r3, #28
200009b4:	18e0      	adds	r0, r4, r3
200009b6:	f000 f95b 	bl	20000c70 <hw_endpoint_start_next_buffer>
200009ba:	003e      	movs	r6, r7
200009bc:	e5d6      	b.n	2000056c <dcd_rp2040_irq+0xa8>
200009be:	2200      	movs	r2, #0
200009c0:	54e2      	strb	r2, [r4, r3]
200009c2:	3b1c      	subs	r3, #28
200009c4:	18e0      	adds	r0, r4, r3
200009c6:	f000 f953 	bl	20000c70 <hw_endpoint_start_next_buffer>
200009ca:	003e      	movs	r6, r7
200009cc:	e5d3      	b.n	20000576 <dcd_rp2040_irq+0xb2>
200009ce:	2200      	movs	r2, #0
200009d0:	54e2      	strb	r2, [r4, r3]
200009d2:	3b1c      	subs	r3, #28
200009d4:	18e0      	adds	r0, r4, r3
200009d6:	f000 f94b 	bl	20000c70 <hw_endpoint_start_next_buffer>
200009da:	e6e7      	b.n	200007ac <dcd_rp2040_irq+0x2e8>
200009dc:	0031      	movs	r1, r6
200009de:	4809      	ldr	r0, [pc, #36]	@ (20000a04 <dcd_rp2040_irq+0x540>)
200009e0:	4069      	eors	r1, r5
200009e2:	f000 fac1 	bl	20000f68 <__panic_veneer>
200009e6:	46c0      	nop			@ (mov r8, r8)
200009e8:	000002fa 	.word	0x000002fa
200009ec:	000002ba 	.word	0x000002ba
200009f0:	0000027a 	.word	0x0000027a
200009f4:	0000023a 	.word	0x0000023a
200009f8:	000003ba 	.word	0x000003ba
200009fc:	000003fb 	.word	0x000003fb
20000a00:	000003fa 	.word	0x000003fa
20000a04:	100079d8 	.word	0x100079d8

20000a08 <prepare_ep_buffer>:
20000a08:	b5f0      	push	{r4, r5, r6, r7, lr}
20000a0a:	46d6      	mov	lr, sl
20000a0c:	464f      	mov	r7, r9
20000a0e:	4646      	mov	r6, r8
20000a10:	b5c0      	push	{r6, r7, lr}
20000a12:	0002      	movs	r2, r0
20000a14:	8a83      	ldrh	r3, [r0, #20]
20000a16:	8b00      	ldrh	r0, [r0, #24]
20000a18:	468a      	mov	sl, r1
20000a1a:	1c04      	adds	r4, r0, #0
20000a1c:	4298      	cmp	r0, r3
20000a1e:	d900      	bls.n	20000a22 <prepare_ep_buffer+0x1a>
20000a20:	1c1c      	adds	r4, r3, #0
20000a22:	78d5      	ldrb	r5, [r2, #3]
20000a24:	2680      	movs	r6, #128	@ 0x80
20000a26:	0028      	movs	r0, r5
20000a28:	1e47      	subs	r7, r0, #1
20000a2a:	41b8      	sbcs	r0, r7
20000a2c:	b2a4      	uxth	r4, r4
20000a2e:	00f6      	lsls	r6, r6, #3
20000a30:	4326      	orrs	r6, r4
20000a32:	0340      	lsls	r0, r0, #13
20000a34:	4330      	orrs	r0, r6
20000a36:	2601      	movs	r6, #1
20000a38:	4075      	eors	r5, r6
20000a3a:	1b1b      	subs	r3, r3, r4
20000a3c:	70d5      	strb	r5, [r2, #3]
20000a3e:	7855      	ldrb	r5, [r2, #1]
20000a40:	b29b      	uxth	r3, r3
20000a42:	8293      	strh	r3, [r2, #20]
20000a44:	2d00      	cmp	r5, #0
20000a46:	d137      	bne.n	20000ab8 <prepare_ep_buffer+0xb0>
20000a48:	4651      	mov	r1, sl
20000a4a:	68d6      	ldr	r6, [r2, #12]
20000a4c:	018d      	lsls	r5, r1, #6
20000a4e:	1e61      	subs	r1, r4, #1
20000a50:	1976      	adds	r6, r6, r5
20000a52:	4688      	mov	r8, r1
20000a54:	6915      	ldr	r5, [r2, #16]
20000a56:	2c00      	cmp	r4, #0
20000a58:	d029      	beq.n	20000aae <prepare_ep_buffer+0xa6>
20000a5a:	2906      	cmp	r1, #6
20000a5c:	d93a      	bls.n	20000ad4 <prepare_ep_buffer+0xcc>
20000a5e:	0033      	movs	r3, r6
20000a60:	432b      	orrs	r3, r5
20000a62:	079b      	lsls	r3, r3, #30
20000a64:	d136      	bne.n	20000ad4 <prepare_ep_buffer+0xcc>
20000a66:	1c6b      	adds	r3, r5, #1
20000a68:	1af3      	subs	r3, r6, r3
20000a6a:	2b02      	cmp	r3, #2
20000a6c:	d932      	bls.n	20000ad4 <prepare_ep_buffer+0xcc>
20000a6e:	1f23      	subs	r3, r4, #4
20000a70:	089b      	lsrs	r3, r3, #2
20000a72:	3301      	adds	r3, #1
20000a74:	469c      	mov	ip, r3
20000a76:	2700      	movs	r7, #0
20000a78:	2300      	movs	r3, #0
20000a7a:	58e9      	ldr	r1, [r5, r3]
20000a7c:	3701      	adds	r7, #1
20000a7e:	50f1      	str	r1, [r6, r3]
20000a80:	3304      	adds	r3, #4
20000a82:	45bc      	cmp	ip, r7
20000a84:	d8f9      	bhi.n	20000a7a <prepare_ep_buffer+0x72>
20000a86:	4663      	mov	r3, ip
20000a88:	4641      	mov	r1, r8
20000a8a:	009b      	lsls	r3, r3, #2
20000a8c:	18ed      	adds	r5, r5, r3
20000a8e:	18f6      	adds	r6, r6, r3
20000a90:	1acf      	subs	r7, r1, r3
20000a92:	429c      	cmp	r4, r3
20000a94:	d009      	beq.n	20000aaa <prepare_ep_buffer+0xa2>
20000a96:	782b      	ldrb	r3, [r5, #0]
20000a98:	7033      	strb	r3, [r6, #0]
20000a9a:	2f00      	cmp	r7, #0
20000a9c:	d005      	beq.n	20000aaa <prepare_ep_buffer+0xa2>
20000a9e:	786b      	ldrb	r3, [r5, #1]
20000aa0:	7073      	strb	r3, [r6, #1]
20000aa2:	2f01      	cmp	r7, #1
20000aa4:	d001      	beq.n	20000aaa <prepare_ep_buffer+0xa2>
20000aa6:	78ab      	ldrb	r3, [r5, #2]
20000aa8:	70b3      	strb	r3, [r6, #2]
20000aaa:	6915      	ldr	r5, [r2, #16]
20000aac:	8a93      	ldrh	r3, [r2, #20]
20000aae:	192d      	adds	r5, r5, r4
20000ab0:	6115      	str	r5, [r2, #16]
20000ab2:	2280      	movs	r2, #128	@ 0x80
20000ab4:	0212      	lsls	r2, r2, #8
20000ab6:	4310      	orrs	r0, r2
20000ab8:	2b00      	cmp	r3, #0
20000aba:	d102      	bne.n	20000ac2 <prepare_ep_buffer+0xba>
20000abc:	2380      	movs	r3, #128	@ 0x80
20000abe:	01db      	lsls	r3, r3, #7
20000ac0:	4318      	orrs	r0, r3
20000ac2:	4653      	mov	r3, sl
20000ac4:	2b00      	cmp	r3, #0
20000ac6:	d000      	beq.n	20000aca <prepare_ep_buffer+0xc2>
20000ac8:	0400      	lsls	r0, r0, #16
20000aca:	bce0      	pop	{r5, r6, r7}
20000acc:	46ba      	mov	sl, r7
20000ace:	46b1      	mov	r9, r6
20000ad0:	46a8      	mov	r8, r5
20000ad2:	bdf0      	pop	{r4, r5, r6, r7, pc}
20000ad4:	2300      	movs	r3, #0
20000ad6:	5cef      	ldrb	r7, [r5, r3]
20000ad8:	54f7      	strb	r7, [r6, r3]
20000ada:	3301      	adds	r3, #1
20000adc:	429c      	cmp	r4, r3
20000ade:	d1fa      	bne.n	20000ad6 <prepare_ep_buffer+0xce>
20000ae0:	6915      	ldr	r5, [r2, #16]
20000ae2:	8a93      	ldrh	r3, [r2, #20]
20000ae4:	e7e3      	b.n	20000aae <prepare_ep_buffer+0xa6>
20000ae6:	46c0      	nop			@ (mov r8, r8)

20000ae8 <sync_ep_buffer>:
20000ae8:	6883      	ldr	r3, [r0, #8]
20000aea:	b5f0      	push	{r4, r5, r6, r7, lr}
20000aec:	681b      	ldr	r3, [r3, #0]
20000aee:	0005      	movs	r5, r0
20000af0:	2900      	cmp	r1, #0
20000af2:	d000      	beq.n	20000af6 <sync_ep_buffer+0xe>
20000af4:	0c1b      	lsrs	r3, r3, #16
20000af6:	059b      	lsls	r3, r3, #22
20000af8:	0d98      	lsrs	r0, r3, #22
20000afa:	786b      	ldrb	r3, [r5, #1]
20000afc:	2b00      	cmp	r3, #0
20000afe:	d108      	bne.n	20000b12 <sync_ep_buffer+0x2a>
20000b00:	8aeb      	ldrh	r3, [r5, #22]
20000b02:	18c3      	adds	r3, r0, r3
20000b04:	82eb      	strh	r3, [r5, #22]
20000b06:	8b2b      	ldrh	r3, [r5, #24]
20000b08:	4283      	cmp	r3, r0
20000b0a:	d901      	bls.n	20000b10 <sync_ep_buffer+0x28>
20000b0c:	2300      	movs	r3, #0
20000b0e:	82ab      	strh	r3, [r5, #20]
20000b10:	bdf0      	pop	{r4, r5, r6, r7, pc}
20000b12:	68eb      	ldr	r3, [r5, #12]
20000b14:	0189      	lsls	r1, r1, #6
20000b16:	1e46      	subs	r6, r0, #1
20000b18:	46b4      	mov	ip, r6
20000b1a:	692a      	ldr	r2, [r5, #16]
20000b1c:	185c      	adds	r4, r3, r1
20000b1e:	2800      	cmp	r0, #0
20000b20:	d027      	beq.n	20000b72 <sync_ep_buffer+0x8a>
20000b22:	2e06      	cmp	r6, #6
20000b24:	d92b      	bls.n	20000b7e <sync_ep_buffer+0x96>
20000b26:	3101      	adds	r1, #1
20000b28:	185b      	adds	r3, r3, r1
20000b2a:	1ad3      	subs	r3, r2, r3
20000b2c:	2b02      	cmp	r3, #2
20000b2e:	d926      	bls.n	20000b7e <sync_ep_buffer+0x96>
20000b30:	0013      	movs	r3, r2
20000b32:	4323      	orrs	r3, r4
20000b34:	079b      	lsls	r3, r3, #30
20000b36:	d122      	bne.n	20000b7e <sync_ep_buffer+0x96>
20000b38:	2300      	movs	r3, #0
20000b3a:	2100      	movs	r1, #0
20000b3c:	1f06      	subs	r6, r0, #4
20000b3e:	08b6      	lsrs	r6, r6, #2
20000b40:	3601      	adds	r6, #1
20000b42:	58e7      	ldr	r7, [r4, r3]
20000b44:	3101      	adds	r1, #1
20000b46:	50d7      	str	r7, [r2, r3]
20000b48:	3304      	adds	r3, #4
20000b4a:	428e      	cmp	r6, r1
20000b4c:	d8f9      	bhi.n	20000b42 <sync_ep_buffer+0x5a>
20000b4e:	4663      	mov	r3, ip
20000b50:	00b6      	lsls	r6, r6, #2
20000b52:	19a4      	adds	r4, r4, r6
20000b54:	1992      	adds	r2, r2, r6
20000b56:	1b9f      	subs	r7, r3, r6
20000b58:	42b0      	cmp	r0, r6
20000b5a:	d009      	beq.n	20000b70 <sync_ep_buffer+0x88>
20000b5c:	7823      	ldrb	r3, [r4, #0]
20000b5e:	7013      	strb	r3, [r2, #0]
20000b60:	2f00      	cmp	r7, #0
20000b62:	d005      	beq.n	20000b70 <sync_ep_buffer+0x88>
20000b64:	7863      	ldrb	r3, [r4, #1]
20000b66:	7053      	strb	r3, [r2, #1]
20000b68:	2f01      	cmp	r7, #1
20000b6a:	d001      	beq.n	20000b70 <sync_ep_buffer+0x88>
20000b6c:	78a3      	ldrb	r3, [r4, #2]
20000b6e:	7093      	strb	r3, [r2, #2]
20000b70:	692a      	ldr	r2, [r5, #16]
20000b72:	8aeb      	ldrh	r3, [r5, #22]
20000b74:	1812      	adds	r2, r2, r0
20000b76:	18c3      	adds	r3, r0, r3
20000b78:	82eb      	strh	r3, [r5, #22]
20000b7a:	612a      	str	r2, [r5, #16]
20000b7c:	e7c3      	b.n	20000b06 <sync_ep_buffer+0x1e>
20000b7e:	2300      	movs	r3, #0
20000b80:	5ce1      	ldrb	r1, [r4, r3]
20000b82:	54d1      	strb	r1, [r2, r3]
20000b84:	3301      	adds	r3, #1
20000b86:	4298      	cmp	r0, r3
20000b88:	d1fa      	bne.n	20000b80 <sync_ep_buffer+0x98>
20000b8a:	692a      	ldr	r2, [r5, #16]
20000b8c:	e7f1      	b.n	20000b72 <sync_ep_buffer+0x8a>
20000b8e:	46c0      	nop			@ (mov r8, r8)

20000b90 <_hw_endpoint_xfer_sync>:
20000b90:	b510      	push	{r4, lr}
20000b92:	0004      	movs	r4, r0
20000b94:	6883      	ldr	r3, [r0, #8]
20000b96:	2100      	movs	r1, #0
20000b98:	681b      	ldr	r3, [r3, #0]
20000b9a:	f7ff ffa5 	bl	20000ae8 <sync_ep_buffer>
20000b9e:	6863      	ldr	r3, [r4, #4]
20000ba0:	681b      	ldr	r3, [r3, #0]
20000ba2:	005b      	lsls	r3, r3, #1
20000ba4:	d502      	bpl.n	20000bac <_hw_endpoint_xfer_sync+0x1c>
20000ba6:	8b23      	ldrh	r3, [r4, #24]
20000ba8:	4283      	cmp	r3, r0
20000baa:	d000      	beq.n	20000bae <_hw_endpoint_xfer_sync+0x1e>
20000bac:	bd10      	pop	{r4, pc}
20000bae:	2101      	movs	r1, #1
20000bb0:	0020      	movs	r0, r4
20000bb2:	f7ff ff99 	bl	20000ae8 <sync_ep_buffer>
20000bb6:	e7f9      	b.n	20000bac <_hw_endpoint_xfer_sync+0x1c>

20000bb8 <e15_is_bulkin_ep>:
20000bb8:	4a08      	ldr	r2, [pc, #32]	@ (20000bdc <e15_is_bulkin_ep+0x24>)
20000bba:	0003      	movs	r3, r0
20000bbc:	6c12      	ldr	r2, [r2, #64]	@ 0x40
20000bbe:	2000      	movs	r0, #0
20000bc0:	0792      	lsls	r2, r2, #30
20000bc2:	d403      	bmi.n	20000bcc <e15_is_bulkin_ep+0x14>
20000bc4:	789a      	ldrb	r2, [r3, #2]
20000bc6:	09d2      	lsrs	r2, r2, #7
20000bc8:	2a01      	cmp	r2, #1
20000bca:	d000      	beq.n	20000bce <e15_is_bulkin_ep+0x16>
20000bcc:	4770      	bx	lr
20000bce:	7ed8      	ldrb	r0, [r3, #27]
20000bd0:	3802      	subs	r0, #2
20000bd2:	4243      	negs	r3, r0
20000bd4:	4158      	adcs	r0, r3
20000bd6:	b2c0      	uxtb	r0, r0
20000bd8:	e7f8      	b.n	20000bcc <e15_is_bulkin_ep+0x14>
20000bda:	46c0      	nop			@ (mov r8, r8)
20000bdc:	50110000 	.word	0x50110000

20000be0 <e15_is_critical_frame_period>:
20000be0:	b510      	push	{r4, lr}
20000be2:	f7ff ffe9 	bl	20000bb8 <e15_is_bulkin_ep>
20000be6:	2800      	cmp	r0, #0
20000be8:	d00c      	beq.n	20000c04 <e15_is_critical_frame_period+0x24>
20000bea:	4907      	ldr	r1, [pc, #28]	@ (20000c08 <e15_is_critical_frame_period+0x28>)
20000bec:	4b07      	ldr	r3, [pc, #28]	@ (20000c0c <e15_is_critical_frame_period+0x2c>)
20000bee:	468c      	mov	ip, r1
20000bf0:	4a07      	ldr	r2, [pc, #28]	@ (20000c10 <e15_is_critical_frame_period+0x30>)
20000bf2:	6a9b      	ldr	r3, [r3, #40]	@ 0x28
20000bf4:	6812      	ldr	r2, [r2, #0]
20000bf6:	4463      	add	r3, ip
20000bf8:	1a9b      	subs	r3, r3, r2
20000bfa:	2000      	movs	r0, #0
20000bfc:	22c6      	movs	r2, #198	@ 0xc6
20000bfe:	429a      	cmp	r2, r3
20000c00:	4140      	adcs	r0, r0
20000c02:	b2c0      	uxtb	r0, r0
20000c04:	bd10      	pop	{r4, pc}
20000c06:	46c0      	nop			@ (mov r8, r8)
20000c08:	fffffce0 	.word	0xfffffce0
20000c0c:	40054000 	.word	0x40054000
20000c10:	20001bec 	.word	0x20001bec

20000c14 <hw_endpoint_reset_transfer>:
20000c14:	2300      	movs	r3, #0
20000c16:	7683      	strb	r3, [r0, #26]
20000c18:	6143      	str	r3, [r0, #20]
20000c1a:	6103      	str	r3, [r0, #16]
20000c1c:	4770      	bx	lr
20000c1e:	46c0      	nop			@ (mov r8, r8)

20000c20 <_hw_endpoint_buffer_control_update32>:
20000c20:	b510      	push	{r4, lr}
20000c22:	6883      	ldr	r3, [r0, #8]
20000c24:	2900      	cmp	r1, #0
20000c26:	d001      	beq.n	20000c2c <_hw_endpoint_buffer_control_update32+0xc>
20000c28:	681c      	ldr	r4, [r3, #0]
20000c2a:	4021      	ands	r1, r4
20000c2c:	2a00      	cmp	r2, #0
20000c2e:	d012      	beq.n	20000c56 <_hw_endpoint_buffer_control_update32+0x36>
20000c30:	2480      	movs	r4, #128	@ 0x80
20000c32:	00e4      	lsls	r4, r4, #3
20000c34:	4311      	orrs	r1, r2
20000c36:	4222      	tst	r2, r4
20000c38:	d00d      	beq.n	20000c56 <_hw_endpoint_buffer_control_update32+0x36>
20000c3a:	681a      	ldr	r2, [r3, #0]
20000c3c:	4222      	tst	r2, r4
20000c3e:	d10c      	bne.n	20000c5a <_hw_endpoint_buffer_control_update32+0x3a>
20000c40:	4a08      	ldr	r2, [pc, #32]	@ (20000c64 <_hw_endpoint_buffer_control_update32+0x44>)
20000c42:	400a      	ands	r2, r1
20000c44:	601a      	str	r2, [r3, #0]
20000c46:	4a08      	ldr	r2, [pc, #32]	@ (20000c68 <_hw_endpoint_buffer_control_update32+0x48>)
20000c48:	6c12      	ldr	r2, [r2, #64]	@ 0x40
20000c4a:	0792      	lsls	r2, r2, #30
20000c4c:	d403      	bmi.n	20000c56 <_hw_endpoint_buffer_control_update32+0x36>
20000c4e:	230c      	movs	r3, #12
20000c50:	3b03      	subs	r3, #3
20000c52:	d2fd      	bcs.n	20000c50 <_hw_endpoint_buffer_control_update32+0x30>
20000c54:	6883      	ldr	r3, [r0, #8]
20000c56:	6019      	str	r1, [r3, #0]
20000c58:	bd10      	pop	{r4, pc}
20000c5a:	7881      	ldrb	r1, [r0, #2]
20000c5c:	4803      	ldr	r0, [pc, #12]	@ (20000c6c <_hw_endpoint_buffer_control_update32+0x4c>)
20000c5e:	f000 f983 	bl	20000f68 <__panic_veneer>
20000c62:	46c0      	nop			@ (mov r8, r8)
20000c64:	fffffbff 	.word	0xfffffbff
20000c68:	50110000 	.word	0x50110000
20000c6c:	100079ec 	.word	0x100079ec

20000c70 <hw_endpoint_start_next_buffer>:
20000c70:	6843      	ldr	r3, [r0, #4]
20000c72:	b570      	push	{r4, r5, r6, lr}
20000c74:	2100      	movs	r1, #0
20000c76:	2580      	movs	r5, #128	@ 0x80
20000c78:	681e      	ldr	r6, [r3, #0]
20000c7a:	0004      	movs	r4, r0
20000c7c:	f7ff fec4 	bl	20000a08 <prepare_ep_buffer>
20000c80:	4b13      	ldr	r3, [pc, #76]	@ (20000cd0 <hw_endpoint_start_next_buffer+0x60>)
20000c82:	016d      	lsls	r5, r5, #5
20000c84:	6c1b      	ldr	r3, [r3, #64]	@ 0x40
20000c86:	4305      	orrs	r5, r0
20000c88:	079b      	lsls	r3, r3, #30
20000c8a:	d50f      	bpl.n	20000cac <hw_endpoint_start_next_buffer+0x3c>
20000c8c:	78a3      	ldrb	r3, [r4, #2]
20000c8e:	065b      	lsls	r3, r3, #25
20000c90:	d00f      	beq.n	20000cb2 <hw_endpoint_start_next_buffer+0x42>
20000c92:	4b10      	ldr	r3, [pc, #64]	@ (20000cd4 <hw_endpoint_start_next_buffer+0x64>)
20000c94:	401e      	ands	r6, r3
20000c96:	2380      	movs	r3, #128	@ 0x80
20000c98:	059b      	lsls	r3, r3, #22
20000c9a:	4333      	orrs	r3, r6
20000c9c:	6862      	ldr	r2, [r4, #4]
20000c9e:	2100      	movs	r1, #0
20000ca0:	6013      	str	r3, [r2, #0]
20000ca2:	0020      	movs	r0, r4
20000ca4:	002a      	movs	r2, r5
20000ca6:	f7ff ffbb 	bl	20000c20 <_hw_endpoint_buffer_control_update32>
20000caa:	bd70      	pop	{r4, r5, r6, pc}
20000cac:	78a3      	ldrb	r3, [r4, #2]
20000cae:	09db      	lsrs	r3, r3, #7
20000cb0:	d0ef      	beq.n	20000c92 <hw_endpoint_start_next_buffer+0x22>
20000cb2:	8aa3      	ldrh	r3, [r4, #20]
20000cb4:	2b00      	cmp	r3, #0
20000cb6:	d0ec      	beq.n	20000c92 <hw_endpoint_start_next_buffer+0x22>
20000cb8:	2101      	movs	r1, #1
20000cba:	0020      	movs	r0, r4
20000cbc:	f7ff fea4 	bl	20000a08 <prepare_ep_buffer>
20000cc0:	23a0      	movs	r3, #160	@ 0xa0
20000cc2:	4a05      	ldr	r2, [pc, #20]	@ (20000cd8 <hw_endpoint_start_next_buffer+0x68>)
20000cc4:	05db      	lsls	r3, r3, #23
20000cc6:	4032      	ands	r2, r6
20000cc8:	4305      	orrs	r5, r0
20000cca:	4313      	orrs	r3, r2
20000ccc:	e7e6      	b.n	20000c9c <hw_endpoint_start_next_buffer+0x2c>
20000cce:	46c0      	nop			@ (mov r8, r8)
20000cd0:	50110000 	.word	0x50110000
20000cd4:	afffffff 	.word	0xafffffff
20000cd8:	dfffffff 	.word	0xdfffffff

20000cdc <hw_endpoint_xfer_continue>:
20000cdc:	b570      	push	{r4, r5, r6, lr}
20000cde:	7e85      	ldrb	r5, [r0, #26]
20000ce0:	0004      	movs	r4, r0
20000ce2:	2d00      	cmp	r5, #0
20000ce4:	d014      	beq.n	20000d10 <hw_endpoint_xfer_continue+0x34>
20000ce6:	f7ff ff53 	bl	20000b90 <_hw_endpoint_xfer_sync>
20000cea:	8aa3      	ldrh	r3, [r4, #20]
20000cec:	2b00      	cmp	r3, #0
20000cee:	d101      	bne.n	20000cf4 <hw_endpoint_xfer_continue+0x18>
20000cf0:	0028      	movs	r0, r5
20000cf2:	bd70      	pop	{r4, r5, r6, pc}
20000cf4:	0020      	movs	r0, r4
20000cf6:	f7ff ff73 	bl	20000be0 <e15_is_critical_frame_period>
20000cfa:	2800      	cmp	r0, #0
20000cfc:	d003      	beq.n	20000d06 <hw_endpoint_xfer_continue+0x2a>
20000cfe:	2301      	movs	r3, #1
20000d00:	2500      	movs	r5, #0
20000d02:	7723      	strb	r3, [r4, #28]
20000d04:	e7f4      	b.n	20000cf0 <hw_endpoint_xfer_continue+0x14>
20000d06:	0020      	movs	r0, r4
20000d08:	f7ff ffb2 	bl	20000c70 <hw_endpoint_start_next_buffer>
20000d0c:	2500      	movs	r5, #0
20000d0e:	e7ef      	b.n	20000cf0 <hw_endpoint_xfer_continue+0x14>
20000d10:	7881      	ldrb	r1, [r0, #2]
20000d12:	4801      	ldr	r0, [pc, #4]	@ (20000d18 <hw_endpoint_xfer_continue+0x3c>)
20000d14:	f000 f928 	bl	20000f68 <__panic_veneer>
20000d18:	10007a0c 	.word	0x10007a0c

20000d1c <dcd_event_handler>:
20000d1c:	b5f0      	push	{r4, r5, r6, r7, lr}
20000d1e:	46ce      	mov	lr, r9
20000d20:	4647      	mov	r7, r8
20000d22:	b580      	push	{r7, lr}
20000d24:	7843      	ldrb	r3, [r0, #1]
20000d26:	0005      	movs	r5, r0
20000d28:	000e      	movs	r6, r1
20000d2a:	b085      	sub	sp, #20
20000d2c:	2b06      	cmp	r3, #6
20000d2e:	d808      	bhi.n	20000d42 <dcd_event_handler+0x26>
20000d30:	4a6c      	ldr	r2, [pc, #432]	@ (20000ee4 <dcd_event_handler+0x1c8>)
20000d32:	009b      	lsls	r3, r3, #2
20000d34:	58d3      	ldr	r3, [r2, r3]
20000d36:	469f      	mov	pc, r3
20000d38:	4a6b      	ldr	r2, [pc, #428]	@ (20000ee8 <dcd_event_handler+0x1cc>)
20000d3a:	7813      	ldrb	r3, [r2, #0]
20000d3c:	3301      	adds	r3, #1
20000d3e:	b2db      	uxtb	r3, r3
20000d40:	7013      	strb	r3, [r2, #0]
20000d42:	4b6a      	ldr	r3, [pc, #424]	@ (20000eec <dcd_event_handler+0x1d0>)
20000d44:	681c      	ldr	r4, [r3, #0]
20000d46:	6962      	ldr	r2, [r4, #20]
20000d48:	f3ef 8110 	mrs	r1, PRIMASK
20000d4c:	b672      	cpsid	i
20000d4e:	6813      	ldr	r3, [r2, #0]
20000d50:	2b00      	cmp	r3, #0
20000d52:	d0fc      	beq.n	20000d4e <dcd_event_handler+0x32>
20000d54:	f3bf 8f5f 	dmb	sy
20000d58:	61a1      	str	r1, [r4, #24]
20000d5a:	0020      	movs	r0, r4
20000d5c:	0029      	movs	r1, r5
20000d5e:	f000 f8db 	bl	20000f18 <__tu_fifo_write_veneer>
20000d62:	6962      	ldr	r2, [r4, #20]
20000d64:	69a3      	ldr	r3, [r4, #24]
20000d66:	f3bf 8f5f 	dmb	sy
20000d6a:	2100      	movs	r1, #0
20000d6c:	6011      	str	r1, [r2, #0]
20000d6e:	f383 8810 	msr	PRIMASK, r3
20000d72:	2800      	cmp	r0, #0
20000d74:	d104      	bne.n	20000d80 <dcd_event_handler+0x64>
20000d76:	b005      	add	sp, #20
20000d78:	bcc0      	pop	{r6, r7}
20000d7a:	46b9      	mov	r9, r7
20000d7c:	46b0      	mov	r8, r6
20000d7e:	bdf0      	pop	{r4, r5, r6, r7, pc}
20000d80:	0032      	movs	r2, r6
20000d82:	7869      	ldrb	r1, [r5, #1]
20000d84:	7828      	ldrb	r0, [r5, #0]
20000d86:	f000 f8cf 	bl	20000f28 <__tud_event_hook_cb_veneer>
20000d8a:	e7f4      	b.n	20000d76 <dcd_event_handler+0x5a>
20000d8c:	2101      	movs	r1, #1
20000d8e:	4b58      	ldr	r3, [pc, #352]	@ (20000ef0 <dcd_event_handler+0x1d4>)
20000d90:	781a      	ldrb	r2, [r3, #0]
20000d92:	438a      	bics	r2, r1
20000d94:	701a      	strb	r2, [r3, #0]
20000d96:	781a      	ldrb	r2, [r3, #0]
20000d98:	3101      	adds	r1, #1
20000d9a:	438a      	bics	r2, r1
20000d9c:	701a      	strb	r2, [r3, #0]
20000d9e:	2200      	movs	r2, #0
20000da0:	705a      	strb	r2, [r3, #1]
20000da2:	781a      	ldrb	r2, [r3, #0]
20000da4:	3102      	adds	r1, #2
20000da6:	438a      	bics	r2, r1
20000da8:	701a      	strb	r2, [r3, #0]
20000daa:	e7ca      	b.n	20000d42 <dcd_event_handler+0x26>
20000dac:	4951      	ldr	r1, [pc, #324]	@ (20000ef4 <dcd_event_handler+0x1d8>)
20000dae:	4f52      	ldr	r7, [pc, #328]	@ (20000ef8 <dcd_event_handler+0x1dc>)
20000db0:	4689      	mov	r9, r1
20000db2:	4952      	ldr	r1, [pc, #328]	@ (20000efc <dcd_event_handler+0x1e0>)
20000db4:	2400      	movs	r4, #0
20000db6:	2300      	movs	r3, #0
20000db8:	4688      	mov	r8, r1
20000dba:	783a      	ldrb	r2, [r7, #0]
20000dbc:	e012      	b.n	20000de4 <dcd_event_handler+0xc8>
20000dbe:	4643      	mov	r3, r8
20000dc0:	681b      	ldr	r3, [r3, #0]
20000dc2:	0161      	lsls	r1, r4, #5
20000dc4:	185b      	adds	r3, r3, r1
20000dc6:	2b00      	cmp	r3, #0
20000dc8:	d006      	beq.n	20000dd8 <dcd_event_handler+0xbc>
20000dca:	69db      	ldr	r3, [r3, #28]
20000dcc:	2b00      	cmp	r3, #0
20000dce:	d003      	beq.n	20000dd8 <dcd_event_handler+0xbc>
20000dd0:	6869      	ldr	r1, [r5, #4]
20000dd2:	7828      	ldrb	r0, [r5, #0]
20000dd4:	4798      	blx	r3
20000dd6:	783a      	ldrb	r2, [r7, #0]
20000dd8:	3401      	adds	r4, #1
20000dda:	b2e4      	uxtb	r4, r4
20000ddc:	1c51      	adds	r1, r2, #1
20000dde:	0023      	movs	r3, r4
20000de0:	42a1      	cmp	r1, r4
20000de2:	db17      	blt.n	20000e14 <dcd_event_handler+0xf8>
20000de4:	42a2      	cmp	r2, r4
20000de6:	d8ea      	bhi.n	20000dbe <dcd_event_handler+0xa2>
20000de8:	1a9b      	subs	r3, r3, r2
20000dea:	015b      	lsls	r3, r3, #5
20000dec:	444b      	add	r3, r9
20000dee:	e7ec      	b.n	20000dca <dcd_event_handler+0xae>
20000df0:	4b3f      	ldr	r3, [pc, #252]	@ (20000ef0 <dcd_event_handler+0x1d4>)
20000df2:	781a      	ldrb	r2, [r3, #0]
20000df4:	07d2      	lsls	r2, r2, #31
20000df6:	d5be      	bpl.n	20000d76 <dcd_event_handler+0x5a>
20000df8:	2104      	movs	r1, #4
20000dfa:	781a      	ldrb	r2, [r3, #0]
20000dfc:	430a      	orrs	r2, r1
20000dfe:	701a      	strb	r2, [r3, #0]
20000e00:	e79f      	b.n	20000d42 <dcd_event_handler+0x26>
20000e02:	4b3b      	ldr	r3, [pc, #236]	@ (20000ef0 <dcd_event_handler+0x1d4>)
20000e04:	781a      	ldrb	r2, [r3, #0]
20000e06:	07d2      	lsls	r2, r2, #31
20000e08:	d5b5      	bpl.n	20000d76 <dcd_event_handler+0x5a>
20000e0a:	2104      	movs	r1, #4
20000e0c:	781a      	ldrb	r2, [r3, #0]
20000e0e:	438a      	bics	r2, r1
20000e10:	701a      	strb	r2, [r3, #0]
20000e12:	e796      	b.n	20000d42 <dcd_event_handler+0x26>
20000e14:	4f36      	ldr	r7, [pc, #216]	@ (20000ef0 <dcd_event_handler+0x1d4>)
20000e16:	783b      	ldrb	r3, [r7, #0]
20000e18:	075b      	lsls	r3, r3, #29
20000e1a:	d52b      	bpl.n	20000e74 <dcd_event_handler+0x158>
20000e1c:	2204      	movs	r2, #4
20000e1e:	783b      	ldrb	r3, [r7, #0]
20000e20:	2100      	movs	r1, #0
20000e22:	4393      	bics	r3, r2
20000e24:	703b      	strb	r3, [r7, #0]
20000e26:	466b      	mov	r3, sp
20000e28:	3206      	adds	r2, #6
20000e2a:	1d98      	adds	r0, r3, #6
20000e2c:	f000 f88c 	bl	20000f48 <____wrap_memset_veneer>
20000e30:	782b      	ldrb	r3, [r5, #0]
20000e32:	ac01      	add	r4, sp, #4
20000e34:	7023      	strb	r3, [r4, #0]
20000e36:	2305      	movs	r3, #5
20000e38:	7063      	strb	r3, [r4, #1]
20000e3a:	4b2c      	ldr	r3, [pc, #176]	@ (20000eec <dcd_event_handler+0x1d0>)
20000e3c:	681b      	ldr	r3, [r3, #0]
20000e3e:	4698      	mov	r8, r3
20000e40:	695a      	ldr	r2, [r3, #20]
20000e42:	f3ef 8110 	mrs	r1, PRIMASK
20000e46:	b672      	cpsid	i
20000e48:	6813      	ldr	r3, [r2, #0]
20000e4a:	2b00      	cmp	r3, #0
20000e4c:	d0fc      	beq.n	20000e48 <dcd_event_handler+0x12c>
20000e4e:	f3bf 8f5f 	dmb	sy
20000e52:	4643      	mov	r3, r8
20000e54:	4640      	mov	r0, r8
20000e56:	6199      	str	r1, [r3, #24]
20000e58:	0021      	movs	r1, r4
20000e5a:	f000 f85d 	bl	20000f18 <__tu_fifo_write_veneer>
20000e5e:	4643      	mov	r3, r8
20000e60:	695a      	ldr	r2, [r3, #20]
20000e62:	699b      	ldr	r3, [r3, #24]
20000e64:	f3bf 8f5f 	dmb	sy
20000e68:	2100      	movs	r1, #0
20000e6a:	6011      	str	r1, [r2, #0]
20000e6c:	f383 8810 	msr	PRIMASK, r3
20000e70:	2800      	cmp	r0, #0
20000e72:	d131      	bne.n	20000ed8 <dcd_event_handler+0x1bc>
20000e74:	78fb      	ldrb	r3, [r7, #3]
20000e76:	07db      	lsls	r3, r3, #31
20000e78:	d400      	bmi.n	20000e7c <dcd_event_handler+0x160>
20000e7a:	e77c      	b.n	20000d76 <dcd_event_handler+0x5a>
20000e7c:	466b      	mov	r3, sp
20000e7e:	220a      	movs	r2, #10
20000e80:	2100      	movs	r1, #0
20000e82:	1d98      	adds	r0, r3, #6
20000e84:	f000 f860 	bl	20000f48 <____wrap_memset_veneer>
20000e88:	782b      	ldrb	r3, [r5, #0]
20000e8a:	ac01      	add	r4, sp, #4
20000e8c:	7023      	strb	r3, [r4, #0]
20000e8e:	2303      	movs	r3, #3
20000e90:	7063      	strb	r3, [r4, #1]
20000e92:	686b      	ldr	r3, [r5, #4]
20000e94:	6063      	str	r3, [r4, #4]
20000e96:	4b15      	ldr	r3, [pc, #84]	@ (20000eec <dcd_event_handler+0x1d0>)
20000e98:	681d      	ldr	r5, [r3, #0]
20000e9a:	696a      	ldr	r2, [r5, #20]
20000e9c:	f3ef 8110 	mrs	r1, PRIMASK
20000ea0:	b672      	cpsid	i
20000ea2:	6813      	ldr	r3, [r2, #0]
20000ea4:	2b00      	cmp	r3, #0
20000ea6:	d0fc      	beq.n	20000ea2 <dcd_event_handler+0x186>
20000ea8:	f3bf 8f5f 	dmb	sy
20000eac:	61a9      	str	r1, [r5, #24]
20000eae:	0028      	movs	r0, r5
20000eb0:	0021      	movs	r1, r4
20000eb2:	f000 f831 	bl	20000f18 <__tu_fifo_write_veneer>
20000eb6:	696a      	ldr	r2, [r5, #20]
20000eb8:	69ab      	ldr	r3, [r5, #24]
20000eba:	f3bf 8f5f 	dmb	sy
20000ebe:	2100      	movs	r1, #0
20000ec0:	6011      	str	r1, [r2, #0]
20000ec2:	f383 8810 	msr	PRIMASK, r3
20000ec6:	2800      	cmp	r0, #0
20000ec8:	d100      	bne.n	20000ecc <dcd_event_handler+0x1b0>
20000eca:	e754      	b.n	20000d76 <dcd_event_handler+0x5a>
20000ecc:	0032      	movs	r2, r6
20000ece:	7861      	ldrb	r1, [r4, #1]
20000ed0:	7820      	ldrb	r0, [r4, #0]
20000ed2:	f000 f829 	bl	20000f28 <__tud_event_hook_cb_veneer>
20000ed6:	e74e      	b.n	20000d76 <dcd_event_handler+0x5a>
20000ed8:	0032      	movs	r2, r6
20000eda:	7861      	ldrb	r1, [r4, #1]
20000edc:	7820      	ldrb	r0, [r4, #0]
20000ede:	f000 f823 	bl	20000f28 <__tud_event_hook_cb_veneer>
20000ee2:	e7c7      	b.n	20000e74 <dcd_event_handler+0x158>
20000ee4:	10007ca0 	.word	0x10007ca0
20000ee8:	2002253e 	.word	0x2002253e
20000eec:	200016f8 	.word	0x200016f8
20000ef0:	200016a0 	.word	0x200016a0
20000ef4:	10007cbc 	.word	0x10007cbc
20000ef8:	2002253c 	.word	0x2002253c
20000efc:	200014f0 	.word	0x200014f0

20000f00 <__aeabi_idiv0>:
20000f00:	4770      	bx	lr
20000f02:	46c0      	nop			@ (mov r8, r8)
20000f04:	0000      	movs	r0, r0
	...

20000f08 <__xPortLockInternalSpinUnlockWithBestEffortWaitOrTimeout_veneer>:
20000f08:	b401      	push	{r0}
20000f0a:	4802      	ldr	r0, [pc, #8]	@ (20000f14 <__xPortLockInternalSpinUnlockWithBestEffortWaitOrTimeout_veneer+0xc>)
20000f0c:	4684      	mov	ip, r0
20000f0e:	bc01      	pop	{r0}
20000f10:	4760      	bx	ip
20000f12:	bf00      	nop
20000f14:	10005641 	.word	0x10005641

20000f18 <__tu_fifo_write_veneer>:
20000f18:	b401      	push	{r0}
20000f1a:	4802      	ldr	r0, [pc, #8]	@ (20000f24 <__tu_fifo_write_veneer+0xc>)
20000f1c:	4684      	mov	ip, r0
20000f1e:	bc01      	pop	{r0}
20000f20:	4760      	bx	ip
20000f22:	bf00      	nop
20000f24:	10004da1 	.word	0x10004da1

20000f28 <__tud_event_hook_cb_veneer>:
20000f28:	b401      	push	{r0}
20000f2a:	4802      	ldr	r0, [pc, #8]	@ (20000f34 <__tud_event_hook_cb_veneer+0xc>)
20000f2c:	4684      	mov	ip, r0
20000f2e:	bc01      	pop	{r0}
20000f30:	4760      	bx	ip
20000f32:	bf00      	nop
20000f34:	1000331d 	.word	0x1000331d

20000f38 <__vPortLockInternalSpinUnlockWithNotify_veneer>:
20000f38:	b401      	push	{r0}
20000f3a:	4802      	ldr	r0, [pc, #8]	@ (20000f44 <__vPortLockInternalSpinUnlockWithNotify_veneer+0xc>)
20000f3c:	4684      	mov	ip, r0
20000f3e:	bc01      	pop	{r0}
20000f40:	4760      	bx	ip
20000f42:	bf00      	nop
20000f44:	10005575 	.word	0x10005575

20000f48 <____wrap_memset_veneer>:
20000f48:	b401      	push	{r0}
20000f4a:	4802      	ldr	r0, [pc, #8]	@ (20000f54 <____wrap_memset_veneer+0xc>)
20000f4c:	4684      	mov	ip, r0
20000f4e:	bc01      	pop	{r0}
20000f50:	4760      	bx	ip
20000f52:	bf00      	nop
20000f54:	10002525 	.word	0x10002525

20000f58 <__ulPortLockGetCurrentOwnerId_veneer>:
20000f58:	b401      	push	{r0}
20000f5a:	4802      	ldr	r0, [pc, #8]	@ (20000f64 <__ulPortLockGetCurrentOwnerId_veneer+0xc>)
20000f5c:	4684      	mov	ip, r0
20000f5e:	bc01      	pop	{r0}
20000f60:	4760      	bx	ip
20000f62:	bf00      	nop
20000f64:	100054e1 	.word	0x100054e1

20000f68 <__panic_veneer>:
20000f68:	b401      	push	{r0}
20000f6a:	4802      	ldr	r0, [pc, #8]	@ (20000f74 <__panic_veneer+0xc>)
20000f6c:	4684      	mov	ip, r0
20000f6e:	bc01      	pop	{r0}
20000f70:	4760      	bx	ip
20000f72:	bf00      	nop
20000f74:	10000941 	.word	0x10000941

20000f78 <__time_us_64_veneer>:
20000f78:	b401      	push	{r0}
20000f7a:	4802      	ldr	r0, [pc, #8]	@ (20000f84 <__time_us_64_veneer+0xc>)
20000f7c:	4684      	mov	ip, r0
20000f7e:	bc01      	pop	{r0}
20000f80:	4760      	bx	ip
20000f82:	bf00      	nop
20000f84:	10001769 	.word	0x10001769

20000f88 <____wrap___aeabi_lmul_veneer>:
20000f88:	b401      	push	{r0}
20000f8a:	4802      	ldr	r0, [pc, #8]	@ (20000f94 <____wrap___aeabi_lmul_veneer+0xc>)
20000f8c:	4684      	mov	ip, r0
20000f8e:	bc01      	pop	{r0}
20000f90:	4760      	bx	ip
20000f92:	bf00      	nop
20000f94:	10002329 	.word	0x10002329

20000f98 <__rp2040_chip_version_veneer>:
20000f98:	b401      	push	{r0}
20000f9a:	4802      	ldr	r0, [pc, #8]	@ (20000fa4 <__rp2040_chip_version_veneer+0xc>)
20000f9c:	4684      	mov	ip, r0
20000f9e:	bc01      	pop	{r0}
20000fa0:	4760      	bx	ip
20000fa2:	bf00      	nop
20000fa4:	10000935 	.word	0x10000935

20000fa8 <striped_spin_lock_num>:
20000fa8:	00000010                                ....

20000fac <irq_handler_chain_slots>:
20000fac:	00000000 	.word	0x00000000
20000fb0:	00010000 	.word	0x00010000
	...
20000fbc:	00020000 	.word	0x00020000
	...
20000fc8:	00030000 	.word	0x00030000
	...
20000fd4:	00ff0000 	.word	0x00ff0000
20000fd8:	00000000 	.word	0x00000000

20000fdc <irq_handler_chain_first_slot>:
20000fdc:	b501      	push	{r0, lr}
20000fde:	6848      	ldr	r0, [r1, #4]
20000fe0:	3101      	adds	r1, #1
20000fe2:	468e      	mov	lr, r1
20000fe4:	4700      	bx	r0

20000fe6 <irq_handler_chain_remove_tail>:
20000fe6:	4670      	mov	r0, lr
20000fe8:	3809      	subs	r0, #9
20000fea:	4901      	ldr	r1, [pc, #4]	@ (20000ff0 <irq_handler_chain_remove_tail+0xa>)
20000fec:	4788      	blx	r1
20000fee:	bd01      	pop	{r0, pc}
20000ff0:	10000db9 	.word	0x10000db9

20000ff4 <default_alarm_pool>:
	...
20001008:	20001078 00000000                       x.. ....

20001010 <aeabi_bits_funcs>:
20001010:	00003350 	.word	0x00003350
20001014:	0000334c 	.word	0x0000334c
20001018:	00003354 	.word	0x00003354
2000101c:	00003352 	.word	0x00003352

20001020 <aeabi_bits_funcs_end>:
20001020:	0000534d 	.word	0x0000534d
20001024:	0000434d 	.word	0x0000434d
20001028:	00003453 	.word	0x00003453
2000102c:	00003443 	.word	0x00003443

20001030 <stdio_usb>:
20001030:	10002ad9 10002a89 100029f9 10002971     .*...*...)..q)..
20001040:	00000000 00000100                       ........

20001048 <_usbd_qdef>:
20001048:	200016fc 000c0010 00000000 00000000     ... ............
	...

20001064 <_usbd_rhport>:
20001064:	                                         .

20001065 <ucPrimaryCoreNum>:
20001065:	                                         ...

20001068 <malloc_mutex>:
	...

20001070 <print_mutex>:
	...
